date,spy_open,spy_high,spy_low,spy_close,spy_volume,spy_return_1d,spy_gap_pct,spy_range_pct,spy_return_5d,spy_return_20d,qqq_open,qqq_high,qqq_low,qqq_close,qqq_volume,qqq_return_1d,qqq_gap_pct,qqq_range_pct,qqq_return_5d,qqq_return_20d,dia_open,dia_high,dia_low,dia_close,dia_volume,dia_return_1d,dia_gap_pct,dia_range_pct,dia_return_5d,dia_return_20d,vix_close,vix_pct_chg,market_direction
2020-01-02,295.67275187158805,296.906478796011,294.7497366062965,296.88818359375,59151200,,,,,,206.62141055085482,208.31756591796875,206.21665021239065,208.31756591796875,30969400,,,,,,255.55306264444502,257.506916248446,255.29432583668017,257.49798583984375,3865500,,,,,,12.470000267028809,,0
2020-01-03,293.4977411082979,295.7641429457349,293.4429112798059,294.64007568359375,77709700,-0.76,-1.1400000000000001,0.7799999999999999,,,205.56129993102786,207.65256874525338,205.54202143036022,206.40936279296875,27518900,-0.9199999999999999,-1.32,1.01,,,254.57180001974643,256.1509312141411,254.42904954383803,255.44613647460938,3296700,-0.8,-1.1400000000000001,0.67,,,14.020000457763672,12.43,-1
2020-01-06,292.8854545477704,295.8464049037738,292.76664728278183,295.76416015625,55653900,0.38,-0.6,1.05,,,204.79034030016408,207.7682292486953,204.53977858942946,207.73931884765625,21655300,0.64,-0.7799999999999999,1.5599999999999998,,,253.6348823518324,256.0794181422313,253.51889595707277,256.0348205566406,1645100,0.22999999999999998,-0.7100000000000001,1.0,,,13.850000381469727,-1.21,1
2020-01-07,295.19752718117184,295.67275622250656,294.4847115081981,294.9325256347656,40496400,-0.27999999999999997,-0.19,0.4,,,207.81639787879146,208.2982574560197,207.05506621705322,207.71038818359375,22139300,-0.01,0.04,0.6,,,255.42823235232416,255.86541411908644,254.78586893305393,254.92861938476562,1413000,-0.43,-0.24,0.42,,,13.789999961853027,-0.43,-1
2020-01-08,295.12438459091834,297.71976504897265,294.8776503960096,296.50433349609375,68296000,0.53,0.06999999999999999,0.96,,,207.68149088105508,210.22570902104238,207.35382987712364,209.27162170410156,26397300,0.75,-0.01,1.38,,,254.55384505015712,257.54261875231947,254.33970582496053,256.4095458984375,3136700,0.58,-0.15,1.26,,,13.449999809265137,-2.4699999999999998,1
2020-01-09,298.06710630868724,298.58801761539866,297.4822175666189,298.514892578125,48473300,0.6799999999999999,0.53,0.37,0.5499999999999999,,210.99667194156035,211.4496211160876,209.81130151076144,211.04486083984375,23547000,0.8500000000000001,0.8200000000000001,0.7799999999999999,1.31,,257.7925203513434,258.5865374562901,257.32857454781526,258.33673095703125,1783100,0.75,0.54,0.49,0.33,,12.539999961853027,-6.77,1
2020-01-10,299.09974925042434,299.2550911321721,297.1897692196359,297.65582275390625,53029300,-0.29,0.2,0.69,1.02,,211.8736822590969,211.89294605629414,210.1293380702935,210.50518798828125,21898500,-0.26,0.38999999999999996,0.84,1.9800000000000002,,258.69362171959904,258.76501057109977,256.80222555787003,257.1590881347656,2989600,-0.45999999999999996,0.13999999999999999,0.76,0.67,,12.5600004196167,0.16,-1
2020-01-13,298.27721930830376,299.711970052035,297.8477004784038,299.7028503417969,47086800,0.69,0.21,0.63,1.3299999999999998,,211.372525997921,212.9626567363947,211.0352184084569,212.93374633789062,22756900,1.15,0.41000000000000003,0.9199999999999999,2.5,,257.64970730063754,257.90841692236296,257.0698024139685,257.8548889160156,1463300,0.27,0.19,0.33,0.7100000000000001,,12.319999694824219,-1.91,1
2020-01-14,299.264238992548,300.31518120708546,298.6884979136288,299.2459716796875,62832800,-0.15,-0.15,0.54,1.46,,212.82771232476054,213.1842983742143,211.76763018862817,212.0952911376953,24418100,-0.38999999999999996,-0.05,0.67,2.11,,257.7210603507388,259.16637092789034,257.58724033930974,258.0333251953125,2198500,0.06999999999999999,-0.05,0.61,1.22,,12.390000343322754,0.5700000000000001,-1
2020-01-15,299.154656572355,300.68080031652687,299.07241180970817,299.92230224609375,72056600,0.22999999999999998,-0.03,0.54,1.15,,212.21097827250065,213.17469753323425,211.48818882695045,212.18206787109375,25742100,0.04,0.05,0.8,1.39,,257.84599965517623,259.835520861181,257.7924716459387,259.04150390625,2195100,0.38999999999999996,-0.06999999999999999,0.79,1.03,,12.420000076293945,0.24,1
2020-01-16,301.30219453828755,302.4171142578125,301.0737276112458,302.4171142578125,54050300,0.83,0.45999999999999996,0.44999999999999996,1.31,,213.2422095499891,214.25411792648717,212.78926022627272,214.21556091308594,18805000,0.96,0.5,0.69,1.5,,260.18363430109514,261.379139260479,260.0408837829315,261.34344482421875,2522000,0.89,0.44,0.52,1.16,,12.319999694824219,-0.8099999999999999,1
2020-01-17,303.1299315092865,303.56857016247767,302.3531383755547,303.3583984375,95846000,0.31,0.24,0.4,1.92,,215.17921119193375,215.44905137821644,214.0612934457984,215.2755889892578,24325200,0.49,0.44999999999999996,0.65,2.27,,261.993136624082,262.0734664950659,261.3415630350914,261.7699890136719,2147400,0.16,0.25,0.27999999999999997,1.79,,12.100000381469727,-1.79,1
2020-01-21,302.398801777143,303.56855126120206,302.3257046358388,302.76434326171875,77742400,-0.2,-0.32,0.41000000000000003,1.02,,214.67809161639136,215.71891015540382,214.58172851594986,215.17922973632812,21146300,-0.04,-0.27999999999999997,0.53,1.05,,261.0290522336315,261.7788246523458,260.07397428467743,260.48455810546875,4476900,-0.49,-0.27999999999999997,0.65,1.02,,12.850000381469727,6.2,-1
2020-01-22,303.62331742525095,304.2721834050225,302.64550043407195,302.80084228515625,48914900,0.01,0.27999999999999997,0.54,1.1900000000000002,,216.26823460908247,216.98137742359447,215.4779777868317,215.74781799316406,20736400,0.26,0.51,0.7000000000000001,1.72,,261.0826558272668,261.5914388223028,260.26146078757574,260.4667663574219,2077000,-0.01,0.22999999999999998,0.51,0.9400000000000001,,12.90999984741211,0.47000000000000003,1
2020-01-23,302.1520504997015,303.55941441938006,301.0371309067921,303.1481628417969,51963000,0.11,-0.21,0.83,1.08,,215.62252845177574,216.538058705518,214.6202522983752,216.44168090820312,26496100,0.32,-0.06,0.89,2.01,,259.52070642318904,260.5114688739436,258.494232722766,260.2258605957031,1872600,-0.09,-0.36,0.77,0.45999999999999996,,12.979999542236328,0.54,1
2020-01-24,303.80614634423307,303.88839108132504,299.1636833310754,300.4522399902344,87578400,-0.89,0.22,1.5599999999999998,-0.65,,217.45359120677085,217.6848890996048,213.62762495578545,214.62025451660156,37436500,-0.84,0.47000000000000003,1.87,0.19,,261.11823046988695,261.3235086926549,257.3693423745223,258.6725158691406,3612500,-0.6,0.33999999999999997,1.52,-1.02,,14.5600004196167,12.17,-1
2020-01-27,295.2066810180619,297.1166611579254,294.8685544324489,295.6361999511719,84062500,-1.6,-1.7500000000000002,0.75,-2.55,,209.7727574021594,211.32434590904438,209.30052969825945,210.18716430664062,42264400,-2.07,-2.26,0.9400000000000001,-2.36,,254.25430073632117,255.86095205395839,253.3706179959009,254.70950317382812,4129100,-1.53,-1.71,0.96,-2.7,,18.229999542236328,25.21,-1
2020-01-28,297.0617985757093,299.61149697791484,295.72755969424713,298.73419189453125,63834000,1.05,0.48,1.31,-1.3299999999999998,,211.67130459054076,213.907140405245,211.1123456368647,213.41563415527344,26731900,1.54,0.7100000000000001,1.3299999999999998,-0.8200000000000001,,255.47717290719095,257.23557672363444,255.05765441576457,256.4322509765625,2999200,0.6799999999999999,0.3,0.86,-1.5599999999999998,,16.280000686645508,-10.7,1
2020-01-29,300.0958426351734,300.32430953188833,298.2863747731424,298.4874267578125,53888900,-0.08,0.45999999999999996,0.6799999999999999,-1.4200000000000002,,214.6009736810809,214.8419034690497,212.8181020732241,213.76254272460938,28924500,0.16,0.5599999999999999,0.95,-0.9199999999999999,,257.94963800110025,258.20849679105055,256.36082850500094,256.4322509765625,2126300,0.0,0.59,0.72,-1.55,,16.389999389648438,0.6799999999999999,-1
2020-01-30,296.4220989348696,299.66634584075405,295.67274865407313,299.4561462402344,75491800,0.32,-0.69,1.34,-1.22,,212.3844224019062,214.62024309287722,211.7194538624423,214.5238800048828,39568100,0.36,-0.64,1.3599999999999999,-0.89,,254.9863046476994,257.753313021003,254.25437400199485,257.54803466796875,3433200,0.44,-0.5599999999999999,1.3599999999999999,-1.03,,15.489999771118164,-5.489999999999999,1
2020-01-31,298.8347807041798,298.9901505066073,293.104839444491,294.0187072753906,113845600,-1.82,-0.21,1.97,-2.1399999999999997,-0.97,215.42014272091933,215.44905311931274,210.37024902718596,211.12196350097656,52015800,-1.59,0.42,2.37,-1.63,1.35,256.1377289135498,256.3787457505868,251.36236491217943,252.08538818359375,4885700,-2.12,-0.5499999999999999,1.95,-2.55,-2.1,18.84000015258789,21.63,-1
2020-02-03,295.4990298946987,298.06699506215597,295.3802226702437,296.20269775390625,69083000,0.74,0.5,0.91,0.19,0.53,212.15310793816053,214.8033352864276,212.00855596487472,214.3118438720703,25408600,1.51,0.49,1.32,1.96,3.83,253.2188329501942,255.51279554919884,253.04923868865333,253.47769165039062,3157400,0.5499999999999999,0.44999999999999996,0.98,-0.48,-0.77,17.969999313354492,-4.62,1
2020-02-04,299.81259553758144,301.5855011806518,299.4927362514343,300.7173156738281,62573200,1.52,1.22,0.7100000000000001,0.66,1.67,217.2415815498947,219.5930587642607,216.49951364417046,219.2172088623047,30691200,2.29,1.37,1.44,2.7199999999999998,5.53,256.78033793900363,257.9585635209851,256.54828301384293,257.1016845703125,3004100,1.43,1.3,0.5599999999999999,0.26,0.42,16.049999237060547,-10.68,1
2020-02-05,303.6507628947107,304.4001409842499,302.1885971158361,304.18994140625,65951100,1.15,0.98,0.74,1.91,3.1399999999999997,221.85780899071764,221.8963512893884,218.61971181040437,219.94000244140625,38534800,0.33,1.2,1.49,2.8899999999999997,5.89,259.5296343902358,261.5647397339111,258.8066382312789,261.404052734375,3305900,1.67,0.9400000000000001,1.0699999999999998,1.94,2.54,15.149999618530273,-5.609999999999999,1
2020-02-06,305.1494930421346,305.4053748205114,304.1350856388759,305.2134704589844,50359700,0.33999999999999997,0.32,0.42,1.92,2.94,220.48933091752124,221.89636755776917,219.70872064180955,221.8385467529297,22467100,0.86,0.25,0.9900000000000001,3.4099999999999997,6.01,262.4394689471387,262.5466026966284,261.03812245781916,262.1895446777344,2857200,0.3,0.4,0.58,1.7999999999999998,2.25,14.960000038146973,-1.25,1
2020-02-07,304.1535076731091,305.2227174507982,303.0385877690276,303.5869140625,64139400,-0.53,-0.35000000000000003,0.72,3.25,1.7000000000000002,220.84594865978485,222.07950835685133,220.24843261216185,220.88449096679688,25884900,-0.43,-0.44999999999999996,0.83,4.62,4.66,261.31485657318115,261.35947521136364,259.4404106945165,259.9134826660156,3839300,-0.8699999999999999,-0.33,0.73,3.11,0.61,15.470000267028809,3.4099999999999997,-1
2020-02-10,302.7003838721832,305.91718787642037,302.66382135820703,305.85321044921875,42070000,0.75,-0.29,1.0699999999999998,3.26,2.75,220.15204233655396,223.5636022361811,220.09422153057227,223.55397033691406,21478900,1.21,-0.33,1.5699999999999998,4.31,6.2,259.02966064639065,261.4931908253716,258.9939494149015,261.4842834472656,2877700,0.6,-0.33999999999999997,0.96,3.16,1.68,15.039999961853027,-2.78,1
2020-02-11,307.2058067510786,307.99171968195316,305.85327235048885,306.3833312988281,54864500,0.16999999999999998,0.44,0.7000000000000001,1.8800000000000001,2.23,224.78750060753012,225.52956849976428,223.0046142276032,223.5924835205078,30198000,0.02,0.5499999999999999,1.13,2.0,5.01,262.7339890794583,262.7964769448409,260.88632041821006,261.4754333496094,1994500,-0.0,0.48,0.73,1.7000000000000002,1.4000000000000001,15.180000305175781,0.9299999999999999,1
2020-02-12,307.81806277084456,308.5674410211826,307.4525212476893,308.3572692871094,43992700,0.64,0.47000000000000003,0.36,1.37,3.04,224.91276788557118,225.87648698395114,224.35380904388845,225.77047729492188,24471300,0.97,0.59,0.6799999999999999,2.65,6.45,262.9838974207209,264.09070073061895,262.8946329383785,263.9568176269531,2804400,0.95,0.58,0.45999999999999996,0.98,2.3,13.739999771118164,-9.49,1
2020-02-13,306.9315460120865,308.99689562686603,306.6573968990736,308.0281982421875,54501900,-0.11,-0.45999999999999996,0.76,0.9199999999999999,2.7,224.19962079400128,226.4065311607429,223.92978061043078,225.4813690185547,22773200,-0.13,-0.7000000000000001,1.0999999999999999,1.6400000000000001,6.2700000000000005,262.7697265636347,264.06396642606643,262.3502079451237,263.1535339355469,2638000,-0.3,-0.44999999999999996,0.65,0.37,1.59,14.149999618530273,2.98,-1
2020-02-14,308.43954479154826,308.6405968326844,307.24238014765734,308.52178955078125,64582200,0.16,0.13,0.44999999999999996,1.63,2.02,225.83795649082847,226.3390945982549,225.07662478403583,226.1270751953125,23438500,0.29,0.16,0.5599999999999999,2.37,5.56,263.28731063473845,263.43012832370397,261.885937598973,262.90350341796875,1861700,-0.1,0.05,0.59,1.15,0.6,13.680000305175781,-3.32,1
2020-02-18,307.52554106527845,308.5856306420383,306.3374966602275,307.7265930175781,57226200,-0.26,-0.32,0.73,0.61,1.44,225.02840528327374,226.63781438299003,224.78747551316317,226.21377563476562,24394500,0.04,-0.49,0.8200000000000001,1.1900000000000002,5.08,261.6627851253344,262.31438571149084,260.42209903789376,261.4842834472656,2397800,-0.54,-0.47000000000000003,0.72,0.0,-0.11,14.829999923706055,8.41,-1
2020-02-19,308.69532102540853,309.8741900599959,308.41202432199384,309.19793701171875,48814700,0.48,0.31,0.48,0.9199999999999999,2.12,227.5630343389917,228.85441462251333,227.2931941216943,228.38218688964844,22230500,0.96,0.6,0.69,2.1399999999999997,6.140000000000001,262.21632463003823,263.06429657611,261.87716309131224,262.5108947753906,1474400,0.38999999999999996,0.27999999999999997,0.44999999999999996,0.4,0.7799999999999999,14.380000114440918,-3.0300000000000002,1
2020-02-20,308.6496697818951,309.4721730276708,304.9393691304808,307.927734375,74163400,-0.41000000000000003,-0.18,1.47,-0.13999999999999999,1.69,227.8810493166871,228.3532623150544,223.4672136002903,226.26199340820312,42604000,-0.9299999999999999,-0.22,2.1399999999999997,0.22,4.87,262.02883049270713,262.6804312781861,259.00296326084555,261.3326110839844,3493900,-0.44999999999999996,-0.18,1.4000000000000001,-0.9900000000000001,0.33,15.5600004196167,8.21,-1
2020-02-21,306.57524088234,306.885952596677,303.934149476926,304.75665283203125,113788200,-1.03,-0.44,0.96,-1.06,0.53,225.13443741684185,225.51991920537787,221.0000886198206,221.91561889648438,66017200,-1.92,-0.5,2.0,-1.58,2.53,260.28004788897226,260.5038099752987,258.445209706979,259.331298828125,3271800,-0.77,-0.4,0.79,-1.4500000000000002,-0.33999999999999997,17.079999923706055,9.77,-1
2020-02-24,295.3072473908234,304.8297340268577,293.5708763000979,294.6492614746094,161088400,-3.32,-3.1,3.6900000000000004,-4.5,-1.9300000000000002,213.63726017708728,216.11402552137415,212.26878070986876,213.3577880859375,84522600,-3.8600000000000003,-3.73,1.73,-5.65,-0.59,250.90887339018397,253.10175261147248,249.69162083522144,250.21969604492188,6595200,-3.51,-3.25,1.31,-4.82,-3.27,25.030000686645508,46.550000000000004,-1
2020-02-25,296.0383078861717,296.6505836333486,284.8434284508616,285.7207336425781,218913200,-3.0300000000000002,0.47000000000000003,4.01,-7.1499999999999995,-3.35,215.15034170917147,215.86349931150477,206.94909545569362,207.5562286376953,97743000,-2.7199999999999998,0.84,4.18,-8.25,-1.25,251.3295154553071,251.8307402458199,241.5556047256054,242.28955078125,9903700,-3.17,0.44,4.109999999999999,-7.340000000000001,-4.88,27.850000381469727,11.27,-1
2020-02-26,287.1188970838777,290.71038982346295,283.938655892988,284.66973876953125,194773800,-0.37,0.49,2.37,-7.93,-4.71,208.84758151750964,212.28805120420077,207.10323751993317,208.62591552734375,79537700,0.52,0.62,2.5,-8.649999999999999,-2.2399999999999998,243.4441717303741,246.41573856078116,240.61581590182223,241.43031311035156,7477600,-0.35000000000000003,0.48,2.39,-8.03,-5.8500000000000005,27.559999465942383,-1.04,-1
2020-02-27,279.1500591654127,284.72465849868144,271.88482666015625,271.88482666015625,284353500,-4.49,-1.94,4.51,-11.700000000000001,-8.91,203.24835649531946,208.56809015437068,198.04427913017778,198.17919921875,121822600,-5.01,-2.58,5.04,-12.41,-7.290000000000001,237.0624405839996,239.63125172628324,230.37645710626418,230.4748992919922,11188900,-4.54,-1.81,3.83,-11.81,-10.12,39.15999984741211,42.089999999999996,-1
2020-02-28,263.83356488451,272.2320096468705,260.9457401669116,270.7424011230469,384975800,-0.42,-2.96,4.15,-11.16,-9.59,191.43317187933218,199.65369507438373,190.98022270120686,198.33340454101562,148173700,0.08,-3.4000000000000004,4.38,-10.63,-7.55,224.22747148364925,228.3446848732802,221.07689809962858,227.8434600830078,17541400,-1.1400000000000001,-2.71,3.15,-12.139999999999999,-11.53,40.11000061035156,2.4299999999999997,-1
2020-03-02,272.5244912250123,282.53135414421934,269.0974871963839,282.4673767089844,238703600,4.33,0.66,4.96,-4.130000000000001,-3.93,201.30164921281633,208.71265140411816,198.46831272148094,208.56808471679688,112933900,5.16,1.5,5.17,-2.2399999999999998,-1.21,229.7678405094733,239.20165720118504,227.39596798707072,239.00474548339844,8544500,4.9,0.84,5.18,-4.4799999999999995,-5.19,33.41999816894531,-16.68,1
2020-03-03,282.84206278668677,286.8082453931347,271.9396274475978,274.379638671875,300139100,-2.86,0.13,5.26,-3.9699999999999998,-7.37,209.23312786864022,211.64242646474855,200.08742510394399,201.87994384765625,131953500,-3.2099999999999995,0.32,5.54,-2.73,-5.800000000000001,239.69392436131338,242.57598098648108,230.18851576396656,232.0860137939453,11482600,-2.8899999999999997,0.29,5.18,-4.21,-8.44,36.81999969482422,10.17,-1
2020-03-04,279.7531390923097,286.1319448399597,277.20344073550206,285.91259765625,176613400,4.2,1.96,3.25,0.44,-4.92,205.58051776292479,210.40874403960657,203.70125418988255,210.302734375,73086200,4.17,1.83,3.32,0.8,-4.07,237.59054579347097,242.6564943590968,235.36185729361057,242.45960998535156,5408100,4.47,2.37,3.1399999999999997,0.43,-5.7,31.989999771118164,-13.120000000000001,1
2020-03-05,278.7113812011502,281.9007705498337,274.1694576163429,276.4084167480469,186366800,-3.32,-2.52,2.7,1.66,-9.13,204.97342701822768,208.5102745108435,202.4773979653889,203.913330078125,78705500,-3.04,-2.53,2.87,2.8899999999999997,-7.290000000000001,236.5343394388024,238.55715678190106,232.3186707518382,234.01925659179688,5872900,-3.4799999999999995,-2.44,2.5700000000000003,1.54,-10.48,39.619998931884766,23.849999999999998,-1
2020-03-06,267.9002831419246,273.0453622263488,265.23180535005173,271.83905029296875,228667200,-1.6500000000000001,-3.08,2.83,0.41000000000000003,-10.93,197.24437468074308,201.5618318740608,195.54823445966463,200.47283935546875,89828400,-1.69,-3.27,2.9499999999999997,1.08,-9.629999999999999,227.04688580460538,232.80205309983586,225.9370210683901,231.68324279785156,7372400,-1.0,-2.98,2.93,1.69,-11.64,41.939998626708984,5.86,-1
2020-03-09,251.58774146183126,259.71203788804456,249.8971086973447,250.60992431640625,309417300,-7.8100000000000005,-7.449999999999999,3.61,-11.28,-17.45,186.4603579912484,193.8617279544367,185.1400675961795,186.54710388183594,116424000,-6.950000000000001,-6.99,4.35,-10.56,-15.55,216.15415716987306,221.1395825884922,212.27859652252053,213.66592407226562,10406900,-7.779999999999999,-6.7,3.82,-10.6,-17.79,54.459999084472656,29.849999999999998,-1
2020-03-10,260.1233095601224,263.6690927281698,249.94281022843532,263.5777282714844,276444100,5.17,3.8,5.48,-3.94,-13.819999999999999,193.81355452844903,196.88782090131457,186.6531137567158,196.7047119140625,100599200,5.45,3.9,5.489999999999999,-2.56,-12.01,221.3364937481176,224.24540079737716,212.20700358652752,224.18275451660156,9407100,4.92,3.5900000000000003,5.63,-3.4099999999999997,-14.27,47.29999923706055,-13.15,1
2020-03-11,256.5226750190865,257.6558620446888,247.54848749515548,250.72872924804688,255316300,-4.87,-2.68,3.83,-12.31,-18.17,192.11743316677845,193.4666341981648,185.73760190502446,188.13726806640625,89168800,-4.36,-2.33,3.93,-10.54,-15.86,217.98006524071826,219.20629074522898,209.08329627344173,211.08819580078125,7687200,-5.84,-2.77,4.52,-12.94,-19.27,53.900001525878906,13.950000000000001,-1
2020-03-12,233.95006819438237,243.69189859947164,226.3466842846998,226.73965454101562,392220700,-9.569999999999999,-6.69,6.92,-17.97,-26.47,175.4836493689432,183.85837270417383,170.52050069873366,170.88671875,137820700,-9.17,-6.7299999999999995,7.090000000000001,-16.2,-24.310000000000002,197.358100887565,204.96600953855958,189.59803570243253,189.84864807128906,17322600,-10.059999999999999,-6.5,7.28,-18.87,-28.08,75.47000122070312,40.02,-1
2020-03-13,240.42947267664428,248.0968367944438,227.11442627444234,246.1228790283203,329566100,8.55,6.04,9.25,-9.46,-20.1,180.28295071568397,187.4240985310272,171.66729905352958,185.3617401123047,134882000,8.469999999999999,5.5,9.22,-7.539999999999999,-17.79,201.96761653193556,208.0807972456017,190.90482047109833,207.7496337890625,13676000,9.43,6.38,9.049999999999999,-10.33,-21.05,57.83000183105469,-23.369999999999997,1
2020-03-16,220.4065784730682,234.7725780910604,216.91561153342053,219.19114685058594,297240000,-10.94,-10.45,7.26,-12.540000000000001,-28.95,167.83169852373086,177.97966086952732,163.02274896298735,163.1576690673828,92054400,-11.98,-9.46,8.07,-12.540000000000001,-27.85,184.8275123140738,195.39803274598745,180.36121545337124,181.23837280273438,12407000,-12.76,-11.03,7.24,-15.18,-31.06,82.69000244140625,42.99,-1
2020-03-17,223.93411978479276,234.10548499816915,216.65060754197967,231.02574157714844,262070500,5.4,2.16,7.960000000000001,-12.35,-24.92,169.1038092730566,177.70018277612678,163.62024466987097,175.5318145751953,121257100,7.580000000000001,3.64,8.63,-10.76,-22.400000000000002,185.28393085876942,191.9609967244587,178.42787173427672,191.06594848632812,16128100,5.42,2.23,7.470000000000001,-14.77,-26.93,75.91000366210938,-8.200000000000001,1
2020-03-18,215.9012131690979,226.977283642767,208.38008698094055,219.32821655273438,327597100,-5.06,-6.550000000000001,8.05,-12.520000000000001,-29.07,165.38389062452978,172.71779601535042,160.74840255678637,170.19285583496094,114156300,-3.04,-5.779999999999999,6.819999999999999,-9.54,-25.480000000000004,178.17726048698802,183.8787134308634,169.76379879905315,178.4636688232422,13369800,-6.6000000000000005,-6.75,7.39,-15.459999999999999,-32.019999999999996,76.44999694824219,0.7100000000000001,-1
2020-03-19,218.64284326233184,226.0725919909202,212.21835456333,219.7943115234375,289322000,0.21,-0.31,6.32,-3.06,-28.62,169.31579730171194,176.83280861318147,165.40310042582928,171.21432495117188,120896500,0.6,-0.52,6.72,0.19,-24.33,177.55070037105241,183.46696929633868,172.13566989104788,180.18214416503906,13532100,0.96,-0.51,6.35,-5.09,-31.05,72.0,-5.82,1
2020-03-20,222.94363004147445,224.72696071707477,210.0466734873275,210.32244873046875,347158800,-4.31,1.43,6.68,-14.549999999999999,-30.990000000000002,175.14628604754498,176.23527845393846,163.92859813584687,164.50682067871094,118983900,-3.92,2.3,7.19,-11.25,-25.869999999999997,182.50010973757503,184.29557548369962,171.4669787548987,172.27493286132812,12206000,-4.390000000000001,1.29,7.12,-17.080000000000002,-33.57,66.04000091552734,-8.28,-1
2020-03-23,209.76166880858966,211.13132933151837,200.6335956530935,204.94483947753906,326025200,-2.56,-0.27,4.99,-6.5,-30.44,165.06987281253996,168.24727333840247,159.28488886978528,164.62562561035156,124639800,0.06999999999999999,0.33999999999999997,5.45,0.8999999999999999,-22.84,170.68596339582857,171.64653049109754,163.4771691891677,167.09503173828125,15712300,-3.01,-0.9199999999999999,4.74,-7.8,-33.22,61.59000015258789,-6.74,-1
2020-03-24,215.4885612758454,224.38682507267387,214.91863611227424,223.51353454589844,235494500,9.06,5.140000000000001,4.62,-3.25,-21.77,173.7522221377333,177.53805048949795,171.85930059358782,177.37387084960938,94881800,7.739999999999999,5.54,3.45,1.05,-14.540000000000001,176.19800797424568,186.0192063002684,176.14414620180256,185.5074920654297,14123600,11.020000000000001,5.45,5.91,-2.91,-23.44,61.66999816894531,0.13,1
2020-03-25,225.0946467428511,235.6475485646317,220.38813506232896,226.85958862304688,299430300,1.5,0.7100000000000001,6.83,3.4299999999999997,-20.31,178.10785889502003,183.0236400387477,173.8198243207919,176.0604248046875,88754900,-0.74,0.41000000000000003,5.19,3.45,-15.61,189.03561677277762,197.65384409492287,184.32251921121934,190.37322998046875,17556100,2.62,1.9,7.19,6.67,-21.15,63.95000076293945,3.6999999999999997,1
2020-03-26,229.36913318338085,241.57664463189138,228.93708857476466,240.1058807373047,257632800,5.84,1.11,5.57,9.24,-11.690000000000001,177.57666225101244,186.1237584956269,177.3255665967264,185.33181762695312,79887600,5.27,0.86,5.0,8.25,-6.4799999999999995,192.50080031283056,202.77086374039027,192.12375425391406,202.0526885986328,16071900,6.140000000000001,1.1199999999999999,5.59,12.139999999999999,-12.33,61.0,-4.61,1
2020-03-27,232.8162819931154,239.7473562360883,230.77556488684385,232.95416259765625,224341200,-2.98,-3.04,3.74,10.76,-13.96,180.53194845759674,183.98941773147106,178.33965425296202,178.95774841308594,58845000,-3.44,-2.59,3.05,8.780000000000001,-9.77,195.35570238450276,200.42788897068925,192.62659976058413,194.2245635986328,10545600,-3.8699999999999997,-3.3099999999999996,3.8600000000000003,12.740000000000002,-14.760000000000002,65.54000091552734,7.4399999999999995,-1
2020-03-30,235.05003225521446,241.2365231887897,233.05528002333395,240.51951599121094,171369500,3.25,0.8999999999999999,3.51,17.36,-14.85,180.65745099752874,185.9016047725685,179.96209342805912,185.4669952392578,49356900,3.64,0.95,3.32,12.659999999999998,-11.08,195.13124829553448,200.84083080737386,193.10237661711332,200.28424072265625,7691800,3.1199999999999997,0.47000000000000003,3.9800000000000004,19.86,-16.2,57.08000183105469,-12.91,1
2020-03-31,239.5175140854748,242.0638024214254,235.52801015650786,236.9344482421875,194881100,-1.49,-0.42,2.7199999999999998,6.0,-13.65,185.158052275672,188.56723073565797,182.72429951203569,183.8832244873047,62659300,-0.8500000000000001,-0.16999999999999998,3.15,3.6700000000000004,-8.91,199.25184781050658,201.76550309146566,196.10080973477784,196.8100128173828,8426600,-1.73,-0.52,2.83,6.09,-15.2,53.540000915527344,-6.2,-1
2020-04-01,227.9534996121323,236.85176448420262,224.20299266868236,226.2712860107422,189554600,-4.5,-3.7900000000000005,5.34,-0.26,-20.86,178.44586089247176,181.2369439532486,174.66968535832518,176.07005310058594,53715400,-4.25,-2.96,3.5700000000000003,0.01,-16.28,189.10747262797585,192.81511472605095,186.5220106067355,187.9673614501953,8570300,-4.49,-3.91,3.2,-1.26,-22.470000000000002,57.060001373291016,6.569999999999999,-1
2020-04-02,225.38880648912135,232.27391576246694,224.8372560253544,231.49256896972656,177660400,2.31,-0.38999999999999996,3.29,-3.5900000000000003,-16.25,175.03669109377,183.59343984085174,174.7759282765093,179.64341735839844,56465300,2.03,-0.59,5.01,-3.0700000000000003,-11.899999999999999,187.0066901392167,192.8239940004127,185.99224783950672,192.07888793945312,8231900,2.19,-0.51,3.63,-4.9399999999999995,-17.919999999999998,50.90999984741211,-10.780000000000001,1
2020-04-03,230.50895788891833,232.8622275477319,225.41636693712175,228.14651489257812,135561200,-1.4500000000000002,-0.42,3.2199999999999998,-2.06,-16.07,179.1992040847291,180.6671833428831,175.0850011915056,177.09381103515625,47487600,-1.4200000000000002,-0.25,3.11,-1.04,-11.66,190.9747228662354,192.60860337833,187.34788784674507,189.06256103515625,6664500,-1.5699999999999998,-0.5700000000000001,2.74,-2.6599999999999997,-18.4,46.79999923706055,-8.07,-1
2020-04-06,237.0171961738574,245.43745065637108,228.1281336328922,243.4702606201172,188061200,6.72,3.8899999999999997,7.59,1.23,-2.85,183.96045777832654,190.88504920532145,182.71461695109656,189.75509643554688,64763500,7.1499999999999995,3.88,4.61,2.31,1.72,196.55867576823056,204.60237103701155,195.8135555897823,203.36349487304688,10322500,7.5600000000000005,3.9600000000000004,4.65,1.54,-4.82,45.2400016784668,-3.3300000000000005,1
2020-04-07,252.06522220219827,252.8190070197748,243.49791211907876,243.71852111816406,201427200,0.1,3.53,3.83,2.86,-7.53,195.4434923611342,195.7235748051807,189.2915225925647,189.67782592773438,69904500,-0.04,3.0,3.39,3.15,-3.5700000000000003,211.3801514288344,212.0085615906457,203.29157088722465,203.42623901367188,10857700,0.03,3.94,4.29,3.36,-9.26,46.70000076293945,3.2300000000000004,1
2020-04-08,246.31988737663727,253.71059517797096,243.82875134404637,251.89968872070312,153774500,3.36,1.0699999999999998,4.05,11.33,0.47000000000000003,191.36790980752508,194.2845483290108,189.4556834361989,193.70509338378906,45940400,2.12,0.89,2.55,10.02,2.96,205.70653212816504,211.19168112093917,203.64174355820109,210.3657684326172,7010200,3.4099999999999997,1.1199999999999999,3.71,11.92,-0.33999999999999997,43.349998474121094,-7.17,1
2020-04-09,255.16309407722713,258.4907725349289,253.2235075911454,255.73304748535156,189999200,1.52,1.3,2.09,10.47,12.790000000000001,195.4241755550848,196.26439336276965,192.21780207051773,193.98516845703125,68252600,0.13999999999999999,0.89,2.09,7.9799999999999995,13.52,213.51674634452777,215.6264237109855,211.06593986011083,212.88833618164062,9393200,1.2,1.5,2.17,10.83,12.139999999999999,41.66999816894531,-3.88,1
2020-04-13,254.7586352756574,255.09875018556286,249.49137070961035,253.3981475830078,114839100,-0.91,-0.38,2.19,11.07,2.96,193.15455079877353,196.45749184904983,191.9473348562812,196.08084106445312,42853900,1.08,-0.43,2.33,10.72,5.779999999999999,212.2330736035721,212.48443776166567,207.34043122153184,210.03363037109375,6761900,-1.34,-0.31,2.42,11.09,1.0999999999999999,41.16999816894531,-1.2,-1
2020-04-14,258.2884549436128,261.8918654699185,253.26020343605688,260.87152099609375,134143400,2.9499999999999997,1.9300000000000002,3.4099999999999997,7.1499999999999995,19.02,200.1371542120493,205.2267825454031,199.3548803634854,204.6086883544922,63959600,4.35,2.07,2.9899999999999998,7.829999999999999,25.41,214.2888656270474,215.87785688196945,212.6549986805148,215.16864013671875,5391900,2.44,2.03,1.53,5.800000000000001,18.72,37.7599983215332,-8.28,1
2020-04-15,255.15381785852156,261.0093805310118,253.21420410146158,255.32847595214844,121775000,-2.12,-2.19,2.9899999999999998,4.760000000000001,10.52,201.3443441894699,204.57968952602957,200.03089236387422,202.26182556152344,47036000,-1.15,-1.6,2.22,6.63,15.229999999999999,210.50043247314463,212.3856772745815,208.624173768737,211.03907775878906,6828000,-1.92,-2.17,1.7500000000000002,3.74,10.45,40.84000015258789,8.16,-1
2020-04-16,256.6062535871755,257.4151905782351,253.49003955687044,256.560302734375,131798300,0.48,0.5,1.54,1.8499999999999999,16.98,204.44447688736537,207.03274130393234,202.51293099923157,205.95108032226562,64657400,1.82,1.08,2.23,6.32,21.01,211.59561477058546,211.91879912124904,208.4355915305766,211.27243041992188,6126400,0.11,0.26,1.6500000000000001,0.43,18.38,40.11000061035156,-1.79,1
2020-04-17,262.33311040568213,264.09803815159717,259.5937609848719,263.4913635253906,146684800,2.7,2.25,1.76,3.0300000000000002,19.88,208.77111896982808,209.09947820796617,204.8211114790726,207.92123413085938,62863200,0.96,1.37,2.08,7.180000000000001,21.44,217.01214186898198,217.9642624598555,214.00306909815347,217.75765991210938,5924500,3.0700000000000003,2.7199999999999998,1.87,2.29,20.849999999999998,38.150001525878906,-4.89,1
2020-04-20,259.7867982566206,263.6292486240073,258.62857317015494,258.84918212890625,100109300,-1.76,-1.41,1.9,2.15,23.07,206.05733168430316,208.49108381558787,205.29437748424988,205.45855712890625,38249100,-1.18,-0.8999999999999999,1.54,4.78,24.89,213.9941179251181,216.5720312032873,212.2156143374262,212.55694580078125,7357400,-2.39,-1.73,2.0,1.2,23.380000000000003,43.83000183105469,14.89,-1
2020-04-21,254.38168814110765,255.5858921565235,250.05204085668208,250.98968505859375,126385700,-3.04,-1.73,2.1399999999999997,-3.7900000000000005,22.470000000000002,203.3918451048517,203.93267574775592,196.66040461303584,197.8772735595703,72932800,-3.6900000000000004,-1.01,3.54,-3.29,20.200000000000003,207.78733328204447,209.59276878622097,206.06273510509502,206.79029846191406,6571400,-2.71,-2.2399999999999998,1.66,-3.8899999999999997,23.76,45.40999984741211,3.5999999999999996,-1
2020-04-22,255.87087162422512,258.30685593614993,254.5471616484955,256.560302734375,92951600,2.22,1.94,1.5,0.48,14.790000000000001,201.9431545848085,205.08191705847247,201.1995051955896,203.7491455078125,40089100,2.97,2.0500000000000003,1.96,0.74,14.87,210.5448584959135,212.22455593724428,209.63765219872676,210.87721252441406,4318000,1.9800000000000002,1.82,1.25,-0.08,13.68,41.97999954223633,-7.55,1
2020-04-23,257.83803449166567,261.00942882801934,256.2385632888214,256.5419006347656,104709700,-0.01,0.5,1.8599999999999999,-0.01,13.08,204.541050478425,207.1003576864137,202.90890654063006,203.3145294189453,43278500,-0.21,0.38999999999999996,2.06,-1.28,15.479999999999999,211.54190724583046,214.60487143088946,210.93111810353022,211.14669799804688,6364800,0.13,0.32,1.7399999999999998,-0.06,10.91,41.380001068115234,-1.43,-1
2020-04-24,258.0586753592096,260.78882372538203,256.00875672334155,260.1177673339844,85063200,1.39,0.59,1.8599999999999999,-1.28,8.33,203.74909545375053,206.96512075123792,202.32940821243113,206.52085876464844,34231900,1.58,0.21,2.2800000000000002,-0.67,11.43,212.5300289408878,214.07498438770506,210.36529310244268,213.62586975097656,3568500,1.17,0.66,1.76,-1.9,5.7299999999999995,35.93000030517578,-13.170000000000002,1
2020-04-27,262.09412629154366,264.98973134296574,261.6345055515394,263.8682556152344,77896600,1.44,0.76,1.29,1.94,13.270000000000001,208.79046379039787,209.21540626124602,207.15830508942489,208.18202209472656,36451700,0.8,1.0999999999999999,1.0,1.3299999999999998,16.33,214.78453567153414,217.5421055573874,214.1827238257821,216.76065063476562,3632500,1.47,0.54,1.5699999999999998,1.9800000000000002,11.600000000000001,33.290000915527344,-7.35,1
2020-04-28,267.51767499536015,267.8669912848749,262.35154179491997,262.6549072265625,105270000,-0.45999999999999996,1.38,2.09,4.65,9.2,209.88180785305164,209.88180785305164,203.98093388441305,204.26100158691406,46862800,-1.8800000000000001,0.8200000000000001,2.83,3.2300000000000004,10.13,220.07513401016553,220.20987661532334,215.8983736621843,216.5540771484375,4709900,-0.1,1.53,1.9900000000000002,4.72,8.12,33.56999969482422,0.84,-1
2020-04-29,267.98644290704055,271.0659071925588,266.9568970325676,269.53076171875,118745600,2.62,2.03,1.5599999999999998,5.06,13.76,208.79046793833598,212.44108871183653,207.77640333757992,211.50428771972656,48716400,3.55,2.22,2.2800000000000002,3.81,15.02,220.4973230565098,222.46444740155528,219.3475906576881,221.3686065673828,5015300,2.22,1.82,1.44,4.9799999999999995,12.479999999999999,31.229999542236328,-6.97,1
2020-04-30,268.1518891527446,269.6318823292637,265.28386059929,267.021240234375,122901700,-0.9299999999999999,-0.51,1.6099999999999999,4.08,18.01,212.4217864372169,212.5087024778297,209.91078526594984,211.41738891601562,43359500,-0.04,0.43,1.23,3.9899999999999998,20.080000000000002,219.34759180691324,220.21887532235118,217.29065274530592,218.4673309326172,4928900,-1.31,-0.91,1.32,3.47,16.23,34.150001525878906,9.35,-1
2020-05-01,262.26881020124006,267.1867582133852,258.78487679464763,259.95233154296875,125180000,-2.65,-1.78,3.15,-0.06,12.29,207.1583123352251,209.25403801564116,204.43482535127114,205.45855712890625,48795000,-2.82,-2.01,2.2800000000000002,-0.51,14.37,215.19770433265325,215.87137607910938,212.43115738250032,213.13177490234375,4723500,-2.44,-1.5,1.5699999999999998,-0.22999999999999998,10.96,37.189998626708984,8.9,-1
2020-05-04,258.06784244223917,260.9726488665371,256.58787713450204,260.6693115234375,80873200,0.27999999999999997,-0.72,1.69,-1.21,14.26,204.22235201134313,208.07577660367727,203.8939780125708,207.85365295410156,32841000,1.17,-0.6,2.04,-0.16,17.37,211.27251979817572,213.55401619082087,209.86229321758302,213.25759887695312,3845500,0.06,-0.8699999999999999,1.73,-1.6199999999999999,12.8,35.970001220703125,-3.2800000000000002,1
2020-05-05,263.4914287350549,265.89063587333334,260.7980294956221,263.0777587890625,79569900,0.9199999999999999,1.08,1.95,0.16,8.05,209.9976575714691,212.60524140247904,209.42785510852917,210.2101287841797,37783100,1.13,1.03,1.53,2.91,10.780000000000001,215.59298738263024,217.13794278164863,214.4073181995224,214.4971466064453,3143500,0.58,1.0999999999999999,1.28,-0.95,5.47,33.61000061035156,-6.5600000000000005,1
2020-05-06,264.77830538088773,265.1643710660051,260.8623279708527,261.29437255859375,73632600,-0.6799999999999999,0.65,1.6400000000000001,-3.06,7.21,211.8905910264305,213.47445816235918,210.64475033626272,211.50428771972656,36455200,0.62,0.8,1.35,0.0,11.51,215.88038057806682,216.06002365853138,212.52101248512557,212.75454711914062,3082300,-0.8099999999999999,0.64,1.6500000000000001,-3.8899999999999997,4.590000000000001,34.119998931884766,1.52,-1
2020-05-07,264.51171080796263,266.3777697134358,263.9417856328459,264.4473571777344,75250400,1.21,1.23,0.9299999999999999,-0.96,4.9799999999999995,214.22776794433594,215.1066101500059,212.87567694022064,214.22776794433594,38624800,1.29,1.29,1.05,1.3299999999999998,10.59,214.89234927448328,216.63490233276312,214.27256896084694,214.59593200683594,3411500,0.8699999999999999,1.0,1.11,-1.77,2.01,31.440000534057617,-7.85,1
2020-05-08,267.58192522789057,269.2917284965723,266.45124842032664,268.8229064941406,76452400,1.6500000000000001,1.1900000000000002,1.0699999999999998,3.4099999999999997,5.12,215.89852096982384,217.29888863818735,214.86513695921292,217.16368103027344,31852300,1.37,0.7799999999999999,1.1400000000000001,5.7,11.95,217.6139371955339,218.98822642818985,216.7785771233174,218.8265380859375,3894800,1.97,1.41,1.03,2.67,2.79,27.979999542236328,-11.01,1
2020-05-11,266.8925176860717,270.25694423577727,266.4696745397316,268.8780822753906,79514200,0.02,-0.72,1.41,3.15,6.11,215.84061666021245,220.12863647275321,215.60882583121293,219.10491943359375,35714100,0.89,-0.61,2.08,5.41,11.74,217.08398947764258,219.1139958954203,216.4732003045719,217.8744354248047,2743000,-0.44,-0.8,1.21,2.16,3.73,27.56999969482422,-1.47,1
2020-05-12,270.0639458677684,270.47758767684087,263.3810427599695,263.5189514160156,95870800,-1.9900000000000002,0.44,2.64,0.16999999999999998,1.01,219.70372867783442,220.29285086058465,214.4885450756534,214.51751708984375,41054100,-2.09,0.27,2.65,2.0500000000000003,4.84,218.99722089589758,219.29363812494975,213.7246207966026,213.85037231445312,6433900,-1.8499999999999999,0.52,2.56,-0.3,-0.61,33.040000915527344,19.84,-1
2020-05-13,262.95820745768185,263.9969547866996,256.4315875392969,258.8583984375,144721100,-1.77,-0.21,2.87,-0.9299999999999999,1.38,215.0390149642318,216.92226932530505,209.29266868853594,211.8326416015625,65521200,-1.25,0.24,3.56,0.16,4.73,212.8443231732571,213.329360741828,207.50884138955143,209.1256561279297,7531300,-2.21,-0.47000000000000003,2.7199999999999998,-1.71,-0.91,35.279998779296875,6.78,-1
2020-05-14,256.4224143490226,262.08491700872327,250.94371509495167,261.95623779296875,121977900,1.2,-0.9400000000000001,4.3,-0.9400000000000001,2.1,210.50952738812586,214.27603593227283,208.597301106984,214.23741149902344,51549300,1.1400000000000001,-0.62,2.68,0.0,4.02,206.6645301516692,212.6646932982717,205.06568362669373,212.6557159423828,6964500,1.69,-1.18,3.63,-0.8999999999999999,0.65,32.61000061035156,-7.57,1
2020-05-15,259.56619361268525,263.2063817576998,258.61937607827673,263.1604309082031,111146300,0.45999999999999996,-0.91,1.7500000000000002,-2.11,-0.13,211.29178730188508,215.68605680731994,210.8571924577266,215.62811279296875,55747200,0.65,-1.37,2.25,-0.7100000000000001,3.71,210.7405405448465,213.5214915541757,210.06555163582382,213.2154998779297,4811100,0.26,-0.8999999999999999,1.63,-2.56,-2.09,31.889999389648438,-2.21,1
2020-05-18,269.3837068905075,272.78491161799025,269.06199481206295,271.1762390136719,119703800,3.05,2.36,1.41,0.8500000000000001,4.760000000000001,218.53510368760058,220.8529528914508,217.75282994971428,219.64573669433594,42398100,1.8599999999999999,1.35,1.44,0.25,6.909999999999999,219.1554566127441,222.47640519058913,219.02046428546927,221.3334197998047,5207700,3.81,2.79,1.6199999999999999,1.59,4.130000000000001,29.299999237060547,-8.12,1
2020-05-19,270.57869857253786,272.28847402813193,268.3725249301823,268.3908996582031,95189300,-1.03,-0.22,1.44,1.8499999999999999,6.93,219.9065063931708,221.98292715903048,218.95040056654557,219.0952606201172,36237300,-0.25,0.12,1.38,2.13,10.72,220.90139454578681,221.41439277103342,217.8594534955512,217.99444580078125,4404700,-1.51,-0.2,1.6099999999999999,1.94,5.42,30.530000686645508,4.2,-1
2020-05-20,271.9299425834225,273.814375850398,271.70013227998567,272.9502868652344,85861700,1.7000000000000002,1.32,0.79,5.4399999999999995,6.39,221.64490445534355,223.8275461396017,221.62558486903285,223.47021484375,37417000,2.0,1.16,1.01,5.489999999999999,9.68,220.85639979249098,221.9183896483901,220.2534112548334,221.1533966064453,3280600,1.4500000000000002,1.31,0.76,5.75,4.87,27.989999771118164,-8.32,1
2020-05-21,272.82170318555836,273.6306402253111,269.97204881480235,271.0659484863281,78293900,-0.69,-0.05,1.34,3.4799999999999995,5.66,223.51849683462507,224.1945349611781,220.52459475578544,221.0364532470703,43642900,-1.09,0.02,1.6400000000000001,3.17,8.72,220.99142599570803,222.6384009873324,219.48845196932345,220.51443481445312,3378200,-0.29,-0.06999999999999999,1.4200000000000002,3.6999999999999997,4.44,29.530000686645508,5.5,-1
2020-05-22,270.78095292638466,271.75534659131654,269.5399713937195,271.5806884765625,63958200,0.19,-0.11,0.8200000000000001,3.2,4.41,220.63081626481636,222.0022120157208,219.71333495626004,221.79940795898438,28762400,0.35000000000000003,-0.18,1.04,2.86,7.3999999999999995,220.415426197587,220.58642561972135,218.8494466678532,220.388427734375,2521100,-0.06,-0.04,0.79,3.36,3.17,28.15999984741211,-4.64,1
2020-05-26,277.5466019109484,277.7856136973342,271.59910780063615,274.9267578125,88951400,1.23,2.1999999999999997,2.2800000000000002,1.38,4.19,225.37275308948347,225.57557187225572,220.9591640870647,221.2006072998047,33055300,-0.27,1.6099999999999999,2.08,0.7100000000000001,6.25,225.7523014892142,226.814291247203,224.8883233216259,225.2213134765625,4872300,2.19,2.4299999999999997,0.8699999999999999,1.76,3.9,28.010000228881836,-0.53,1
2020-05-27,277.7212306525081,279.0541420158943,272.8952128963509,279.0173645019531,104817400,1.49,1.02,2.2399999999999998,3.9600000000000004,6.23,220.8625939475203,222.5237244173349,216.27517294069463,222.40782165527344,55665600,0.5499999999999999,-0.15,2.82,1.51,8.88,228.35327697281957,230.20724458004733,225.2933323031972,230.1892547607422,5326100,2.21,1.39,2.18,5.59,6.3,27.6200008392334,-1.39,1
2020-05-28,280.04694364391133,282.06008496206584,277.8315680546583,278.50262451171875,90405200,-0.18,0.37,1.52,2.03,3.3300000000000005,221.26824860465416,225.4790193977128,221.21030458354977,222.11813354492188,42784300,-0.13,-0.51,1.92,-0.61,5.0200000000000005,232.07927043963033,232.14227602010794,228.49733177949133,228.9113311767578,4957600,-0.5599999999999999,0.8200000000000001,1.58,3.51,3.4099999999999997,28.59000015258789,3.51,-1
2020-05-29,278.03375713092686,280.3318607230198,275.28523421175083,279.7435607910156,119090800,0.44999999999999996,-0.16999999999999998,1.81,3.2,4.760000000000001,222.49477300290803,225.604563025848,220.9302108307325,225.37277221679688,50691800,1.47,0.16999999999999998,2.1,1.96,6.6000000000000005,227.93924852217177,229.7842208726407,225.60827648816897,228.8572235107422,5082300,-0.02,-0.42,1.82,3.7800000000000002,4.760000000000001,27.510000228881836,-3.7800000000000002,1
2020-06-01,279.100077323199,281.48090925059915,278.58530436878937,280.87420654296875,55758300,0.4,-0.22999999999999998,1.04,3.42,8.05,224.50358499805844,226.42546372482894,224.05932295984263,226.04881286621094,25776000,0.3,-0.38999999999999996,1.05,1.92,10.02,228.39827473416426,229.99125260494498,227.42628893501092,229.7392578125,2060800,0.38999999999999996,-0.2,1.1199999999999999,4.24,7.79,28.229999542236328,2.62,1
2020-06-02,281.7933607593418,283.24577747287617,280.4604779357207,283.1997985839844,74267200,0.83,0.33,0.9900000000000001,3.01,8.64,226.473750615843,227.6230227529316,224.06897073059386,227.56507873535156,33383400,0.67,0.19,1.5699999999999998,2.88,9.48,230.8912056946875,232.124208562335,230.13523511061953,232.0612030029297,3045800,1.01,0.5,0.8699999999999999,3.04,8.82,26.84000015258789,-4.92,1
2020-06-03,285.18548024177693,287.92483007098406,284.9097190069347,286.96881103515625,92567600,1.3299999999999998,0.7000000000000001,1.06,2.85,9.08,228.17350088204523,229.34209257938343,227.29465873959504,228.5887908935547,37228700,0.44999999999999996,0.27,0.8999999999999999,2.78,8.74,234.31124676770108,237.59618857884016,233.69025453213965,236.84921264648438,5184500,2.06,0.97,1.68,2.8899999999999997,10.42,25.65999984741211,-4.3999999999999995,1
2020-06-04,285.98512499571984,287.7225043821974,284.1190664248825,286.2149353027344,75794400,-0.26,-0.33999999999999997,1.26,2.77,9.54,228.24110337725907,229.6511235103212,225.68179643834645,226.985595703125,38716100,-0.7000000000000001,-0.15,1.7399999999999998,2.19,7.32,236.12914008361778,237.98310761472908,235.24717206253627,236.9931182861328,3937100,0.06,-0.3,1.16,3.53,11.39,25.809999465942383,0.58,-1
2020-06-05,291.6109815909454,295.324696931107,291.5466279553278,293.5505676269531,150524700,2.56,1.8900000000000001,1.32,4.9399999999999995,11.01,228.13488127688794,232.0752365750301,227.56507878851727,231.48611450195312,47365600,1.9800000000000002,0.51,1.9900000000000002,2.71,8.06,243.3559922155793,246.55095614992516,242.80701442779394,244.38198852539062,7866800,3.1199999999999997,2.68,1.58,6.78,13.88,24.520000457763672,-5.0,1
2020-06-08,294.3595573009957,297.2919403590866,293.8172081030423,297.0989074707031,73641200,1.21,0.27999999999999997,1.18,5.779999999999999,10.52,231.3412121495798,233.40796537107323,229.76701249197862,233.2824249267578,32937300,0.7799999999999999,-0.06,1.5699999999999998,3.2,7.42,245.60596422374155,248.7379227174106,245.60596422374155,248.64791870117188,4667600,1.7500000000000002,0.5,1.28,8.23,13.63,25.809999465942383,5.26,1
2020-06-09,294.43300601196165,297.17235545339963,293.5689168610725,294.8834533691406,77479200,-0.75,-0.8999999999999999,1.21,4.130000000000001,9.67,232.4229246660119,235.8224348833329,232.2394254453133,234.97256469726562,35046300,0.72,-0.37,1.54,3.26,7.24,245.91193750202126,247.51390999584495,244.9129671530344,246.03794860839844,4632600,-1.05,-1.0999999999999999,1.05,6.02,12.93,27.56999969482422,6.819999999999999,-1
2020-06-10,295.4626446212481,296.35431008693706,292.52106030785467,293.2380676269531,95000800,-0.5599999999999999,0.2,1.3,2.18,11.28,236.66265002431913,239.33784506016997,236.14112441042232,237.7926025390625,58084400,1.2,0.72,1.3599999999999999,4.03,10.85,245.87588944976676,246.7578570875087,243.00493537735878,243.409912109375,6531200,-1.0699999999999998,-0.06999999999999999,1.53,2.77,13.819999999999999,27.56999969482422,0.0,-1
2020-06-11,286.3069674196292,286.941246338049,275.78166842632197,276.33319091796875,209243600,-5.76,-2.36,3.81,-3.45,6.75,233.87158419849115,235.2526324617041,225.95224885117236,226.01019287109375,72919400,-4.95,-1.6500000000000001,3.91,-0.43,6.69,235.9221851260732,237.15516072536275,226.23833346653691,226.8233184814453,14257800,-6.81,-3.08,4.4799999999999995,-4.29,8.459999999999999,40.790000915527344,47.949999999999996,-1
2020-06-12,283.3469673510181,284.11912678025476,274.48549461766504,279.6424255371094,194678900,1.2,2.54,3.49,-4.74,6.75,230.90662587455597,232.1717859431157,223.80820430878626,227.80650329589844,72034800,0.79,2.17,3.6999999999999997,-1.59,6.329999999999999,233.09615480165118,234.28414179618943,226.28326059664838,231.0621795654297,9817200,1.87,2.77,3.53,-5.45,8.66,36.09000015258789,-11.52,1
2020-06-15,273.95230329940716,283.38372874328377,272.7756754665918,282.2530517578125,135782700,0.9299999999999999,-2.03,3.7900000000000005,-5.0,7.26,224.48426786269115,231.25433096740667,223.54746691806739,230.5782928466797,45307400,1.22,-1.46,3.38,-1.16,6.93,225.257292358219,233.63616620583022,224.18632149287203,232.5111846923828,7421300,0.63,-2.5100000000000002,4.09,-6.49,9.049999999999999,34.400001525878906,-4.68,1
2020-06-16,290.0022973807095,290.14937937635153,282.82302403325144,287.685791015625,137627500,1.92,2.75,2.6,-2.44,6.09,235.4361409431384,236.02526306305504,230.91633037317598,234.53797912597656,48890100,1.72,2.11,2.22,-0.18,6.78,240.37706984327377,240.42208558737735,232.81719883640955,237.4341278076172,9238000,2.12,3.38,3.27,-3.5000000000000004,7.2700000000000005,33.66999816894531,-2.12,1
2020-06-17,288.70609736795177,289.0002612917581,285.75531284673434,286.49072265625,83398900,-0.42,0.35000000000000003,1.13,-2.3,6.74,236.03491798055313,237.09727418720422,234.42207882065676,235.2816162109375,34749300,0.32,0.64,1.1400000000000001,-1.06,7.39,238.14509445804498,238.22611730369036,235.13016570815182,235.6341552734375,3669300,-0.76,0.3,1.3,-3.19,8.09,33.470001220703125,-0.59,-1
2020-06-18,284.97405743157583,287.0791002022098,284.5144366960276,286.6011047363281,80828700,0.04,-0.53,0.8999999999999999,3.7199999999999998,5.0,234.96287066031454,236.16043430184797,234.1902641679954,235.9189910888672,30578600,0.27,-0.13999999999999999,0.84,4.38,5.57,234.03208911859588,236.0300567637832,233.19508225919546,235.3010711669922,3268700,-0.13999999999999999,-0.6799999999999999,1.2,3.74,6.4,32.939998626708984,-1.58,1
2020-06-19,290.06900074453034,290.26288306599963,283.0150766905862,284.9632263183594,135549600,-0.5700000000000001,1.21,2.53,1.9,5.13,238.28515152322632,238.54591434124347,234.1516445508102,235.88038635253906,49422100,-0.02,1.0,1.8599999999999999,3.54,6.72,238.47193072746407,238.69757693544256,232.51486532789147,233.5889434814453,5852600,-0.73,1.35,2.63,1.09,5.93,35.119998931884766,6.619999999999999,-1
2020-06-22,284.36307218217655,287.18832733403883,283.21820564851276,286.79132080078125,74649400,0.64,-0.21,1.39,1.6099999999999999,5.6000000000000005,235.74881154787224,238.83498729885778,235.4585876156787,238.709228515625,24068700,1.2,-0.06,1.43,3.53,7.62,232.75864297761058,235.1956061473107,231.6755298723813,234.96095275878906,2823500,0.59,-0.36,1.51,1.05,6.61,31.770000457763672,-9.54,1
2020-06-23,289.4411072237713,290.3736357062622,287.70532390749855,288.111572265625,68471200,0.45999999999999996,0.9199999999999999,0.9299999999999999,0.15,4.8,240.30550934275024,242.97567274457055,239.7540691320293,240.74085998535156,32767400,0.8500000000000001,0.67,1.35,2.64,8.83,237.22628899873635,237.51512267014073,235.59261314035436,236.02586364746094,2948000,0.44999999999999996,0.96,0.8200000000000001,-0.59,4.8,31.3700008392334,-1.26,1
2020-06-24,286.0711358531049,286.6897503140339,278.92490610868884,280.7622375488281,132813500,-2.55,-0.7100000000000001,2.7,-2.0,0.63,239.98624113416216,241.21490982146324,234.27827785162066,235.77783203125,46032400,-2.06,-0.31,2.88,0.21,6.01,233.96804112496247,234.23880555653324,228.29980948488833,229.82518005371094,5903500,-2.63,-0.8699999999999999,2.52,-2.4699999999999998,-0.16,33.84000015258789,7.870000000000001,-1
2020-06-25,280.18976894126644,284.03988623160495,278.16776915357684,283.7721252441406,89468000,1.0699999999999998,-0.2,2.09,-0.9900000000000001,1.8900000000000001,235.86490879175327,238.322231504084,233.29148174788256,238.02232360839844,36940800,0.95,0.04,2.13,0.89,7.16,228.66080168702928,232.60509236875708,227.5054943874978,232.3614044189453,4312300,1.0999999999999999,-0.51,2.22,-1.25,1.51,32.220001220703125,-4.79,1
2020-06-26,282.67346196626374,282.8858280526824,276.4505185694108,277.03216552734375,127961000,-2.3800000000000003,-0.38999999999999996,2.27,-2.78,-0.97,237.7804926951221,237.95464183493715,231.87902608294397,232.40145874023438,52824600,-2.36,-0.1,2.55,-1.47,3.1199999999999997,230.74582455076313,231.10685300240834,225.37544714151278,225.9892120361328,5331400,-2.74,-0.7000000000000001,2.4699999999999998,-3.25,-1.25,34.72999954223633,7.79,-1
2020-06-29,278.2878684607212,281.2423692160098,275.9981071297797,281.1038818359375,79773300,1.47,0.44999999999999996,1.8900000000000001,-1.9800000000000002,0.08,232.15951301281714,234.94578016149023,229.62479289193507,234.93609619140625,34377800,1.09,-0.1,2.29,-1.58,3.93,227.613877831745,231.17006492192388,226.50370214218668,230.98052978515625,3759000,2.21,0.72,2.06,-1.69,0.54,31.780000686645508,-8.49,1
2020-06-30,280.66986274061657,286.40349236880866,280.51291980961736,284.7046203613281,113394800,1.28,-0.15,2.1,-1.18,0.53,234.86841724587862,240.08298495739132,234.68459893265793,239.5412139892578,38909200,1.96,-0.03,2.3,-0.5,5.26,230.222270488551,233.81453972329106,229.90636035595045,232.74949645996094,3667900,0.77,-0.33,1.69,-1.39,0.3,30.43000030517578,-4.25,1
2020-07-01,285.8218083059018,287.9638397462947,285.3601650563241,286.69891357421875,72396500,0.7000000000000001,0.38999999999999996,0.91,2.11,-0.09,239.57994311482335,243.33366364220402,239.03817206183112,242.33718872070312,34689200,1.17,0.02,1.79,2.78,6.01,233.65215564877516,234.9067619187825,232.09070135365405,232.24412536621094,3575300,-0.22,0.38999999999999996,1.21,1.05,-1.94,28.6200008392334,-5.949999999999999,1
2020-07-02,290.1335885242947,291.4816073233506,287.61303399713563,288.2778015136719,69344200,0.5499999999999999,1.2,1.35,1.59,0.72,244.78481405774463,245.99412957590692,243.5174537566549,243.98182678222656,31956500,0.6799999999999999,1.01,1.02,2.5,7.489999999999999,235.71001050800461,236.6306646150256,232.75856818448236,233.2459716796875,3830000,0.43,1.49,1.67,0.38,-1.58,27.68000030517578,-3.2800000000000002,1
2020-07-06,292.10010781436097,293.3096107192115,291.3522480999561,292.7279357910156,61713800,1.54,1.3299999999999998,0.6799999999999999,5.67,-0.27999999999999997,247.13569921933836,250.50242925527542,247.11634603898577,249.9800262451172,34589000,2.46,1.29,1.39,7.5600000000000005,7.99,236.62159294860274,237.42487895638882,235.45725104841668,237.3797607421875,2989100,1.77,1.4500000000000002,0.84,5.04,-2.87,27.940000534057617,0.9400000000000001,1
2020-07-07,291.1861878161966,293.1620068643434,289.3303723806456,289.70892333984375,82910000,-1.03,-0.53,1.31,3.06,-2.4899999999999998,249.7284963941985,252.38899053317246,247.9580419426525,248.25794982910156,36578200,-0.69,-0.1,1.77,5.67,6.419999999999999,235.66492574018386,236.3418644233452,233.5709221362087,233.80560302734375,2828700,-1.51,-0.72,1.17,1.22,-5.970000000000001,29.43000030517578,5.33,-1
2020-07-08,290.4752073276655,292.0355640626978,288.71175457352604,291.9247741699219,54638600,0.76,0.26,1.15,2.54,-1.0,249.58339474528853,251.55697649421415,248.15155448442556,251.5279541015625,30426300,1.32,0.53,1.37,5.0,7.049999999999999,234.3470288207421,235.7460236347059,233.09242327267313,235.32180786132812,2837800,0.65,0.22999999999999998,1.13,1.11,-4.36,28.079999923706055,-4.590000000000001,1
2020-07-09,292.5341865760372,292.77425016071106,286.8467365020925,290.2629089355469,83354200,-0.5700000000000001,0.21,2.03,1.24,-1.01,253.44355647950528,254.31425790666097,249.24481577691486,253.64671325683594,40312900,0.84,0.76,2.02,4.67,6.67,235.45729547753473,235.74612922807663,230.47503723184792,232.180908203125,3995600,-1.3299999999999998,0.06,2.2399999999999998,-0.03,-4.61,29.260000228881836,4.2,-1
2020-07-10,290.1982140439162,293.49435402565143,288.767131059591,293.2265930175781,57550400,1.02,-0.02,1.63,1.72,6.11,253.50160334106744,255.6300108686425,250.82177027052498,255.3784637451172,32885300,0.6799999999999999,-0.06,1.9,4.67,12.989999999999998,232.14483294017754,235.71906121060104,231.47690142508827,235.4121856689453,3110100,1.39,-0.02,1.83,0.9299999999999999,3.7900000000000005,27.290000915527344,-6.7299999999999995,1
2020-07-13,295.57181728865015,297.95388491153363,290.0320963106647,290.6876220703125,102997500,-0.8699999999999999,0.8,2.7,-0.7000000000000001,3.95,258.2227244787133,261.00899212379306,249.30281214031714,250.12515258789062,64108100,-2.06,1.11,4.58,0.06,9.8,237.43391357427114,240.5568487211467,235.19549374740288,235.61070251464844,4876000,0.08,0.86,2.2800000000000002,-0.75,1.97,32.189998626708984,17.96,-1
2020-07-14,289.26569521963995,295.2301472460135,288.06543384919064,294.45458984375,93657000,1.3,-0.49,2.46,1.6400000000000001,4.32,247.60007796300332,252.30191183374106,244.53325572162672,251.89556884765625,72230500,0.7100000000000001,-1.01,3.11,1.47,9.25,235.159489288012,241.0352985496913,234.76234970862672,240.6201171875,7614300,2.13,-0.19,2.6599999999999997,2.91,3.49,29.520000457763672,-8.290000000000001,1
2020-07-15,297.6768588380392,298.2585339487308,294.777725167758,297.1598205566406,87196500,0.9199999999999999,1.09,1.18,1.79,3.29,253.30804884126624,254.1400732577072,249.10930896917793,252.4083251953125,54523900,0.2,0.5599999999999999,2.0,0.35000000000000003,7.62,244.12214158342144,244.18532913781814,241.0352890731451,242.714111328125,5220600,0.8699999999999999,1.46,1.31,3.1399999999999997,2.22,27.760000228881836,-5.96,1
2020-07-16,295.25786563140133,296.6335538163291,294.61155366216747,296.18115234375,54622500,-0.33,-0.64,0.6799999999999999,2.04,3.38,249.62206048102462,251.32478617232272,247.3001805992664,250.68626403808594,47594100,-0.6799999999999999,-1.0999999999999999,1.59,-1.17,6.550000000000001,241.13447713300584,242.73204177401678,240.1055175866412,241.41427612304688,2478100,-0.54,-0.65,1.08,3.9800000000000004,2.45,28.0,0.86,-1
2020-07-17,297.1874631078848,297.8245330469586,295.21161647331553,297.03973388671875,62774900,0.29,0.33999999999999997,0.88,1.3,3.64,251.14093656184028,251.83750339201075,248.79971855230954,250.9764862060547,35137900,0.12,0.18,1.21,-1.72,6.38,242.0385510915139,242.14694236965903,240.43068281064666,240.94554138183594,3415100,-0.19,0.26,0.7100000000000001,2.35,2.4,25.68000030517578,-8.290000000000001,1
2020-07-20,296.7719656553359,300.18813689215324,296.02410586279206,299.4402770996094,56308800,0.8099999999999999,-0.09,1.4000000000000001,3.01,5.08,251.61504110027627,258.725823103141,250.36704859363883,258.09698486328125,40610100,2.8400000000000003,0.25,3.3300000000000005,3.19,9.42,240.6294566967195,241.7585786770154,239.40095764760116,241.0178680419922,4017400,0.03,-0.13,0.98,2.29,3.18,24.459999084472656,-4.75,1
2020-07-21,301.406866255897,301.8500257092292,299.089408300806,300.07733154296875,57292200,0.21,0.66,0.9199999999999999,1.91,4.63,259.6642094373432,259.6738934087916,254.56574609122862,255.4074249267578,43243800,-1.04,0.61,1.9800000000000002,1.39,7.000000000000001,242.82433961397314,244.13410390457952,241.76746984911807,242.3907470703125,3173200,0.5700000000000001,0.75,0.98,0.74,3.16,24.84000015258789,1.55,1
2020-07-22,299.71724772573134,302.0993425839799,299.6064578581787,301.785400390625,57792900,0.5700000000000001,-0.12,0.83,1.5599999999999998,4.75,255.9008459459863,257.2359349932183,254.00461796837638,256.3071594238281,29865500,0.35000000000000003,0.19,1.27,1.54,6.47,241.92108222432304,244.2064232219161,241.87590082081465,243.87220764160156,2039300,0.61,-0.19,0.96,0.48,3.32,24.31999969482422,-2.09,1
2020-07-23,301.42531461968196,302.1270213059348,296.818124462174,298.1845703125,75738000,-1.1900000000000002,-0.12,1.76,0.6799999999999999,6.21,255.90082102240822,256.60704231607104,248.19987934551648,249.6123809814453,51363500,-2.6100000000000003,-0.16,3.2800000000000002,-0.43,5.87,243.56509817967583,243.69154546763053,239.93382537660267,240.90036010742188,2838000,-1.22,-0.13,1.54,-0.21,4.82,26.079999923706055,7.24,-1
2020-07-24,296.328858018481,297.2890558358542,294.75925946179956,296.26422119140625,73766600,-0.64,-0.62,0.8500000000000001,-0.26,4.3999999999999995,245.7716098902376,248.56754683460562,243.14015285037885,247.2421417236328,54054500,-0.95,-1.54,2.17,-1.49,3.8699999999999997,239.50924372881624,240.58416958715108,238.51561130937532,239.09373474121094,2637700,-0.75,-0.58,0.86,-0.77,2.9000000000000004,25.84000015258789,-0.9199999999999999,-1
2020-07-27,296.95666037009426,298.6001093174505,296.1626192778823,298.4246826171875,48293000,0.73,0.22999999999999998,0.8200000000000001,-0.33999999999999997,7.720000000000001,248.88684749249487,252.04072266600718,248.10321330458248,251.65374755859375,36445700,1.78,0.67,1.59,-2.5,8.28,239.16603699534673,240.55712267692266,238.78666753356586,240.23194885253906,2637900,0.48,0.03,0.74,-0.33,6.3,24.739999771118164,-4.26,1
2020-07-28,297.6952737904054,298.81247079634437,296.2364934476947,296.5319519042969,57495000,-0.63,-0.24,0.86,-1.18,5.489999999999999,250.87007751423138,251.3925100729386,248.1612226252013,248.45144653320312,31302400,-1.27,-0.31,1.28,-2.7199999999999998,5.75,239.30160144377413,239.9248513983056,238.1363398741337,238.40731811523438,1989300,-0.76,-0.38999999999999996,0.74,-1.6400000000000001,3.2199999999999998,25.440000534057617,2.83,-1
2020-07-29,297.40906485580297,300.74214401894255,297.37212550366144,300.1789245605469,48454200,1.23,0.3,1.1400000000000001,-0.53,5.4399999999999995,249.98968895811328,252.17614078356192,249.51564673993508,251.31509399414062,27556900,1.15,0.62,1.0699999999999998,-1.95,4.92,238.64213734784158,240.3403408351528,238.28983813727348,239.82545471191406,1917900,0.59,0.1,0.86,-1.66,3.04,24.100000381469727,-5.27,1
2020-07-30,297.20603304146823,299.5234920643989,295.1194239088068,299.1080017089844,61861700,-0.36,-0.9900000000000001,1.47,0.31,4.33,249.35122662688858,253.1920146753105,248.19995565732032,252.6309051513672,41774500,0.52,-0.7799999999999999,1.9900000000000002,1.21,4.25,237.09762422777771,238.30804001141746,234.8032400220768,237.82025146484375,3055600,-0.84,-1.1400000000000001,1.46,-1.28,2.4,24.760000228881836,2.74,-1
2020-07-31,300.8990939222795,301.5731032762325,296.6796674453573,301.4715270996094,84986800,0.79,0.6,1.6400000000000001,1.76,4.58,257.2553107733634,257.2940171421187,252.36000323877897,257.13922119140625,53686300,1.78,1.83,1.95,4.0,5.390000000000001,238.25373995095927,238.91312943507927,235.01991970087076,238.78668212890625,3306800,0.41000000000000003,0.18,1.6400000000000001,-0.13,2.3800000000000003,24.459999084472656,-1.21,1
2020-08-03,303.1335589168382,304.3338206049476,302.58882303214364,303.5675048828125,53077900,0.7000000000000001,0.5499999999999999,0.58,1.72,3.6999999999999997,259.2772157927388,261.3572323280069,259.1514422701452,260.6123046875,32081600,1.35,0.83,0.86,3.56,4.25,239.97906936239855,241.31593207785048,239.69000753391313,240.92752075195312,2569300,0.8999999999999999,0.5,0.6799999999999999,0.29,1.49,24.280000686645508,-0.74,1
2020-08-04,302.7087786426871,304.7400207519531,302.7087786426871,304.7400207519531,41917900,0.38999999999999996,-0.27999999999999997,0.67,2.77,5.19,260.1092264713641,261.67652408975704,259.3642987853949,261.57977294921875,24911300,0.37,-0.19,0.89,5.28,5.37,240.53908486801126,242.46311284065555,240.30421871053906,242.45407104492188,1909800,0.63,-0.16,0.8999999999999999,1.7000000000000002,3.6999999999999997,23.760000228881836,-2.1399999999999997,1
2020-08-05,306.0418930506655,306.89132934963357,305.7741319749666,306.6327819824219,42697700,0.62,0.43,0.37,2.15,5.04,262.06342443568764,262.6825784149194,261.17335553044234,262.2278747558594,21612100,0.25,0.18,0.58,4.34,4.25,243.88124762389208,245.94076452077098,243.7999541687262,245.69688415527344,2122900,1.34,0.59,0.88,2.45,4.41,22.989999771118164,-3.2399999999999998,1
2020-08-06,306.05108949352723,308.8024658628492,305.72793350897297,308.68243408203125,43679400,0.67,-0.19,1.0,3.2,6.35,262.03448849393004,266.03007163056697,261.395966366894,265.7011413574219,28048200,1.32,-0.06999999999999999,1.77,5.17,4.75,245.36273237243404,247.53064110686353,245.30853672155743,247.4132080078125,1948100,0.7000000000000001,-0.13999999999999999,0.8999999999999999,4.03,6.5600000000000005,22.649999618530273,-1.48,1
2020-08-07,307.71294414525704,309.19020827921787,306.8081131712944,308.90399169921875,57308300,0.06999999999999999,-0.31,0.77,2.4699999999999998,5.35,265.1593752997591,265.93335503504,260.4865925905025,262.63433837890625,44969400,-1.15,-0.2,2.0500000000000003,2.1399999999999997,2.8400000000000003,246.80795331393523,248.24419284163145,246.1304802782418,248.0635223388672,2311300,0.26,-0.24,0.8500000000000001,3.88,5.37,22.209999084472656,-1.94,1
2020-08-10,309.356415827872,310.0119414454086,307.4175082706169,309.8273010253906,44282100,0.3,0.15,0.84,2.06,6.58,262.92452667278354,263.12771293316473,257.990543079371,261.5120544433594,35088400,-0.43,0.11,1.96,0.35000000000000003,4.55,248.86742691842403,251.36955030410886,248.84032910437125,251.24310302734375,2313900,1.28,0.32,1.02,4.279999999999999,6.63,22.1299991607666,-0.36,1
2020-08-11,311.0091339906926,311.6462040748988,306.5404296941491,307.2698059082031,69601100,-0.83,0.38,1.6500000000000001,0.83,4.35,260.3511128647277,261.6378411480263,256.0169448139675,256.5587158203125,43104300,-1.8900000000000001,-0.44,2.15,-1.92,1.8499999999999999,253.7362818068587,254.53118807880048,249.734680189172,250.3850555419922,4546400,-0.33999999999999997,0.9900000000000001,1.91,3.27,4.06,24.030000686645508,8.59,-1
2020-08-12,309.70729014184826,312.3294209653016,309.67959266815404,311.5538635253906,53774400,1.39,0.79,0.86,1.6,4.84,258.7161351633893,263.9597106654382,258.6677448285516,263.0115966796875,38773400,2.52,0.84,2.06,0.3,4.2,252.77878685818197,253.59174915202934,251.76709799770936,252.95945739746094,2641600,1.03,0.96,0.73,2.96,4.22,22.280000686645508,-7.28,1
2020-08-13,310.78753741033046,312.3017411953798,310.06737487698325,310.99066162109375,41816100,-0.18,-0.25,0.72,0.75,5.0,263.78564562330496,265.88500136033656,262.67308096999074,263.61151123046875,31895700,0.22999999999999998,0.29,1.22,-0.79,5.16,252.13737383910112,253.12196456500806,251.32441180147976,252.3993377685547,1668300,-0.22,-0.32,0.7100000000000001,2.02,4.55,22.1299991607666,-0.67,-1
2020-08-14,310.6028714247222,311.5353999760587,309.87346706744495,310.9998779296875,47260400,0.0,-0.12,0.53,0.6799999999999999,4.7,264.23059540468074,264.50148089636525,261.9087155439127,263.3018493652344,30799500,-0.12,0.22999999999999998,0.98,0.25,4.91,251.3244283578914,253.06778560485452,251.0263247990435,252.74258422851562,2247000,0.13999999999999999,-0.43,0.8099999999999999,1.8900000000000001,4.9,22.049999237060547,-0.36,0
2020-08-17,312.0153683598361,312.38467723730434,311.008989693739,311.9876708984375,35481000,0.32,0.33,0.44,0.7000000000000001,4.19,265.01426610988574,266.8621039966272,263.3405921181047,266.3590393066406,24803000,1.16,0.65,1.34,1.8499999999999999,3.2,253.04968782339233,253.14903728231545,251.56826720115916,251.97476196289062,2436900,-0.3,0.12,0.63,0.29,4.55,21.350000381469727,-3.17,1
2020-08-18,312.3848317893029,313.08653872718406,310.78753558782734,312.6618347167969,38733900,0.22,0.13,0.74,1.7500000000000002,4.19,267.4232205147262,269.3968022647834,265.96235786037397,268.9227600097656,23529500,0.96,0.4,1.29,4.82,5.29,252.1102336294322,252.35411392977497,250.3126536017333,251.29727172851562,1678300,-0.27,0.05,0.8099999999999999,0.36,3.6700000000000004,21.510000228881836,0.75,1
2020-08-19,313.04028437426666,313.557322573065,310.79670488557355,311.35992431640625,68054200,-0.42,0.12,0.88,-0.06,3.17,268.8840418671907,269.9385614536909,266.6008683458078,267.1136169433594,31999400,-0.67,-0.01,1.24,1.5599999999999998,4.22,251.73094378833812,252.68843694482956,250.18631276289668,250.60182189941406,3374300,-0.27999999999999997,0.16999999999999998,1.0,-0.9299999999999999,2.76,22.540000915527344,4.79,-1
2020-08-20,309.63336706931557,312.8094750881142,309.50412160274976,312.3293762207031,42207800,0.31,-0.5499999999999999,1.06,0.43,4.74,266.32032153155023,271.30269597386075,265.9139784931246,270.8189697265625,27723400,1.39,-0.3,2.02,2.73,8.5,249.34621499432487,251.42378792925172,249.1926423114111,250.99923706054688,2063700,0.16,-0.5,0.89,-0.5499999999999999,4.19,22.719999313354492,0.8,1
2020-08-21,311.9970225596553,313.658927181265,311.6553828469121,313.4373474121094,55106600,0.35000000000000003,-0.11,0.64,0.7799999999999999,5.800000000000001,271.0124430683541,273.15050458608215,270.3642369755621,272.69580078125,34748900,0.69,0.06999999999999999,1.03,3.5700000000000003,10.299999999999999,250.79465071997717,253.12116102787505,250.63168200604596,252.8314971923828,2601200,0.73,-0.08,0.9900000000000001,0.04,5.75,22.540000915527344,-0.79,1
2020-08-24,315.87475725095965,316.68725383901455,313.40959819669,316.6134033203125,48588700,1.01,0.7799999999999999,1.05,1.48,6.09,275.96579721751306,276.6913865178221,272.1153260351239,274.3985290527344,36418500,0.62,1.2,1.68,3.02,9.04,255.03134770858665,256.4164025466735,253.8997660556887,256.35302734375,2622800,1.39,0.8699999999999999,1.0,1.7399999999999998,6.710000000000001,22.3700008392334,-0.75,1
2020-08-25,317.176669274047,317.804497448592,316.01331905096947,317.7214050292969,38463400,0.35000000000000003,0.18,0.5700000000000001,1.6199999999999999,7.1499999999999995,273.6245590254986,276.7494410173016,273.1795391724885,276.5559387207031,34866600,0.79,-0.27999999999999997,1.3,2.8400000000000003,11.31,257.3035454586426,257.3035454586426,254.39762418840652,255.84605407714844,3346000,-0.2,0.37,1.13,1.81,7.31,22.030000686645508,-1.52,1
2020-08-26,318.3123656667442,321.1745322009073,317.76762983680743,320.90679931640625,50790200,1.0,0.19,1.0699999999999998,3.0700000000000003,6.909999999999999,277.8039237142606,282.70891399065164,276.5268795847325,282.4573669433594,42216700,2.13,0.44999999999999996,2.2399999999999998,5.74,12.389999999999999,255.8369302147351,256.7421952211944,254.89547449909426,256.5792541503906,2647500,0.29,-0.0,0.72,2.39,6.99,23.270000457763672,5.63,1
2020-08-27,321.7746725008695,323.0580264245903,319.9465546023267,321.60845947265625,58034100,0.22,0.27,0.97,2.97,7.5200000000000005,283.4345173601649,284.28588015565686,279.31316088394357,281.5769958496094,49482700,-0.31,0.35000000000000003,1.76,3.9699999999999998,11.459999999999999,257.49370045247997,259.3132928025504,256.805689886979,258.036865234375,3432800,0.5700000000000001,0.36,0.98,2.8000000000000003,8.5,24.469999313354492,5.16,1
2020-08-28,322.6332589850596,323.8150646592131,321.4422114288014,323.685791015625,48588900,0.65,0.32,0.74,3.27,7.37,282.8153478074514,283.6376882543655,281.4609203489305,283.00885009765625,28021000,0.51,0.44,0.77,3.7800000000000002,10.059999999999999,259.1141664235413,260.21859149150976,258.00067985965535,259.5396423339844,2715500,0.58,0.42,0.86,2.65,8.690000000000001,22.959999084472656,-6.17,1
2020-08-31,323.4735012045628,324.35060666428654,322.28245347132435,322.5132751464844,66099200,-0.36,-0.06999999999999999,0.64,1.8599999999999999,6.239999999999999,283.53129260256844,287.0915104824484,283.09592719649555,285.2823791503906,36321000,0.8,0.18,1.41,3.9699999999999998,9.47,259.1411896801034,259.2135987305758,256.9957158687008,257.3487548828125,4070100,-0.84,-0.15,0.8500000000000001,0.38999999999999996,6.819999999999999,26.40999984741211,15.03,-1
2020-09-01,323.34417391191676,325.6523902806764,322.4485848337792,325.55084228515625,54908700,0.9400000000000001,0.26,0.9900000000000001,2.46,6.83,287.9331670497137,290.27441475478145,286.1627422192065,290.1583251953125,36216200,1.71,0.9299999999999999,1.44,4.92,10.93,256.8508628340889,259.7476944210335,256.3439166157112,259.6209716796875,3023600,0.88,-0.19,1.32,1.48,7.08,26.1200008392334,-1.0999999999999999,1
2020-09-02,327.46208615275333,331.22908325949226,326.31719155514446,330.2596435546875,69540000,1.4500000000000002,0.59,1.51,2.91,7.71,293.4090095237664,293.6218502667113,287.2270030536581,292.90594482421875,50836800,0.95,1.1199999999999999,2.1999999999999997,3.6999999999999997,11.700000000000001,260.78873892282115,264.3917037048371,260.3542293873193,263.6222229003906,3464300,1.54,0.44999999999999996,1.5599999999999998,2.74,7.3,26.56999969482422,1.72,1
2020-09-03,328.5700392045548,329.0409244463154,316.3087927397801,318.8940124511719,148011100,-3.44,-0.51,3.8600000000000003,-0.84,3.3099999999999996,288.3976121528264,288.90067685198176,275.1531843311882,278.0555419921875,110083300,-5.07,-1.54,4.6899999999999995,-1.25,4.65,263.4051363656593,264.66344120120624,254.47016919081574,256.4979553222656,6118500,-2.7,-0.08,3.8699999999999997,-0.6,3.6700000000000004,33.599998474121094,26.46,-1
2020-09-04,319.5772119329768,321.14678232846006,309.1809952615708,316.2903137207031,139156300,-0.8200000000000001,0.21,3.75,-2.2800000000000002,2.39,276.2657252124288,279.5260353152859,262.95356976582957,274.35015869140625,123959000,-1.3299999999999998,-0.64,5.96,-3.06,4.46,257.91896033897075,258.7155976684813,250.7673749742044,255.076416015625,7145800,-0.5499999999999999,0.5499999999999999,3.1,-1.72,2.83,30.75,-8.48,-1
2020-09-08,310.8798493187982,316.3549607309717,307.3436737413122,307.6483459472656,114465300,-2.73,-1.71,2.85,-4.61,-0.7000000000000001,263.35998648912494,269.1647029385001,260.88330983267,261.16387939453125,99568600,-4.81,-4.01,3.02,-8.450000000000001,-0.13,252.40609803816017,252.41513190586946,248.95703917567576,249.3282012939453,4780100,-2.25,-1.05,1.3599999999999999,-3.1199999999999997,-0.76,31.459999084472656,2.31,-1
2020-09-09,311.6553299341424,316.18866978492355,310.787438417005,313.7235107421875,91462300,1.97,1.3,1.76,-3.63,2.1,266.6686093044054,270.9350486565504,264.1145206473575,268.835693359375,64837900,2.94,2.11,2.6100000000000003,-7.35,4.79,251.7451038976453,255.72826379266573,251.11143506576212,253.33837890625,3488900,1.6099999999999999,0.97,1.8499999999999999,-2.42,1.18,28.809999465942383,-8.42,1
2020-09-10,315.5978714825398,316.2533971603592,307.3159885272084,308.2762145996094,90569500,-1.7399999999999998,0.6,2.85,-6.660000000000001,-1.05,271.7961106792902,273.01511029037704,261.75394889576535,263.47601318359375,69667500,-1.9900000000000002,1.0999999999999999,4.19,-10.05,0.18,254.49713635445627,255.4386196250773,248.8120736507909,249.66302490234375,3455800,-1.4500000000000002,0.45999999999999996,2.62,-5.3,-1.3,29.709999084472656,3.1199999999999997,-1
2020-09-11,310.0581908632135,311.11996508532957,305.607941568055,308.4331970214844,84680200,0.05,0.58,1.79,-3.2800000000000002,-0.8200000000000001,265.2271091905795,266.2622904991096,258.2130782424053,261.6475524902344,71809000,-0.69,0.66,3.06,-5.8999999999999995,-0.75,250.7132887937197,252.40613084172006,248.91179168052602,250.8400115966797,2787500,0.47000000000000003,0.42,1.4000000000000001,-2.21,-0.62,26.8700008392334,-9.56,1
2020-09-14,311.59998582152673,314.2682976219797,308.58084878107974,312.4955749511719,65605700,1.32,1.03,1.8399999999999999,-1.2,0.48,265.4302439467507,268.19717334742415,264.07581640152523,266.2042236328125,38525200,1.7399999999999998,1.4500000000000002,1.58,-2.97,1.0999999999999999,252.4965616731038,254.76875835850544,252.27024539108973,253.9540252685547,2371700,1.24,0.66,1.0,-0.44,0.48,25.850000381469727,-3.8,1
2020-09-15,314.9514765797402,315.7824287686118,312.5047730661032,314.0743713378906,52920900,0.51,0.79,1.05,2.09,0.67,269.9482420132667,271.32203741207366,266.17518355781664,269.9772644042969,41849900,1.4200000000000002,1.41,1.9300000000000002,3.37,1.3599999999999999,255.66508717215595,256.09959691845376,253.36570513412755,253.99937438964844,2331800,0.02,0.67,1.08,1.87,0.8,25.59000015258789,-1.01,1
2020-09-16,315.3116771386732,316.74276037655795,312.55103050748136,312.8280334472656,82096000,-0.4,0.38999999999999996,1.3299999999999998,-0.29,0.05,270.77064385831557,271.23500222009733,265.3238808868668,265.6721496582031,42321000,-1.59,0.29,2.19,-1.18,-1.21,254.8684936289578,257.30366038782375,254.18048290853034,254.40679931640625,2651800,0.16,0.33999999999999997,1.23,0.42,1.24,26.040000915527344,1.76,-1
2020-09-17,307.9714762809404,311.79389633261354,307.44519615617884,310.0765686035156,91523300,-0.88,-1.55,1.39,0.58,-0.41000000000000003,258.8419269979727,265.46898310217205,258.0002479739172,261.52178955078125,81570800,-1.5599999999999998,-2.5700000000000003,2.81,-0.74,-2.09,251.38299756977082,254.51520620492633,250.83983313628084,253.08489990234375,3305300,-0.52,-1.1900000000000002,1.44,1.37,0.9900000000000001,26.459999084472656,1.6099999999999999,-1
2020-09-18,310.88216462887675,310.9933980198159,304.0224987247291,306.5068054199219,105877900,-1.15,0.26,2.25,-0.62,-1.8599999999999999,262.9438998635904,263.2341237780638,254.0820322085779,258.18402099609375,86251100,-1.28,0.54,3.5000000000000004,-1.32,-4.67,253.1911676922738,253.53599560352194,249.33458929265444,250.92259216308594,3156700,-0.8500000000000001,0.04,1.66,0.03,-0.03,25.829999923706055,-2.3800000000000003,-1
2020-09-21,301.9182014330189,303.2437795741085,298.2380798999571,303.095458984375,99450800,-1.11,-1.5,1.63,-3.01,-3.3000000000000003,253.92725388489964,258.938650650959,251.6440506769576,258.80322265625,57168600,0.24,-1.6500000000000001,2.83,-2.78,-5.09,246.43989204421888,246.9753002545224,242.32923417056404,246.3128662109375,5936900,-1.8399999999999999,-1.79,1.8499999999999999,-3.01,-2.58,27.780000686645508,7.55,-1
2020-09-22,304.5785896576303,306.7384460300399,302.06644718578764,306.1822509765625,63612100,1.02,0.49,1.54,-2.5100000000000002,-3.29,261.20253403231925,264.1919592065895,257.8648400723766,263.61151123046875,41128900,1.8599999999999999,0.9299999999999999,2.44,-2.36,-3.93,246.5215590521067,247.94620332979267,244.815585953019,247.55601501464844,3169800,0.5,0.08,1.27,-2.54,-3.4299999999999997,26.860000610351562,-3.3099999999999996,1
2020-09-23,306.7384904056228,307.01660211722344,298.58105607201094,299.0816345214844,93112200,-2.32,0.18,2.76,-4.390000000000001,-5.87,263.29219188406984,263.4760102209543,254.68187054174592,255.562255859375,48837300,-3.05,-0.12,3.34,-3.81,-7.59,248.7991009329869,249.1711504815937,242.35634368460418,242.81005859375,3575900,-1.92,0.5,2.75,-4.5600000000000005,-5.1,28.579999923706055,6.4,-1
2020-09-24,297.7652655958646,302.93781455731744,296.4489382381279,299.8787841796875,76681300,0.27,-0.44,2.17,-3.29,-6.550000000000001,252.88232769120495,259.9544004347659,252.71784783759594,256.75213623046875,70631700,0.47000000000000003,-1.05,2.83,-1.82,-9.1,242.1567959838625,245.80468290178163,240.71398537176407,243.2820281982422,4432100,0.19,-0.27,2.1,-3.8699999999999997,-5.18,28.510000228881836,-0.24,1
2020-09-25,299.02596442851154,305.51484110446944,298.1546270152853,304.7269287109375,71069400,1.6199999999999999,-0.27999999999999997,2.45,-0.58,-5.25,257.25530417410357,263.53406160645886,255.69769025797873,262.7214050292969,55242400,2.32,0.2,3.05,1.76,-6.7,242.06616508915465,247.10239320489032,241.58522803971067,246.5488739013672,3606800,1.34,-0.5,2.27,-1.7399999999999998,-4.45,26.3799991607666,-7.470000000000001,1
2020-09-28,308.8890949296322,310.50203534951567,307.8972169129009,309.78826904296875,64584600,1.66,1.37,0.8500000000000001,2.21,-4.29,267.5779806195505,268.1778259277344,262.82781516039273,268.1778259277344,58438300,2.08,1.8499999999999999,2.04,3.62,-5.24,249.7791530863256,251.46695933999038,249.2891332061228,250.35989379882812,2790200,1.55,1.31,0.88,1.6400000000000001,-3.54,26.190000534057617,-0.72,1
2020-09-29,309.5843740782885,310.3259488282698,307.40595935248126,308.1011962890625,51304000,-0.54,-0.06999999999999999,0.9400000000000001,0.63,-4.47,267.61668244413096,268.6712020340795,266.40736692479027,266.968505859375,27050000,-0.44999999999999996,-0.21,0.84,1.27,-6.419999999999999,250.0877285916724,250.43255644323867,247.99156738090656,249.0169677734375,1971100,-0.54,-0.11,0.97,0.59,-3.2399999999999998,26.270000457763672,0.31,-1
2020-09-30,308.7686699942234,313.5889914411936,308.57401154453265,310.437255859375,104081100,0.76,0.22,1.63,3.8,-4.64,267.16196966350225,271.94118679751864,266.89108417723145,268.7969665527344,49380800,0.6799999999999999,0.06999999999999999,1.8900000000000001,5.18,-7.359999999999999,249.5431779741167,254.23460190475558,249.5431779741167,251.81175231933594,4028500,1.1199999999999999,0.21,1.8800000000000001,3.71,-3.01,26.3700008392334,0.38,1
2020-10-01,313.03273929794693,314.0060596588878,310.54843285554995,312.4302062988281,88698700,0.64,0.84,1.11,4.19,-5.4,272.6184261977125,273.6729457945265,270.7318821655367,273.0634460449219,50020200,1.59,1.4200000000000002,1.09,6.35,-6.77,253.47237895802155,254.39797516894856,250.9678912928699,252.39256286621094,2968000,0.22999999999999998,0.66,1.3599999999999999,3.74,-4.26,26.700000762939453,1.25,1
2020-10-02,307.48007849386664,312.40235285633963,307.0073084094654,309.46380615234375,89431100,-0.95,-1.58,1.73,1.55,-2.96,267.03620179833854,273.0537569293741,264.5401875878808,265.3818664550781,75497400,-2.81,-2.21,3.1199999999999997,1.01,-4.5600000000000005,248.79016322855924,252.72840718097365,248.27292134108623,251.1766815185547,4771600,-0.48,-1.43,1.77,1.8800000000000001,-2.07,27.6299991607666,3.4799999999999995,-1
2020-10-05,311.5217523825799,315.1369786568774,311.47541457094957,314.95159912109375,45713100,1.77,0.67,1.18,1.67,-0.42,267.34573785743106,271.3606585893646,267.2393322869141,271.0414123535156,28184600,2.13,0.74,1.55,1.0699999999999998,-1.21,252.98248746180784,255.52328108789575,252.9461824978427,255.45069885253906,1862500,1.7000000000000002,0.72,1.03,2.03,0.15,27.959999084472656,1.1900000000000002,1
2020-10-06,315.0905642737861,317.18555337279156,309.964353167819,310.47418212890625,90128900,-1.4200000000000002,0.04,2.29,0.77,0.9199999999999999,270.3546029716696,272.0379608118565,265.3238383473394,266.2042236328125,49704200,-1.78,-0.25,2.48,-0.29,1.9300000000000002,256.38534066770836,257.2746045550499,251.575943913271,252.0115203857422,4364400,-1.35,0.37,2.23,1.2,1.08,29.479999542236328,5.4399999999999995,-1
2020-10-07,313.43135342172144,316.6850714131168,313.40354507518236,315.87860107421875,56999600,1.7399999999999998,0.95,1.06,1.7500000000000002,0.69,268.84533811728915,271.60255359693394,268.2551768522164,270.80926513671875,27539700,1.73,0.9900000000000001,1.26,0.75,0.73,254.3344740955798,257.4106750251566,254.289113673533,256.7301025390625,2422600,1.87,0.9199999999999999,1.24,1.95,1.34,28.059999465942383,-4.82,1
2020-10-08,317.81598305879504,318.7429656383515,316.89825106833507,318.6780700683594,45242500,0.89,0.61,0.58,2.0,3.37,273.20853129560163,273.2762600443379,271.1865594746759,272.2507629394531,25443300,0.53,0.89,0.77,-0.3,3.3300000000000005,258.18195776549635,258.3271498796822,256.5213731522676,257.9732666015625,2148000,0.48,0.5700000000000001,0.7000000000000001,2.21,3.3300000000000005,26.360000610351562,-6.0600000000000005,1
2020-10-09,320.32811028649445,321.9874170889095,319.7070477762188,321.52392578125,59528600,0.89,0.52,0.72,3.9,4.24,273.89544539449054,276.4882403653257,273.50847032437207,276.41082763671875,30201100,1.53,0.6,1.09,4.16,5.64,259.1711634994747,260.260090973516,258.08226371800936,259.4615478515625,2549100,0.58,0.45999999999999996,0.84,3.3000000000000003,3.44,25.0,-5.16,1
2020-10-12,324.0639055120079,328.17043242336644,323.57260577192744,326.696533203125,80388500,1.6099999999999999,0.79,1.43,3.73,4.54,281.0933150021138,287.77841538987593,280.04847928189264,284.94378662109375,79370700,3.09,1.69,2.8000000000000003,5.13,7.04,260.38709300359875,262.800832836697,260.1420691394922,261.7572937011719,2534800,0.88,0.36,1.02,2.4699999999999998,3.0700000000000003,25.06999969482422,0.27999999999999997,1
2020-10-13,326.5575216565955,326.73365066360503,323.6004440621995,324.56451416015625,73255500,-0.65,-0.04,0.96,4.54,3.34,286.74324289466466,287.3817355237458,283.56997054778395,284.93408203125,64240000,-0.0,0.63,1.34,7.04,5.54,261.0313505772712,261.4396775140634,259.5431518941098,260.1965026855469,2430600,-0.6,-0.27999999999999997,0.72,3.25,2.44,26.06999969482422,3.9899999999999998,-1
2020-10-14,325.1391526992879,326.2329853972063,321.7927590329618,322.5250549316406,57727900,-0.63,0.18,1.37,2.1,3.1,285.73709562441013,286.7045481035689,280.81276604840866,282.5541687011719,36949100,-0.84,0.27999999999999997,2.07,4.34,6.35,260.63212163249443,261.29455569479194,258.2364924421916,258.735595703125,2264000,-0.5599999999999999,0.16999999999999998,1.18,0.7799999999999999,1.7000000000000002,26.399999618530273,1.27,-1
2020-10-15,318.61313237555913,322.60842450210197,318.07549499777156,322.12640380859375,60357700,-0.12,-1.21,1.41,1.08,3.8899999999999997,277.8523225983736,281.248060219857,277.21380051395136,280.6579284667969,42514200,-0.67,-1.66,1.43,3.09,7.32,255.9225868982595,258.98062282336707,255.58684209118158,258.6539611816406,3128000,-0.03,-1.09,1.31,0.26,2.1999999999999997,26.969999313354492,2.16,-1
2020-10-16,323.479868968274,325.1391758909645,321.75569475765025,321.93182373046875,89501900,-0.06,0.42,1.05,0.13,5.029999999999999,282.3025869495628,283.72474310029554,278.7713917390314,279.11968994140625,40570700,-0.5499999999999999,0.59,1.76,0.98,8.110000000000001,259.8494363555427,261.7830605419472,259.5317275732387,259.6043395996094,2409300,0.37,0.45999999999999996,0.8699999999999999,0.06,3.46,27.40999984741211,1.63,-1
2020-10-19,323.1924104328647,323.8227516799886,316.1380878968359,317.0372619628906,68425600,-1.52,0.38999999999999996,2.39,-2.96,4.6,281.03521617369915,281.9930140510619,273.5858509928782,274.5629577636719,36756800,-1.63,0.69,3.01,-3.64,6.09,260.2124795884762,260.5937410622818,255.34664457359415,256.0274963378906,2837600,-1.38,0.22999999999999998,2.02,-2.19,3.94,29.18000030517578,6.460000000000001,-1
2020-10-20,318.38145817763655,321.55175133899183,317.6213538922318,318.30731201171875,60051900,0.4,0.42,1.24,-1.9300000000000002,3.9600000000000004,275.2982491603668,278.25865110562756,273.74066498739205,275.15313720703125,32195400,0.21,0.27,1.6500000000000001,-3.4299999999999997,4.38,257.05351540520655,259.3230230341154,256.2274113038097,256.8628845214844,3339000,0.33,0.4,1.21,-1.28,3.7600000000000002,29.350000381469727,0.58,1
2020-10-21,318.2609093352829,320.43007341653833,317.39882234537475,317.7047424316406,63575000,-0.19,-0.01,0.95,-1.49,6.23,275.40469541094143,277.9684384378739,274.45658140364156,274.9403076171875,29306100,-0.08,0.09,1.28,-2.69,7.580000000000001,256.49061404138524,258.2426668181084,255.84605409857443,255.97315979003906,2907100,-0.35000000000000003,-0.13999999999999999,0.9299999999999999,-1.0699999999999998,5.42,28.649999618530273,-2.39,-1
2020-10-22,317.91787241035223,320.03139112703093,315.7765453535564,319.4473876953125,55399300,0.5499999999999999,0.06999999999999999,1.34,-0.83,6.529999999999999,275.7722512408998,276.6720042692186,271.6799471309994,274.9305725097656,32196200,-0.0,0.3,1.82,-2.04,7.08,256.09105582641826,257.96112650478096,254.456994927158,257.4981384277344,2324200,0.6,0.05,1.37,-0.44999999999999996,5.84,28.110000610351562,-1.8800000000000001,1
2020-10-23,320.6710851896819,320.7267018827422,318.0755452159894,320.53204345703125,49143900,0.33999999999999997,0.38,0.83,-0.43,5.19,275.5013734614692,275.6368309515048,272.60870060974133,275.47235107421875,24658500,0.2,0.21,1.0999999999999999,-1.31,4.8500000000000005,258.22450284929437,258.3062017721728,255.5555605528346,257.2168273925781,2161000,-0.11,0.27999999999999997,1.0699999999999998,-0.9199999999999999,4.33,27.549999237060547,-1.9900000000000002,1
2020-10-26,317.14847359309897,317.9364142426399,311.11380948653715,314.6085510253906,91473000,-1.8499999999999999,-1.06,2.13,-0.77,1.5599999999999998,273.18920721373644,276.0141516237852,267.7521295734599,271.34136962890625,38421100,-1.5,-0.83,3.0,-1.17,1.18,254.3119250082273,254.53887573974575,248.46567194799584,251.46141052246094,5140600,-2.2399999999999998,-1.13,2.36,-1.78,0.44,32.459999084472656,17.82,-1
2020-10-27,314.9516395955158,315.28533977636755,313.3108621718636,313.5240783691406,65994100,-0.33999999999999997,0.11,0.63,-1.5,1.76,272.3378955309012,274.28248462350115,271.0802190131287,273.46014404296875,30559100,0.7799999999999999,0.37,1.18,-0.62,2.4299999999999997,251.41588082753705,251.52481268077037,249.28253968861773,249.33700561523438,3029800,-0.84,-0.02,0.89,-2.93,0.13,33.349998474121094,2.74,-1
2020-10-28,307.85092353477626,313.55186080057024,302.31683634561693,302.8081359863281,127094300,-3.42,-1.81,3.58,-4.6899999999999995,-2.46,268.9614962213238,269.5709960593002,262.5472810110899,262.798828125,53413500,-3.9,-1.6500000000000001,2.5700000000000003,-4.42,-2.23,244.19885733814493,245.78751161450833,240.58579363905724,241.00340270996094,5815200,-3.34,-2.06,2.09,-5.8500000000000005,-4.29,40.279998779296875,20.78,-1
2020-10-29,303.03992892268667,309.0560378129081,301.35281355762714,305.8857727050781,90597700,1.02,0.08,2.54,-4.25,-2.09,264.11457788159726,270.3933362376692,263.650189973053,267.3942565917969,43246300,1.7500000000000002,0.5,2.5700000000000003,-2.74,-2.08,240.68576979436088,244.1444963753455,238.57966057068037,242.0111541748047,5479400,0.42,-0.13,2.31,-6.01,-4.109999999999999,37.59000015258789,-6.68,1
2020-10-30,304.30977868935224,305.61682725753553,299.04452548918334,302.69683837890625,120287300,-1.04,-0.52,2.15,-5.56,-2.19,265.41085981745687,266.2815609805573,258.37749224167834,260.6123046875,65838300,-2.54,-0.74,2.96,-5.390000000000001,-1.7999999999999998,240.59495940873225,241.76603270206482,237.30871791799134,240.6221923828125,5271200,-0.5700000000000001,-0.59,1.8399999999999999,-6.45,-4.2,38.02000045776367,1.1400000000000001,-1
2020-11-02,306.08966064453125,308.0919181320214,303.34577182679664,306.08966064453125,86068300,1.1199999999999999,1.1199999999999999,1.5699999999999998,-2.71,-2.81,263.0019105970591,264.6175393856356,258.28073870415153,261.1927795410156,39987400,0.22,0.9199999999999999,2.4299999999999997,-3.74,-3.63,244.10818146235107,245.560671566937,242.31980873501817,244.3805389404297,5062900,1.5599999999999998,1.4500000000000002,1.35,-2.82,-4.33,37.130001068115234,-2.34,1
2020-11-03,309.3248216610703,313.55185999385526,306.173086523715,311.49395751953125,93294200,1.77,1.06,2.41,-0.65,0.33,263.1083357003649,267.8101695251323,262.0247937804703,265.7107849121094,43604100,1.73,0.73,2.21,-2.83,-0.19,247.52149959252807,250.94390596522004,247.10391808724142,249.32801818847656,4343000,2.02,1.29,1.5699999999999998,-0.0,-1.06,35.54999923706055,-4.26,1
2020-11-04,315.97132271954166,322.5343763512185,314.7940648255847,318.4556579589844,126959700,2.23,1.44,2.48,5.17,0.8200000000000001,274.35985838820505,279.3712553885632,272.69583886201065,277.5718078613281,75728200,4.46,3.26,2.5100000000000002,5.62,2.5,250.46277373158483,256.96264476026295,250.15412412038327,252.8321533203125,6766400,1.41,0.45999999999999996,2.73,4.91,-1.52,29.56999969482422,-16.82,1
2020-11-05,323.7393687910326,326.4739785623512,323.3871109043666,324.6663513183594,82039700,1.95,1.66,0.97,6.140000000000001,1.8800000000000001,283.9764164096492,285.77589395259287,282.4962148211821,284.8084411621094,52054200,2.6100000000000003,2.31,1.18,6.510000000000001,4.61,256.2634956998557,258.68731210604864,256.06377810387625,257.734130859375,4316200,1.94,1.3599999999999999,1.04,6.5,-0.09,27.579999923706055,-6.7299999999999995,1
2020-11-06,324.37894694815776,325.84359499345544,322.26542819140275,324.5921630859375,74973000,-0.02,-0.09,1.0999999999999999,7.23,0.95,284.1504169676631,285.7467074151123,280.3966971850102,285.0211181640625,40959800,0.06999999999999999,-0.22999999999999998,1.8800000000000001,9.370000000000001,3.1199999999999997,257.77058557751377,258.16093408628353,255.900514247565,257.1078796386719,3078200,-0.24,0.01,0.88,6.8500000000000005,-0.91,24.860000610351562,-9.86,-1
2020-11-09,337.39377544488605,337.77384161254093,328.20737673340466,328.6708679199219,172304200,1.26,3.94,2.9499999999999997,7.380000000000001,0.6,287.96210441017575,289.4036280794034,278.74228731027307,279.1969909667969,86537100,-2.04,1.03,3.74,6.890000000000001,-2.02,271.0789652775591,271.8778361284155,264.52465603289954,264.82421875,10839300,3.0,5.43,2.86,8.37,1.17,25.75,3.58,1
2020-11-10,327.67898550170014,329.24558795380415,324.91659617303077,328.1888427734375,85552000,-0.15,-0.3,1.32,5.36,1.1199999999999999,275.8883845373969,277.3298790122092,271.48645887128737,274.1953430175781,69024900,-1.79,-1.1900000000000002,2.09,3.19,-3.7699999999999996,266.25853336335615,267.7654892407735,264.53371369294297,267.35699462890625,4354500,0.96,0.54,1.22,7.23,2.75,24.799999237060547,-3.6900000000000004,-1
2020-11-11,330.37658868596975,331.4518918826983,329.13443541283425,330.62689208984375,58649000,0.74,0.67,0.7100000000000001,3.82,2.5100000000000002,276.7204321420818,280.80308279556846,274.1566889706012,280.32904052734375,36102900,2.2399999999999998,0.9199999999999999,2.42,0.9900000000000001,-0.79,268.7731486657309,268.8367015028791,265.9226349256043,266.99383544921875,2910400,-0.13999999999999999,0.53,1.09,5.6000000000000005,3.19,23.450000762939453,-5.4399999999999995,1
2020-11-12,329.61637727502233,330.6731507511697,325.6118349534943,327.41943359375,67546200,-0.97,-0.31,1.53,0.8500000000000001,1.6400000000000001,281.2965090031892,282.56386946425175,277.90074115178044,279.0133056640625,34414600,-0.47000000000000003,0.35000000000000003,1.66,-2.03,-0.59,265.27820620264873,266.2767950902458,262.52756409187475,264.216064453125,4361900,-1.04,-0.64,1.4000000000000001,2.5100000000000002,2.15,25.350000381469727,8.1,-1
2020-11-13,329.3290771800801,332.6940283304285,328.80996922022456,331.95245361328125,62892200,1.38,0.58,1.1900000000000002,2.27,3.11,280.72566326802945,282.080090662229,278.5005051335633,281.4609069824219,24806900,0.88,0.61,1.28,-1.25,0.84,265.9588939688637,268.63692236940847,265.4596136858829,267.9378967285156,3090400,1.41,0.66,1.2,4.21,3.2099999999999995,23.100000381469727,-8.88,1
2020-11-16,334.622140095063,336.2906972148393,333.33362089104185,336.0960388183594,74541100,1.25,0.8,0.89,2.26,6.01,281.16103008634104,283.95698187620894,280.5515303107335,283.6570739746094,30168400,0.7799999999999999,-0.11,1.21,1.6,3.3099999999999996,271.68721983195826,272.41345098759075,270.13488480702665,272.32269287109375,4615000,1.6400000000000001,1.4000000000000001,0.8500000000000001,2.83,6.36,22.450000762939453,-2.81,1
2020-11-17,333.68591913167813,335.49354647121936,332.1749330059845,334.2884521484375,66111000,-0.54,-0.72,0.9900000000000001,1.8599999999999999,5.0200000000000005,283.8505502393088,284.1794805378679,282.1188020423801,282.75732421875,21843500,-0.32,0.06999999999999999,0.73,3.1199999999999997,2.76,269.89874661412284,271.5690998126337,268.3464121677997,270.8065490722656,4049200,-0.5599999999999999,-0.89,1.18,1.29,5.43,22.709999084472656,1.16,-1
2020-11-18,334.55722235747817,335.10413858036725,330.22820208953993,330.2652893066406,70591300,-1.2,0.08,1.46,-0.11,3.95,282.205877841639,283.8215068214784,280.5805353656853,280.6676025390625,28069600,-0.74,-0.2,1.15,0.12,2.08,271.6146313574414,272.1139118572528,267.583984375,267.583984375,3566400,-1.1900000000000002,0.3,1.67,0.22,4.54,23.84000015258789,4.9799999999999995,-1
2020-11-19,329.63500754078495,332.02661012404343,328.29087149861675,331.65582275390625,59940900,0.42,-0.19,1.13,1.29,3.82,280.1161777252628,283.17333086923173,279.44863320359497,282.8637390136719,22718400,0.7799999999999999,-0.2,1.3299999999999998,1.38,2.8899999999999997,266.94851023845905,268.53716526394993,265.8954555828031,268.1014099121094,3266600,0.19,-0.24,0.9900000000000001,1.47,4.12,23.110000610351562,-3.06,1
2020-11-20,331.39620780880034,331.60014506825297,329.3104974100037,329.3846435546875,70417300,-0.6799999999999999,-0.08,0.69,-0.77,2.76,282.7864172427393,283.53137473005654,280.8418573589735,280.9289245605469,25907300,-0.6799999999999999,-0.03,0.95,-0.19,1.9800000000000002,267.68452455368606,268.0211500945079,265.84671680273436,266.1469421386719,3090200,-0.73,-0.16,0.8099999999999999,-0.67,3.47,23.700000762939453,2.55,-1
2020-11-23,331.19234181614615,332.6199029395009,328.95831035799966,331.35919189453125,63230600,0.6,0.5499999999999999,1.11,-1.41,5.319999999999999,281.9252672410926,283.2216497293889,278.69398022859906,280.9384765625,26875600,0.0,0.35000000000000003,1.6099999999999999,-0.96,3.54,267.72119562451877,269.89563111626956,267.01154362000295,269.2041931152344,2855600,1.15,0.59,1.08,-1.15,7.06,22.65999984741211,-4.390000000000001,1
2020-11-24,333.9083818251607,337.24552471708824,333.05557370732873,336.6986083984375,62415900,1.6099999999999999,0.77,1.26,0.72,7.39,282.0026626575489,285.3790912751818,280.20321554369457,284.88568115234375,24516800,1.41,0.38,1.8399999999999999,0.75,4.18,271.9790151777055,273.95329031665227,271.39672256929003,273.3346252441406,4022700,1.53,1.03,0.95,0.9299999999999999,9.62,21.639999389648438,-4.5,1
2020-11-25,336.61524845106254,336.64305680181974,335.0857325808797,336.1795654296875,45330900,-0.15,-0.02,0.45999999999999996,1.79,11.020000000000001,285.949927331004,287.2753324617549,285.0018133025846,286.6368103027344,23326800,0.61,0.37,0.8,2.13,9.07,272.8979499283309,272.97982962532006,271.1692859966437,271.79705810546875,2629200,-0.5599999999999999,-0.16,0.66,1.5699999999999998,12.78,21.25,-1.7999999999999998,-1
2020-11-27,337.27335489567287,337.5885255934708,336.1053477355722,337.11578369140625,28514100,0.27999999999999997,0.33,0.44,1.6500000000000001,10.209999999999999,288.6006951597849,290.40017180232275,288.2040361712454,289.2779235839844,17163100,0.9199999999999999,0.69,0.77,2.27,8.18,272.4338959722337,273.12536144023403,271.2784456248665,272.2519226074219,1518000,0.16999999999999998,0.22999999999999998,0.6799999999999999,1.55,12.5,20.84000015258789,-1.9300000000000002,1
2020-11-30,336.3371185412895,336.6059514436438,332.9443867745479,335.62335205078125,83872700,-0.44,-0.22999999999999998,1.09,1.8900000000000001,10.879999999999999,289.5972480069994,290.20674784840224,285.1856666612284,289.8681335449219,27836200,0.2,0.11,1.7399999999999998,3.18,11.23,270.6870803300438,270.94182641387874,268.1669127233467,269.8682556152344,4159300,-0.88,-0.5700000000000001,1.02,1.4000000000000001,12.15,20.56999969482422,-1.3,-1
2020-12-01,338.8769423015464,340.8328614686361,338.2836600225154,339.2940673828125,74231400,1.09,0.97,0.76,2.39,10.85,292.1416350933177,295.20847253512443,291.0387250622598,293.5831298828125,27521300,1.28,0.7799999999999999,1.44,4.5,12.4,272.69780398383955,273.8623615637349,271.2875795354103,271.5241394042969,2841100,0.61,1.05,0.95,0.86,11.110000000000001,20.770000457763672,0.97,1
2020-12-02,338.18177783063066,340.16550576049775,337.6070531807557,340.0079345703125,45927000,0.21,-0.33,0.75,0.98,9.15,292.41248895074875,294.2990329472495,290.5743352890044,293.9604187011719,23620000,0.13,-0.4,1.27,3.19,10.63,270.3049920630097,272.3429608616808,269.62263346360726,272.1973876953125,2481700,0.25,-0.44999999999999996,1.0,-0.42,9.17,21.170000076293945,1.9300000000000002,1
2020-12-03,339.9059738069598,341.30572658893556,338.81214112571735,339.9152526855469,62882000,-0.03,-0.03,0.73,1.11,6.74,294.27002872688513,295.92436417217755,293.6508449787604,294.3764343261719,22828700,0.13999999999999999,0.11,0.77,2.7,6.05,272.3793512466565,274.21716034578014,272.0790979252393,272.9980163574219,3140900,0.29,0.06999999999999999,0.79,0.44,7.9799999999999995,21.280000686645508,0.52,-1
2020-12-04,340.4992481431544,342.8445129394531,340.4065442272832,342.8445129394531,50749900,0.86,0.16999999999999998,0.72,1.7000000000000002,5.6000000000000005,294.4248094730478,295.7212218182587,293.7476104304128,295.5760803222656,19332100,0.41000000000000003,0.02,0.67,2.18,3.7800000000000002,273.6167391811592,275.2998962402344,273.4893799916048,275.2998962402344,2747300,0.84,0.22999999999999998,0.66,1.1199999999999999,6.819999999999999,20.790000915527344,-2.3,1
2020-12-07,342.074997027919,342.63119206392616,340.86993135761554,342.139892578125,48944300,-0.21,-0.22,0.51,1.94,5.41,295.75984050208314,297.61736194731213,295.5760221993255,297.2497253417969,20851000,0.5700000000000001,0.06,0.69,2.55,4.29,274.55374136176647,274.90858109007877,272.9433853834892,273.9441833496094,2589900,-0.49,-0.27,0.7100000000000001,1.51,6.550000000000001,21.299999237060547,2.45,-1
2020-12-08,340.87005554580287,343.7066201446968,340.82371772977626,343.14117431640625,42458900,0.29,-0.37,0.84,1.13,4.3999999999999995,296.77568899470424,298.5557977557596,295.0246026228502,298.2558898925781,18341500,0.33999999999999997,-0.16,1.1900000000000002,1.59,6.83,272.95251820122036,275.5545653940371,272.9252249707097,274.94500732421875,2205400,0.37,-0.36,0.96,1.26,3.82,20.68000030517578,-2.91,1
2020-12-09,343.7992142553695,343.9567854109432,339.2291981156376,340.0634765625,74098300,-0.8999999999999999,0.19,1.38,0.02,3.62,298.04306999188924,298.32360993230856,290.4388787232526,291.5030822753906,48839300,-2.26,-0.06999999999999999,2.64,-0.84,6.3100000000000005,275.8730350982331,276.21876789933987,272.91614782015193,273.74407958984375,3074500,-0.44,0.33999999999999997,1.2,0.5700000000000001,2.39,22.270000457763672,7.6899999999999995,-1
2020-12-10,338.6915901201066,340.9997674831479,337.8202243105125,339.9523010253906,57735400,-0.03,-0.4,0.9299999999999999,0.01,2.82,289.47153134163426,293.79604634918263,288.38798897698666,292.6737976074219,27519500,0.4,-0.7000000000000001,1.8599999999999999,-0.58,4.3999999999999995,272.9343404385192,273.9897251004432,272.2156093512402,273.43475341796875,2413000,-0.11,-0.3,0.65,0.16,2.41,22.520000457763672,1.1199999999999999,-1
2020-12-11,338.2559409711253,339.961585539684,336.7357042360189,339.5537109375,57698600,-0.12,-0.5,0.95,-0.96,3.71,291.01935393302256,292.15128623113674,288.75551886109844,292.0255126953125,26760400,-0.22,-0.5700000000000001,1.16,-1.2,4.66,272.4249247136193,274.0170952707119,271.74256590343674,273.7896423339844,2454300,0.13,-0.37,0.83,-0.5499999999999999,3.62,23.309999465942383,3.51,-1
2020-12-14,341.7227861576118,342.7980607861549,337.8572573213051,338.03338623046875,69216200,-0.44999999999999996,0.64,1.46,-1.2,1.83,293.21551138637807,296.0888466949732,293.1478121450775,294.144287109375,28804800,0.73,0.41000000000000003,1.01,-1.04,4.51,275.6909866804359,276.40063832346397,272.0335555610199,272.1245422363281,3646100,-0.61,0.69,1.6,-0.66,1.5599999999999998,24.719999313354492,6.05,-1
2020-12-15,340.5733606765333,342.60345458984375,339.2014446984404,342.60345458984375,63865300,1.35,0.75,1.01,-0.16,1.94,296.3983525358521,297.2884216308594,294.21190091878054,297.2884216308594,25709000,1.0699999999999998,0.77,1.05,-0.32,4.81,273.8077787989716,275.61829477772164,272.4703547991493,275.3271484375,4211500,1.18,0.62,1.16,0.13999999999999999,1.0999999999999999,22.889999389648438,-7.3999999999999995,1
2020-12-16,342.81672473642504,344.0588780721469,341.93607991779965,343.14117431640625,58420500,0.16,0.06,0.62,0.91,2.65,297.6851239868555,299.70709601901274,296.6402588307185,298.9234619140625,25461900,0.5499999999999999,0.13,1.03,2.55,5.72,275.2544981690871,275.5547238773773,274.1445265478612,274.899658203125,1977300,-0.16,-0.03,0.51,0.42,1.51,22.5,-1.7000000000000002,1
2020-12-17,344.7818226124563,345.26384325744056,343.9567947299327,345.0599060058594,64119500,0.5599999999999999,0.48,0.38,1.5,4.4799999999999995,300.5197328956756,301.1098646667226,299.3201014107255,300.877685546875,23730500,0.65,0.53,0.6,2.8000000000000003,7.199999999999999,275.87304375216166,276.31884250165604,275.5364179400746,276.1186828613281,3002900,0.44,0.35000000000000003,0.27999999999999997,0.98,3.19,21.93000030517578,-2.53,1
2020-12-18,345.3485390064458,345.5161002847388,341.67133885477017,343.6821594238281,136542300,-0.4,0.08,1.11,1.22,3.63,301.51631402418906,301.8259059760771,297.59811284862053,299.9683837890625,41173400,-0.3,0.21,1.41,2.7199999999999998,6.05,276.2716966782372,276.33551375605555,273.6828208810038,275.20513916015625,4442100,-0.33,0.06,0.96,0.52,2.65,21.56999969482422,-1.6400000000000001,-1
2020-12-21,339.7629543638441,352.3212438699424,337.0260063626711,342.4533386230469,96386700,-0.36,-1.1400000000000001,4.45,1.31,3.9699999999999998,297.0228669180954,299.94018648660574,294.2509519140145,299.4071350097656,37095500,-0.19,-0.98,1.9,1.79,6.58,272.3702213517914,276.18060823820645,271.12136475469026,275.42401123046875,6340800,0.08,-1.03,1.8399999999999999,1.21,3.49,25.15999984741211,16.64,-1
2020-12-22,342.7791666961401,342.8908742196503,340.7497375927771,341.87615966796875,47949000,-0.16999999999999998,0.1,0.63,-0.21,3.17,300.30841637697546,301.1419191491163,297.4007990415414,300.22119140625,26176300,0.27,0.3,1.25,0.9900000000000001,6.859999999999999,275.15062248205254,275.18709338111637,273.3456885368519,273.5371398925781,2698200,-0.69,-0.1,0.67,-0.65,1.6099999999999999,24.229999542236328,-3.6999999999999997,-1
2020-12-23,342.84430466406303,344.0917525684816,341.8575170917641,342.183349609375,46201400,0.09,0.27999999999999997,0.65,-0.27999999999999997,1.63,300.26969695345633,300.62829842722294,298.5542130474029,298.70928955078125,21201300,-0.5,0.02,0.69,-0.06999999999999999,4.8500000000000005,274.5671312125215,276.0165359782589,274.51243879261705,274.6400451660156,2714400,0.4,0.38,0.5499999999999999,-0.09,0.48,23.309999465942383,-3.8,1
2020-12-24,342.65820709257804,343.54260584136324,342.07174248059044,343.5146789550781,26457900,0.38999999999999996,0.13999999999999999,0.43,-0.44999999999999996,2.18,298.9709433921492,300.47320069715903,298.893419934846,300.0273742675781,16785000,0.44,0.09,0.53,-0.27999999999999997,4.67,274.98648167209865,275.38757801175444,274.3210200587745,275.31463623046875,1955700,0.25,0.13,0.38999999999999996,-0.29,1.29,21.530000686645508,-7.64,1
2020-12-28,346.06537505500916,346.85667458893,345.4416652223988,346.4656982421875,39000400,0.86,0.74,0.41000000000000003,0.8099999999999999,2.77,302.634670504235,303.52635332428895,300.80285637972554,303.0514221191406,22497700,1.01,0.8699999999999999,0.91,1.03,4.760000000000001,276.83701155005684,278.16790709506387,276.5270784954191,277.1195983886719,2382400,0.66,0.5499999999999999,0.6,0.7000000000000001,1.79,21.700000762939453,0.79,1
2020-12-29,347.9923570664862,348.1692367590177,345.21816415032754,345.8046569824219,53680500,-0.19,0.44,0.8500000000000001,0.98,3.0300000000000002,304.3791544556446,304.9994605378058,302.4213688422395,303.3227233886719,25871900,0.09,0.44,0.8500000000000001,1.31,4.64,278.4232511096552,278.669394964406,275.87996861767635,276.62744140625,2319600,-0.18,0.47000000000000003,1.01,0.44,2.5,23.079999923706055,6.36,-1
2020-12-30,346.6239282532309,347.3314471151924,345.90711937087656,346.298095703125,49455300,0.13999999999999999,0.24,0.41000000000000003,1.29,2.06,304.4857243124753,304.80554924021425,302.71206097974704,303.3323669433594,18138100,0.0,0.38,0.69,1.04,3.32,277.2198182728301,278.1496451207087,276.99192389939117,277.2380676269531,2081300,0.22,0.21,0.42,1.35,2.1,22.770000457763672,-1.34,1
2020-12-31,346.1026197103733,348.78371400805713,345.59061740637577,348.0575866699219,78520700,0.51,-0.06,0.9199999999999999,1.72,2.37,303.23553071322874,304.56333843822097,302.159726058203,304.0787353515625,21611400,0.25,-0.03,0.79,1.7999999999999998,3.44,277.11964129795956,279.2071621747294,276.52712131296084,278.7513732910156,2797000,0.5499999999999999,-0.04,0.97,1.5,2.41,22.75,-0.09,1
2021-01-04,349.3888321963932,349.51917659122995,339.62334376927595,343.31915283203125,110210800,-1.3599999999999999,0.38,2.8400000000000003,-0.06,1.0,305.4065401706211,305.58101975930504,295.78233005983566,299.78515625,45305900,-1.41,0.44,3.2199999999999998,-0.08,1.8399999999999999,279.4804371396089,279.5442542171696,272.324550895554,275.5880126953125,5106600,-1.13,0.26,2.59,0.1,0.95,26.969999313354492,18.55,-1
2021-01-05,342.67681712955124,346.7729211198693,342.63025338281886,345.6837158203125,66426200,0.69,-0.19,1.21,-0.22999999999999998,0.83,298.7965787628583,302.5280284370665,298.7965787628583,302.2566223144531,29323400,0.8200000000000001,-0.33,1.24,-0.26,2.26,275.23257754982467,278.07669479182556,274.7312210713304,276.97369384765625,3355200,0.5,-0.13,1.21,-0.05,0.61,25.34000015258789,-6.04,1
2021-01-06,344.17558324644114,350.9434912559952,343.62633562425066,347.7503662109375,107997700,0.6,-0.44,2.12,0.5599999999999999,1.6400000000000001,297.54617016511384,302.2758990356934,296.5575909317961,298.0695495605469,52809600,-1.39,-1.5599999999999998,1.8900000000000001,-1.73,0.27999999999999997,276.89170794376906,282.8078379208373,276.2627171471062,280.95733642578125,7290300,1.44,-0.03,2.36,1.5699999999999998,2.56,25.06999969482422,-1.0699999999999998,1
2021-01-07,350.1241909226185,353.66172782753097,349.9473112363885,352.9169921875,68766800,1.49,0.6799999999999999,1.0699999999999998,1.91,2.85,300.7251774069149,306.11395934183895,300.6961024157407,305.28045654296875,30394800,2.42,0.89,1.82,0.64,2.36,282.3338009434004,284.39397511614754,281.73215641987764,283.0448303222656,4107900,0.74,0.49,0.95,2.09,2.9499999999999997,22.3700008392334,-10.77,1
2021-01-08,354.30414871589034,355.14198358914405,351.05519832067495,354.9278869628906,71677200,0.5700000000000001,0.38999999999999996,1.16,1.97,4.37,307.56781957057547,309.5547095596435,305.3774046091996,309.2057800292969,33955800,1.29,0.75,1.37,1.69,6.069999999999999,283.7284718085736,283.89254906748494,280.7567205189935,283.53704833984375,3234900,0.16999999999999998,0.24,1.11,1.72,3.58,21.559999465942383,-3.62,1
2021-01-11,351.7534496860149,354.29488155566315,351.63242370939287,352.5354309082031,51034700,-0.67,-0.89,0.75,2.68,3.6999999999999997,306.24966010158994,307.4223908407491,304.0883205141458,304.7377014160156,32746400,-1.4500000000000002,-0.96,1.08,1.6500000000000001,4.12,281.2124560841319,283.5005238767053,281.1486668193672,282.7439270019531,2811400,-0.27999999999999997,-0.8200000000000001,0.83,2.6,3.4000000000000004,24.079999923706055,11.690000000000001,-1
2021-01-12,352.7216297535115,353.62460854416884,350.36633924065404,352.6098937988281,52547700,0.02,0.05,0.9199999999999999,2.0,3.85,304.7765237949617,305.86202982994007,301.6169322098256,304.253173828125,29266800,-0.16,0.01,1.39,0.66,4.19,282.75316007859163,283.7285548795914,281.59546643180585,283.2636413574219,2290900,0.18,0.0,0.75,2.27,3.46,23.329999923706055,-3.11,1
2021-01-13,352.53538468344925,354.5554954734266,351.7534035637951,353.5594177246094,45303600,0.27,-0.02,0.79,1.67,4.590000000000001,304.51491539489683,307.1026795302107,303.9140122497027,306.3079528808594,22898400,0.6799999999999999,0.09,1.05,2.76,4.14,283.16326904296875,284.0475001613811,282.51605693128516,283.16326904296875,1854400,-0.04,-0.04,0.54,0.79,4.06,22.209999084472656,-4.8,1
2021-01-14,354.3041831146207,354.80689545132014,351.9861664446019,352.3212890625,49989100,-0.35000000000000003,0.21,0.8,-0.16999999999999998,2.8400000000000003,306.75370892686954,307.7519899560622,304.19499080671324,304.669921875,23500100,-0.53,0.15,1.16,-0.2,2.48,284.0383889389306,284.65825487297593,282.48872410381716,282.6345520019531,3232400,-0.19,0.31,0.77,-0.13999999999999999,2.65,23.25,4.68,-1
2021-01-15,350.70146508008384,351.5020547003936,347.8900545677973,349.7519226074219,107160000,-0.73,-0.45999999999999996,1.03,-1.46,1.9300000000000002,304.45673925260405,305.4162438970654,301.01603959858863,302.2566223144531,35118700,-0.79,-0.06999999999999999,1.44,-2.25,1.1199999999999999,280.89097038780733,282.08562794364144,279.08529138487023,280.99127197265625,4009100,-0.58,-0.62,1.06,-0.8999999999999999,2.22,24.34000015258789,4.6899999999999995,-1
2021-01-19,352.20952068020125,353.0380654699637,350.72933922047633,352.49810791015625,51233300,0.79,0.7000000000000001,0.66,-0.01,2.16,304.57298488357054,307.17044985963673,303.477777373336,306.6664733886719,24537000,1.46,0.77,1.22,0.63,1.92,283.033952633916,283.3804995119898,281.42893295792874,282.0855407714844,2781700,0.38999999999999996,0.73,0.69,-0.22999999999999998,2.16,23.239999771118164,-4.52,1
2021-01-20,354.78819724418975,358.21405551285824,354.397220924243,357.376220703125,61836100,1.38,0.65,1.08,1.35,3.9800000000000004,310.2815515285301,314.7398744387899,306.7633298269035,313.79974365234375,30728100,2.33,1.18,2.6,3.1399999999999997,4.61,283.0979310206208,284.83976685395703,282.6510823756938,284.3199462890625,2398400,0.79,0.36,0.7799999999999999,0.37,3.3099999999999996,21.579999923706055,-7.140000000000001,1
2021-01-21,357.93475983810305,358.36300987967786,356.7804109135132,357.7020263671875,47840100,0.09,0.16,0.44,1.17,4.45,315.1372667969184,317.0563049705989,313.7610110946119,316.30999755859375,25130600,0.8,0.43,1.05,3.27,5.65,284.5388197506342,285.17717094941037,283.8001391246624,284.4111328125,1930000,0.03,0.08,0.48,0.44,3.26,21.31999969482422,-1.2,1
2021-01-22,355.84938981981173,357.5995496377505,355.4677036118706,356.4358825683594,52860500,-0.35000000000000003,-0.52,0.6,1.17,4.26,315.2730463317936,316.40700085407076,314.71089025556637,315.3990478515625,21609400,-0.29,-0.33,0.54,3.52,5.06,282.5779543145471,283.63582392447546,281.87575999900423,282.67828369140625,2049700,-0.61,-0.64,0.62,0.02,3.34,21.90999984741211,2.77,-1
2021-01-25,357.17146221981005,358.1954668974896,352.3212755983803,357.84173583984375,70402000,0.38999999999999996,0.21,1.6500000000000001,2.31,4.58,318.78154709281154,320.14813109393396,311.5125021365133,318.00616455078125,39080600,0.83,1.0699999999999998,2.74,5.21,6.460000000000001,281.78464269659185,282.5050941111804,278.7113623315365,282.38653564453125,4546400,-0.1,-0.32,1.34,0.5,2.82,23.190000534057617,5.84,1
2021-01-26,358.79128116207573,359.2008944003585,357.0504391042999,357.2831726074219,42665300,-0.16,0.27,0.6,1.3599999999999999,4.01,318.7234080613514,319.60538909572153,317.1435975040631,318.4714050292969,25498100,0.15,0.22999999999999998,0.77,3.85,6.15,283.19821668237506,283.7909812449875,281.9853022184201,282.14947509765625,2256100,-0.08,0.29,0.64,0.02,2.48,23.020000457763672,-0.73,-1
2021-01-27,353.95968803310404,354.05278710492604,346.31672868098127,348.55096435546875,123351100,-2.44,-0.9299999999999999,2.17,-2.4699999999999998,0.6,316.2131690962116,316.2228410436021,307.58721175922113,309.5934753417969,55264000,-2.79,-0.7100000000000001,2.71,-1.34,2.16,279.550412380417,279.714557435997,275.5013340256636,276.5592041015625,5743100,-1.9800000000000002,-0.9199999999999999,1.49,-2.73,-0.2,37.209999084472656,61.63999999999999,-1
2021-01-28,350.3662492978682,355.5515576481308,349.928737662884,351.5485534667969,94198100,0.86,0.52,1.6099999999999999,-1.72,1.66,310.79528450025003,316.36821870377565,310.17497849589614,311.4252624511719,42836300,0.59,0.38999999999999996,2.0,-1.54,2.67,278.12767780687165,282.1767548742225,277.9908624734254,279.1217041015625,6392100,0.9299999999999999,0.5700000000000001,1.51,-1.8599999999999999,0.8999999999999999,30.209999084472656,-18.81,1
2021-01-29,349.686639876068,350.6548189054019,342.83495288285974,344.5106506347656,126765100,-2.0,-0.53,2.22,-3.35,-0.52,309.7388471809838,310.84375624229205,303.128884596821,304.8734436035156,55259000,-2.1,-0.54,2.48,-3.34,0.51,277.1611097911849,277.94537697963017,272.3003787219612,273.4129638671875,5929900,-2.0500000000000003,-0.7000000000000001,2.02,-3.2800000000000002,-1.38,33.09000015258789,9.53,-1
2021-02-01,347.90861660624154,351.2785927627981,344.7993008040637,350.2452697753906,75817600,1.66,0.9900000000000001,1.8800000000000001,-2.12,0.63,308.31411931482035,313.57693059334537,306.2884822397194,312.4914245605469,35646000,2.5,1.13,2.39,-1.73,2.77,275.66552276666414,276.64132046941023,273.7139551918064,275.42840576171875,3138600,0.74,0.8200000000000001,1.0699999999999998,-2.46,-1.1900000000000002,30.239999771118164,-8.61,1
2021-02-02,353.4290462295083,356.7524870405597,350.32904887111556,355.19781494140625,64450700,1.41,0.91,1.83,-0.58,3.46,315.4572113530647,318.742804644067,315.29243330220027,317.5894470214844,33930800,1.63,0.95,1.0999999999999999,-0.27999999999999997,5.94,277.7264105677019,281.27389628227445,277.7081536805958,279.8056640625,3090500,1.59,0.83,1.29,-0.83,1.53,25.559999465942383,-15.479999999999999,1
2021-02-03,356.026389967423,357.19937586145977,354.2017673399159,355.4771423339844,52427100,0.08,0.22999999999999998,0.84,1.9900000000000002,2.83,319.66353887200273,320.03184189465435,316.27131777805255,316.3294677734375,24824500,-0.4,0.65,1.18,2.18,4.66,279.1491003285356,280.82709220076146,278.31009047711024,280.20697021484375,2087800,0.13999999999999999,-0.22999999999999998,0.8999999999999999,1.32,1.17,22.90999984741211,-10.37,1
2021-02-04,356.5104680448607,359.563930354463,355.5888524983493,359.51739501953125,47142600,1.1400000000000001,0.29,1.1199999999999999,2.27,3.38,317.7251554430915,320.157842676717,316.40701974736385,320.07061767578125,22350900,1.18,0.44,1.1900000000000002,2.78,7.380000000000001,280.74493443915765,283.316650390625,280.67196256260473,283.316650390625,2638800,1.11,0.19,0.9400000000000001,1.5,0.84,21.770000457763672,-4.9799999999999995,1
2021-02-05,361.3885805309923,361.6399224767463,359.47085881489795,360.9324035644531,48669800,0.38999999999999996,0.52,0.6,4.77,2.27,321.02039344305297,322.16404935647347,319.3824330340786,321.15606689453125,22732000,0.33999999999999997,0.3,0.8699999999999999,5.34,5.2,284.85801081183575,285.0312843425265,283.4992079107042,284.1102294921875,1955600,0.27999999999999997,0.54,0.54,3.91,0.38,20.8700008392334,-4.130000000000001,1
2021-02-08,362.3846241257551,363.58553679527535,361.52818085884974,363.53900146484375,38365200,0.72,0.4,0.5700000000000001,3.8,2.4299999999999997,322.84256976000034,323.46284630646204,321.20460902422445,323.3077697753906,20462800,0.67,0.53,0.7000000000000001,3.46,4.5600000000000005,285.1680682547316,286.2532958984375,284.9035937638321,286.2532958984375,1690000,0.75,0.37,0.48,3.93,0.96,21.239999771118164,1.77,1
2021-02-09,362.7011856677286,363.8928084728964,362.2916008407664,363.2969970703125,35551100,-0.06999999999999999,-0.22999999999999998,0.44,2.2800000000000002,3.05,322.3773215906814,324.49988527206455,322.36762006497844,323.23992919921875,17597500,-0.02,-0.29,0.66,1.78,6.069999999999999,285.678777063892,286.80959134814253,285.04952644942796,286.2806701660156,1798700,0.01,-0.2,0.61,2.31,1.25,21.6299991607666,1.8399999999999999,-1
2021-02-10,365.0378769579993,365.1868298240842,360.7369659355189,363.1387634277344,59154400,-0.04,0.48,1.22,2.16,2.9899999999999998,324.6743385925005,325.1298666378689,319.3534066238231,322.5033264160156,28068700,-0.22999999999999998,0.44,1.79,1.95,6.0,287.4205306522809,287.48434627572567,284.8031995110391,286.80950927734375,3048000,0.18,0.4,0.9400000000000001,2.36,1.25,21.989999771118164,1.66,-1
2021-02-11,364.2185830573535,364.637514691375,361.29546527923713,363.7251892089844,42913300,0.16,0.3,0.9199999999999999,1.17,2.88,324.0346150143386,324.68399602062,321.89267812835,324.27691650390625,22046100,0.5499999999999999,0.47000000000000003,0.8699999999999999,1.31,5.87,287.3475372332465,287.95855856242326,285.25915510980786,286.9736328125,1937100,0.06,0.19,0.9400000000000001,1.29,1.35,21.25,-3.37,1
2021-02-12,362.9245677029753,365.7639045862191,362.8500770853384,365.5218811035156,50593300,0.49,-0.22,0.8,1.27,3.75,323.4337413075448,326.2541344505574,322.38701179217514,326.0893859863281,20346800,0.5599999999999999,-0.26,1.1900000000000002,1.54,7.03,286.60887754889154,287.3931723938897,286.1984871516614,287.3019714355469,2479500,0.11,-0.13,0.42,1.1199999999999999,1.6500000000000001,19.969999313354492,-6.02,1
2021-02-16,366.7507370926893,366.94625368053585,364.4885743748941,365.20538330078125,50972400,-0.09,0.33999999999999997,0.67,0.45999999999999996,4.42,326.8840742771446,327.77575674947775,324.04430799298007,325.2073669433594,27080800,-0.27,0.24,1.1400000000000001,0.59,7.59,288.47839909973715,288.66992947946545,287.14695404065793,287.79443359375,1836300,0.16999999999999998,0.41000000000000003,0.53,0.54,2.42,21.459999084472656,7.46,-1
2021-02-17,363.4552435609881,365.54052650809217,362.44050055956217,365.2891845703125,52290600,0.02,-0.48,0.8500000000000001,0.5499999999999999,3.63,322.23194008983177,325.3237097887866,320.00277798200216,323.64697265625,31360300,-0.48,-0.91,1.6400000000000001,0.13,5.54,286.9828650923519,289.0074044990162,286.2350559802883,288.7247009277344,2007400,0.32,-0.27999999999999997,0.96,0.8500000000000001,2.35,21.5,0.19,1
2021-02-18,362.6825372104316,364.47923283154506,360.9603038015021,363.7344970703125,59712800,-0.43,-0.7100000000000001,0.96,0.16,1.78,320.0609215270865,323.5888161354147,318.24848138527534,322.23193359375,32236200,-0.44,-1.11,1.6500000000000001,-0.08,2.69,287.0375036145091,288.17744604347854,285.7881311652587,287.77618408203125,2609600,-0.33,-0.58,0.83,0.33999999999999997,1.22,22.489999771118164,4.6,-1
2021-02-19,364.9912455990278,365.27983282306974,362.64527408765895,363.0921325683594,83241000,-0.18,0.35000000000000003,0.72,-0.16999999999999998,1.51,323.57907939311684,323.70508089716884,319.80888368490145,320.8265380859375,39157700,-0.44,0.42,1.21,-1.06,1.43,288.3709322013594,289.0379388184351,287.42982855465044,287.7405090332031,2314900,-0.01,0.21,0.5599999999999999,0.27,1.17,22.049999237060547,-1.96,-1
2021-02-22,360.3273043244353,362.7104930424211,360.0293986322245,360.29937744140625,67414200,-0.77,-0.76,0.74,-1.43,1.08,316.44574654396285,317.70570246324013,312.3072477348789,312.5107727050781,47256900,-2.59,-1.37,1.68,-4.16,-0.9199999999999999,285.8948621431376,289.1750204305652,285.776077455459,288.0054931640625,2978000,0.09,-0.64,1.18,0.24,1.8800000000000001,23.450000762939453,6.35,-1
2021-02-23,358.09299834523233,362.0867122956101,353.94104155862044,360.7368469238281,107284100,0.12,-0.61,2.26,-1.22,0.8099999999999999,307.2382391088427,313.24732690992033,301.4230042992116,311.5802917480469,97241900,-0.3,-1.69,3.7800000000000002,-4.19,-2.02,287.6034082555689,289.17496282094544,284.7070143142988,288.169921875,5723400,0.06,-0.13999999999999999,1.55,0.13,2.0500000000000003,23.110000610351562,-1.4500000000000002,1
2021-02-24,359.64766215783163,365.1401946066292,358.6608745485557,364.7119445800781,72433900,1.0999999999999999,-0.3,1.7999999999999998,-0.16,2.08,308.92476820579117,314.4589567870725,306.2303762097471,314.1488037109375,58206300,0.8200000000000001,-0.8500000000000001,2.64,-2.93,-1.3599999999999999,287.52136560468756,292.4187824034287,287.064518375285,291.9527893066406,4290300,1.31,-0.22999999999999998,1.8599999999999999,1.1199999999999999,3.47,21.34000015258789,-7.66,1
2021-02-25,363.44603676643834,364.81451122327826,354.48113557059503,355.924072265625,146670500,-2.41,-0.35000000000000003,2.83,-2.15,2.12,311.49311597474355,314.05180431465607,301.65565187239883,303.1966857910156,110182600,-3.49,-0.8500000000000001,3.95,-5.91,-2.07,292.11707054423454,292.3089663405562,285.94963668581966,286.8816223144531,7648600,-1.7399999999999998,0.06,2.18,-0.31,3.73,28.889999389648438,35.38,-1
2021-02-26,357.8044418312601,358.9494723193458,352.1071310412466,354.0899963378906,152701600,-0.52,0.53,1.92,-2.48,0.72,306.1237648797508,309.2833567795683,301.30680918642094,304.4664306640625,104739800,0.42,0.97,2.63,-5.1,-2.23,287.28367496583854,287.30193880739233,282.13042750744575,282.74261474609375,7925600,-1.44,0.13999999999999999,1.7999999999999998,-1.7399999999999998,1.3,27.950000762939453,-3.25,-1
2021-03-01,358.9588307931296,363.92072482785227,354.2855524299561,362.6732482910156,105348800,2.42,1.38,2.7199999999999998,0.66,5.27,309.43835907915917,313.96456367615275,308.14932823792475,313.6253356933594,49164500,3.01,1.63,1.91,0.36,2.87,286.4249015981914,289.5680122471836,286.39749188431165,288.352783203125,4749700,1.9800000000000002,1.3,1.1199999999999999,0.12,5.46,23.350000381469727,-16.46,1
2021-03-02,362.8966935413863,363.12942703807903,359.34051889355743,359.8432312011719,79595300,-0.7799999999999999,0.06,1.04,-0.25,2.74,314.26507641710975,314.3425998904957,308.34324137187855,308.59521484375,48370000,-1.6,0.2,1.91,-0.96,-1.25,288.47146753455195,289.12018245977526,286.90905861965683,287.0735168457031,4075700,-0.44,0.04,0.77,-0.38,4.2299999999999995,24.100000381469727,3.2099999999999995,-1
2021-03-03,359.14505098556646,360.11320193136976,354.97445626184805,355.0768737792969,119940200,-1.32,-0.19,1.43,-2.64,-0.03,307.4999867015868,308.4401177344463,299.58158999462006,299.6397399902344,86301100,-2.9000000000000004,-0.35000000000000003,2.87,-4.62,-5.65,286.8451323781938,288.608555326108,285.83091741211933,285.97711181640625,5148100,-0.38,-0.08,0.97,-2.0500000000000003,2.21,26.670000076293945,10.66,-1
2021-03-04,354.89067292653556,357.47866839991167,346.1957524741158,350.682861328125,183433000,-1.24,-0.05,3.18,-1.47,-1.35,299.27141140540306,302.43103226041615,290.8683828229836,294.73553466796875,139131600,-1.6400000000000001,-0.12,3.8600000000000003,-2.79,-6.83,286.15996264400263,287.7406640564431,279.2981085067863,282.86151123046875,8577600,-1.09,0.06,2.9499999999999997,-1.4000000000000001,0.95,28.56999969482422,7.12,-1
2021-03-05,354.1830522209463,358.1860844557175,346.90317177128276,357.1341247558594,152039600,1.8399999999999999,1.0,3.2199999999999998,0.86,-0.66,297.35244817164187,300.07591520765766,288.29039392964586,299.174560546875,121523700,1.51,0.89,4.0,-1.7399999999999998,-6.529999999999999,285.5293549700555,288.77295728902493,281.3263572881511,288.0328674316406,7016100,1.83,0.9400000000000001,2.63,1.87,1.66,24.65999984741211,-13.69,1
2021-03-08,358.09299620806587,360.90440603525224,355.07677981003513,355.3560485839844,123149200,-0.5,0.27,1.63,-2.02,-1.54,298.6317416108626,300.512003576939,290.2868923264038,290.7036437988281,88409800,-2.83,-0.18,3.42,-7.31,-9.48,289.4125098432974,293.96271498489307,288.5718992822551,290.7830505371094,8230700,0.95,0.48,1.87,0.84,2.35,25.469999313354492,3.2800000000000002,-1
2021-03-09,359.2008783576128,362.9804680067196,358.69816605856334,360.4297180175781,113633600,1.43,1.08,1.21,0.16,-0.86,298.0017680987758,304.06900708490633,297.4687166333101,302.1693420410156,80391100,3.94,2.5100000000000002,2.27,-2.08,-6.54,291.8977907636818,293.99927557598255,290.95668716391583,291.11199951171875,5829900,0.11,0.38,1.05,1.41,1.7000000000000002,24.030000686645508,-5.65,1
2021-03-10,362.77566580218155,364.3675549570112,361.3606563767608,362.6732482910156,109899400,0.62,0.65,0.83,2.1399999999999997,-0.16999999999999998,306.4241691358613,306.724620626328,300.6186347246778,301.3067626953125,76798100,-0.29,1.41,2.02,0.5599999999999999,-6.79,292.86635045060103,296.3201128173574,292.8115310387263,295.4246826171875,6472200,1.48,0.6,1.21,3.3000000000000003,3.19,22.559999465942383,-6.12,1
2021-03-11,365.1402001712224,368.32397808065963,364.68402325858307,366.35040283203125,86245000,1.01,0.6799999999999999,1.0,4.47,0.88,306.0461300606246,310.01017856024106,305.1544772146569,308.2462463378906,53484800,2.3,1.5699999999999998,1.6099999999999999,4.58,-4.42,296.6855893415592,298.75054683248044,295.881534110272,297.2520751953125,5745900,0.62,0.43,0.97,5.09,3.64,21.90999984741211,-2.88,1
2021-03-12,364.99135275230026,366.9835370260259,364.1814446012603,366.8439025878906,64653600,0.13,-0.37,0.76,2.7199999999999998,0.86,304.1950830557791,308.4305395426402,301.80117182704805,305.7458190917969,69315600,-0.8099999999999999,-1.31,2.15,2.1999999999999997,-5.71,297.5628371159219,300.1394338690377,297.4074968149468,299.9749755859375,4257200,0.9199999999999999,0.1,0.9199999999999999,4.15,4.53,20.690000534057617,-5.57,1
2021-03-15,367.0951965209388,369.2922155627964,364.95405965687513,369.03155517578125,73427200,0.6,0.06999999999999999,1.18,3.85,0.96,306.06559768993225,309.1767409392232,304.4276370409877,309.011962890625,42955700,1.0699999999999998,0.1,1.55,6.3,-5.24,300.76976198209087,301.73827531975854,298.6043118236504,301.6012268066406,4456000,0.54,0.26,1.04,3.7199999999999998,4.9799999999999995,20.030000686645508,-3.19,1
2021-03-16,369.64598797533466,370.3534785306605,367.79340990754196,368.56610107421875,73722500,-0.13,0.16999999999999998,0.69,2.26,0.9199999999999999,311.2024039742943,314.21665052794987,309.27369317082486,310.7080993652344,54925900,0.5499999999999999,0.7100000000000001,1.6,2.83,-4.46,301.381993077957,301.5190416110342,299.9840422731096,300.4774169921875,3270600,-0.37,-0.06999999999999999,0.51,3.2199999999999998,4.41,19.790000915527344,-1.2,-1
2021-03-17,367.28135513431295,370.6234044689322,366.13629619510306,369.82281494140625,97959300,0.33999999999999997,-0.35000000000000003,1.22,1.97,1.24,307.67447751041885,313.8773904178107,305.958963843639,311.9874267578125,78258700,0.41000000000000003,-0.98,2.55,3.54,-3.5999999999999996,300.79720423912505,302.4601340681987,300.03885046198104,302.2225646972656,4338200,0.58,0.11,0.8099999999999999,2.3,4.67,19.229999542236328,-2.83,1
2021-03-18,367.23481832610025,369.32010118927036,363.76242462104625,364.4420166015625,115349100,-1.4500000000000002,-0.7000000000000001,1.5,-0.52,0.19,307.1123129466871,308.0912205113024,301.97553276942267,302.4310607910156,82718100,-3.06,-1.5599999999999998,1.96,-1.8900000000000001,-6.140000000000001,301.7932010015012,304.132256061498,300.39524990795826,300.934326171875,5376500,-0.43,-0.13999999999999999,1.24,1.24,4.569999999999999,21.579999923706055,12.22,-1
2021-03-19,364.1412876855865,365.7197211971754,361.59150389696646,363.7677001953125,113624500,-0.19,-0.08,1.13,-0.84,0.19,302.26625139318713,305.0381957585479,300.1243145502843,303.4971618652344,78446200,0.35000000000000003,-0.05,1.6199999999999999,-0.74,-5.4,300.3859188862261,300.4683158899611,297.5385421969664,298.4815673828125,5628800,-0.8200000000000001,-0.18,0.97,-0.5,3.73,20.950000762939453,-2.92,-1
2021-03-22,364.2813388885478,368.0546376770292,364.22530219638827,366.6723327636719,73778600,0.8,0.13999999999999999,1.05,-0.64,1.77,305.8892642780777,311.2557415596167,305.8892642780777,309.188720703125,56194800,1.8800000000000001,0.79,1.77,0.06,-1.06,298.06033794711794,300.28516842289923,297.58425713939147,299.6076354980469,3807600,0.38,-0.13999999999999999,0.8999999999999999,-0.66,4.03,18.8799991607666,-9.879999999999999,1
2021-03-23,366.0372486874983,367.4849108087404,363.00180420504506,363.7863464355469,90686600,-0.79,-0.16999999999999998,1.22,-1.3,0.8500000000000001,310.2756635863065,311.59543446462345,307.02471644005647,307.8398742675781,53455400,-0.44,0.35000000000000003,1.48,-0.9199999999999999,-1.2,298.76552449035415,299.82757736710744,296.1287074088525,296.69635009765625,5068400,-0.97,-0.27999999999999997,1.23,-1.26,2.96,20.299999237060547,7.5200000000000005,-1
2021-03-24,365.1873437728255,366.8218139815274,361.8903850062456,361.93707275390625,97588600,-0.51,0.38999999999999996,1.3599999999999999,-2.13,-0.76,309.208126766861,309.2469522605069,302.50245167170226,302.64801025390625,64803700,-1.69,0.44,2.19,-2.9899999999999998,-3.66,297.8130987322439,300.05622997316243,296.71441650390625,296.71441650390625,6099000,0.01,0.38,1.13,-1.82,1.63,21.200000762939453,4.43,-1
2021-03-25,360.4987874842971,364.7670683556702,358.5560867809132,363.97320556640625,116128600,0.5599999999999999,-0.4,1.72,-0.13,2.26,300.8042525707295,303.63792180700096,298.30055566633035,302.1240234375,78729000,-0.16999999999999998,-0.61,1.76,-0.1,-0.35000000000000003,295.46014472989015,299.039985077232,293.54662907549783,298.64630126953125,5557900,0.65,-0.42,1.8499999999999999,-0.76,4.1000000000000005,19.809999465942383,-6.5600000000000005,1
2021-03-26,365.12196135499164,370.2401983720078,364.5242270663124,369.8385925292969,114409100,1.6099999999999999,0.32,1.5699999999999998,1.67,4.45,301.91052690579824,306.9761737612359,300.513134656362,306.65594482421875,63519600,1.5,-0.06999999999999999,2.1399999999999997,1.04,0.72,299.93733035735585,302.9495292628252,299.0950032320005,302.6931457519531,4956600,1.3599999999999999,0.43,1.29,1.41,7.06,18.860000610351562,-4.8,1
2021-03-29,368.362862908593,370.55772850073316,366.87783346614003,369.6517639160156,108107600,-0.05,-0.4,1.0,0.8099999999999999,1.92,306.12218344931506,307.61662446358594,303.2302911223653,306.5685729980469,54608000,-0.03,-0.16999999999999998,1.43,-0.8500000000000001,-2.25,301.48451744558406,304.3868246616526,301.1274359216093,303.6543884277344,5200900,0.32,-0.4,1.08,1.35,5.3100000000000005,20.739999771118164,9.969999999999999,-1
2021-03-30,368.381579616897,369.34358094645273,367.07398064220894,368.6711120605469,76262200,-0.27,-0.33999999999999997,0.61,1.34,2.45,304.60838735325643,305.5982156181683,302.327870178271,305.0256652832031,44635700,-0.5,-0.64,1.0699999999999998,-0.91,-1.16,303.09587568490883,303.59945003206207,301.9331255069816,302.88531494140625,4568800,-0.25,-0.18,0.5499999999999999,2.09,5.510000000000001,19.610000610351562,-5.45,-1
2021-03-31,369.2407713856675,371.72516915261264,369.2127530406712,370.1654052734375,112734200,0.41000000000000003,0.15,0.6799999999999999,2.27,4.25,306.81115058938997,311.25570693315365,306.47149416830865,309.6933288574219,55032500,1.53,0.59,1.5699999999999998,2.33,3.36,302.69300013885584,303.617723830433,302.0795911491022,302.29931640625,3763700,-0.19,-0.06,0.51,1.8800000000000001,5.71,19.399999618530273,-1.0699999999999998,1
2021-04-01,372.0988388044274,374.218998554884,371.89336139475535,374.1629333496094,99682900,1.08,0.52,0.63,2.8000000000000003,6.7,313.51691926982494,315.10840953726546,313.264597918877,314.9725646972656,55685600,1.7000000000000002,1.23,0.6,4.25,6.87,302.84875159967646,303.5995170490951,301.87826082483065,303.4621887207031,5936100,0.38,0.18,0.5700000000000001,1.6099999999999999,7.28,17.329999923706055,-10.67,1
2021-04-05,376.82471954638225,380.0749901846481,376.75001345829463,379.53326416015625,91684800,1.44,0.7100000000000001,0.89,2.62,6.2700000000000005,317.4567647947559,322.02748171837067,317.21415729922177,321.2608337402344,42172500,2.0,0.79,1.53,4.760000000000001,7.380000000000001,305.74195488675866,307.7653336458732,305.71448921819723,306.89556884765625,5632700,1.13,0.75,0.6799999999999999,1.39,6.550000000000001,17.90999984741211,3.35,1
2021-04-06,378.9730448550216,380.3553217947627,378.6367960704182,379.30926513671875,62021000,-0.06,-0.15,0.44999999999999996,2.6100000000000003,6.74,320.9503540547796,322.98823354990924,320.2613273685376,321.0376892089844,33537200,-0.06999999999999999,-0.1,0.8500000000000001,4.72,10.43,306.42857531096655,307.09694372612717,305.5954129109132,306.1355895996094,2987500,-0.25,-0.15,0.49,0.8200000000000001,5.28,18.1200008392334,1.17,-1
2021-04-07,379.1409942505184,380.0936464810016,378.68335178237857,379.7480773925781,55836300,0.12,-0.04,0.37,3.0,5.36,320.56222355205784,322.64867236045967,319.6306187691433,321.8140869140625,32046400,0.24,-0.15,0.9400000000000001,5.5,6.5,305.9250288213538,306.8680538780023,305.2841260703419,306.1355895996094,2658500,0.0,-0.06999999999999999,0.52,1.0699999999999998,5.16,17.15999984741211,-5.3,1
2021-04-08,380.99967367195654,381.60675691392385,380.06569068342264,381.55072021484375,57863100,0.47000000000000003,0.33,0.41000000000000003,3.08,5.21,324.6671093943618,325.35610651026633,323.8713495618083,325.1717224121094,29940800,1.04,0.89,0.45999999999999996,5.0,7.920000000000001,306.0714300787919,306.84966098868904,305.274898043487,306.83135986328125,2665000,0.22999999999999998,-0.02,0.51,1.5,3.8600000000000003,16.950000762939453,-1.22,1
2021-04-09,381.4293518580536,384.49281512504706,381.3079295009663,384.3246765136719,61104600,0.73,-0.03,0.83,2.7199999999999998,4.91,323.8131550209015,327.3455353059194,323.0756481776321,327.1417236328125,36664900,0.61,-0.42,1.31,3.8600000000000003,6.13,307.37161940743505,309.53232629606254,307.0420034765767,309.3309020996094,3034700,0.8099999999999999,0.18,0.8099999999999999,1.9300000000000002,4.06,16.690000534057617,-1.53,1
2021-04-12,383.7268976917543,384.7355867285504,383.11981447960585,384.4647521972656,56704900,0.04,-0.16,0.42,1.3,4.8,326.1034068863233,327.1320606369448,324.83214556026877,326.71478271484375,25833000,-0.13,-0.32,0.7000000000000001,1.7000000000000002,6.859999999999999,308.78159649341836,309.33090982413785,308.2230906863099,309.0470886230469,2951500,-0.09,-0.18,0.36,0.7000000000000001,3.02,16.90999984741211,1.32,1
2021-04-13,384.36197181036624,386.22993756231864,383.97903541086856,385.6041564941406,56551000,0.3,-0.03,0.59,1.66,4.49,328.2382729444184,330.9942909199149,328.0247771343008,330.52850341796875,30374000,1.17,0.47000000000000003,0.91,2.96,6.959999999999999,308.2048254738915,308.92812536450964,307.16107414256953,308.351318359375,3391700,-0.22999999999999998,-0.27,0.5700000000000001,0.72,2.2399999999999998,16.649999618530273,-1.54,1
2021-04-14,385.5761956165632,386.6316009841835,383.7455968876172,384.2873229980469,61659900,-0.33999999999999997,-0.01,0.75,1.2,4.2700000000000005,330.77108048618845,330.897241128073,325.7442600560948,326.5594177246094,42564300,-1.2,0.06999999999999999,1.5599999999999998,1.47,5.1,308.3694828012977,310.4752577227909,308.30538695343654,309.0286865234375,3966800,0.22,0.01,0.7000000000000001,0.95,2.85,16.989999771118164,2.04,-1
2021-04-15,386.42610852089956,388.68635987083064,386.3794207731198,388.4154968261719,60229800,1.0699999999999998,0.5599999999999999,0.6,1.7999999999999998,5.029999999999999,329.43193130872146,331.8968322351225,326.27803325321327,331.5086364746094,36342800,1.52,0.88,1.72,1.95,6.260000000000001,310.2190497361068,311.94947080703093,310.2190497361068,311.693115234375,3881800,0.86,0.38999999999999996,0.5599999999999999,1.58,3.1300000000000003,16.56999969482422,-2.4699999999999998,1
2021-04-16,389.7043961665137,390.3208283501207,388.28475230611167,389.7137451171875,82037300,0.33,0.33,0.52,1.4000000000000001,6.93,332.03269541748523,332.11034641995263,330.0238977449585,331.8968505859375,40860100,0.12,0.16,0.63,1.4500000000000002,9.74,312.97700043818463,313.6180859808163,312.29010510332324,313.0960388183594,3748900,0.44999999999999996,0.41000000000000003,0.43,1.22,4.04,16.25,-1.9300000000000002,1
2021-04-19,388.77971032486425,389.2280038510843,386.472771544875,387.79901123046875,78498500,-0.49,-0.24,0.7100000000000001,0.8699999999999999,6.61,330.3247033543837,331.47948788337334,326.9378822962506,328.8593444824219,34533100,-0.9199999999999999,-0.47000000000000003,1.37,0.66,8.36,312.3725192974146,312.59231685366007,311.07198520666446,312.0794372558594,3222800,-0.32,-0.22999999999999998,0.49,0.98,4.5600000000000005,17.290000915527344,6.4,-1
2021-04-20,386.5848990980943,387.68699217501296,383.4840687603821,384.95977783203125,81851800,-0.73,-0.31,1.08,-0.16999999999999998,4.99,328.19944988212427,329.4803950215686,324.4924000385341,326.4623718261719,38081800,-0.73,-0.2,1.52,-1.23,5.59,310.84304616427744,311.2643341656839,308.4160214444385,309.6707458496094,3762900,-0.77,-0.4,0.91,0.43,3.36,18.68000030517578,8.04,-1
2021-04-21,384.34333492736897,388.80777231208793,384.2032146818028,388.602294921875,66793000,0.95,-0.16,1.2,1.1199999999999999,6.819999999999999,325.1814747322325,329.4416778211828,324.0945975712304,329.2572937011719,36598100,0.86,-0.38999999999999996,1.6400000000000001,0.83,6.959999999999999,309.2219983902769,312.8030164533202,309.1578814445558,312.58319091796875,4191200,0.9400000000000001,-0.13999999999999999,1.18,1.15,5.35,17.5,-6.32,1
2021-04-22,388.43417324213044,389.26540322576255,383.98840538810305,385.0531311035156,97582800,-0.91,-0.04,1.3599999999999999,-0.8699999999999999,6.39,328.8690668857819,329.8491811367838,324.13336331578,325.2881774902344,45936100,-1.21,-0.12,1.7399999999999998,-1.8800000000000001,7.48,312.41832733241057,312.5007514229133,308.72741065850806,309.6707458496094,4962500,-0.9299999999999999,-0.05,1.21,-0.65,4.37,18.709999084472656,6.909999999999999,-1
2021-04-23,385.6135482901479,390.63838128168265,385.53884219304297,389.2280578613281,73209200,1.08,0.15,1.32,-0.12,6.94,325.9189800210378,330.6934798949631,325.9189800210378,329.3834228515625,36381900,1.26,0.19,1.47,-0.76,9.02,309.3319684031049,312.8488703301528,308.7641392099149,311.7864685058594,3613900,0.6799999999999999,-0.11,1.32,-0.42,4.3999999999999995,17.329999923706055,-7.380000000000001,1
2021-04-26,389.8818882565418,390.61039389838606,389.2934743721866,390.0406494140625,52182400,0.21,0.16999999999999998,0.33999999999999997,0.58,5.46,329.62601091696735,331.80947868051476,328.8787607730623,331.5280456542969,30812000,0.65,0.06999999999999999,0.89,0.8099999999999999,8.110000000000001,312.4458601028735,312.7481097740729,310.833964339258,311.2735595703125,2090900,-0.16,0.21,0.61,-0.26,2.83,17.639999389648438,1.79,1
2021-04-27,390.3394793906885,390.53563632822335,388.81708265316865,389.95654296875,51303100,-0.02,0.08,0.44,1.3,5.489999999999999,331.8191306135299,332.0326264031691,329.1407638887171,330.0917663574219,33187200,-0.43,0.09,0.8699999999999999,1.11,7.670000000000001,311.02624740346215,311.78639935966777,310.2019785009927,311.23687744140625,2732700,-0.01,-0.08,0.51,0.51,2.5,17.559999465942383,-0.44999999999999996,-1
2021-04-28,390.2274494039852,391.3482404466595,389.3775214221555,389.8445129394531,51238900,-0.03,0.06999999999999999,0.51,0.32,5.74,329.76187615246016,330.7711318290207,328.32562882870786,328.975830078125,33615700,-0.33999999999999997,-0.1,0.74,-0.09,7.85,310.6874350085627,310.92553978442345,309.6158656927128,309.8997802734375,3025100,-0.43,-0.18,0.42,-0.86,2.32,17.280000686645508,-1.59,-1
2021-04-29,392.5717326349584,392.94532012603673,388.94787411541165,392.3288879394531,78544300,0.64,0.7000000000000001,1.03,1.8900000000000001,5.99,332.24617850122996,332.66345637414327,326.937924191872,330.1597595214844,37708900,0.36,0.9900000000000001,1.7399999999999998,1.5,6.61,311.29183339510394,312.18019123294044,308.9838470869869,311.91461181640625,3688400,0.65,0.44999999999999996,1.03,0.72,3.18,17.610000610351562,1.91,1
2021-04-30,390.0592373625675,390.90916512228176,388.85439158199523,389.7510070800781,85527000,-0.66,-0.58,0.52,0.13,4.17,327.71435456645906,330.19865399577606,327.08355112077743,327.9957580566406,38263400,-0.66,-0.74,0.9400000000000001,-0.42,4.130000000000001,310.4035068136114,311.0720672067077,309.4235292006205,310.42181396484375,2909600,-0.48,-0.48,0.53,-0.44,2.29,18.610000610351562,5.680000000000001,-1
2021-05-03,391.7404555728437,392.12339199652814,390.0966649892705,390.5916748046875,68128300,0.22,0.51,0.52,0.13999999999999999,2.91,329.1989248161013,329.9461451303771,325.80242038093564,326.2488098144531,29729700,-0.53,0.37,1.26,-1.59,1.55,312.11612555254527,313.38915718676395,311.89630001402173,312.4091796875,2698400,0.64,0.5499999999999999,0.48,0.36,1.7999999999999998,18.309999465942383,-1.6099999999999999,1
2021-05-04,388.602249482538,389.0972592506833,384.4927306617044,388.18194580078125,101591200,-0.62,-0.51,1.18,-0.45999999999999996,2.34,323.6966311429197,324.01688963010014,316.56396466012313,320.3777770996094,65147000,-1.7999999999999998,-0.7799999999999999,2.2800000000000002,-2.94,-0.21,311.38332020854835,312.7937528319816,309.2127358688178,312.7571105957031,4478300,0.11,-0.33,1.15,0.49,2.16,19.479999542236328,6.39,-1
2021-05-05,389.8258637827846,390.05935955355847,387.74307124643747,388.303466796875,60162200,0.03,0.42,0.6,-0.4,2.25,322.4253840899194,323.28908104964285,318.52426595065555,319.30059814453125,46219300,-0.33999999999999997,0.64,1.49,-2.94,-0.7799999999999999,313.4533602548041,314.4150029193259,311.73153747083626,313.4808349609375,3506100,0.22999999999999998,0.22,0.86,1.16,2.4,19.149999618530273,-1.69,1
2021-05-06,388.37814202679203,391.5350091571525,386.37008425835495,391.4042663574219,74321400,0.8,0.02,1.3299999999999998,-0.24,2.58,319.0385624883842,321.862517220157,316.79687165448127,321.7072448730469,46814300,0.75,-0.08,1.59,-2.56,-1.0699999999999998,314.0760291425726,316.5580311786725,313.141861510621,316.43896484375,4276700,0.9400000000000001,0.19,1.09,1.4500000000000002,3.1300000000000003,18.389999389648438,-3.9699999999999998,1
2021-05-07,392.17007461027134,394.9066375343284,391.48825686517847,394.2528381347656,67733800,0.73,0.2,0.8699999999999999,1.16,2.58,324.48270555479803,326.69528498289117,321.8819600124243,324.3177490234375,53324500,0.8099999999999999,0.86,1.5,-1.1199999999999999,-0.86,316.12758395388477,318.98506426786025,315.7978596369713,318.60955810546875,3526500,0.69,-0.1,1.01,2.64,3.0,16.690000534057617,-9.24,1
2021-05-10,394.60780651677413,394.8319533096077,390.22742408846256,390.3488464355469,81852400,-0.9900000000000001,0.09,1.17,-0.06,1.53,322.9396656364464,323.11433591334713,315.923446695893,316.12725830078125,60700500,-2.53,-0.42,2.22,-3.1,-3.2399999999999998,319.8735717023623,321.5495847719112,318.3440717739887,318.4814453125,6092500,-0.04,0.4,1.01,1.94,3.05,19.65999984741211,17.8,-1
2021-05-11,385.8283743617133,387.85510146471046,382.9890581244751,386.8650817871094,116888000,-0.89,-1.16,1.25,-0.33999999999999997,0.33,310.2465141587872,316.4863725809252,309.5865991846512,315.69061279296875,71963600,-0.13999999999999999,-1.8599999999999999,2.18,-1.46,-4.49,315.9627168717523,316.17337485664405,312.2077110399582,314.0577392578125,8396400,-1.39,-0.79,1.25,0.42,1.8499999999999999,21.84000015258789,11.09,-1
2021-05-12,384.08181415543856,385.3520172707222,377.32910724736956,378.6460266113281,134811000,-2.12,-0.72,2.07,-2.4899999999999998,-1.47,310.76091761102583,313.0802307175459,306.6559866223055,307.5196838378906,91164900,-2.59,-1.5599999999999998,2.03,-3.6900000000000004,-5.83,312.812202581526,313.4350090828403,307.4635795898281,307.72918701171875,7034100,-2.02,-0.4,1.9,-1.83,-0.42,27.59000015258789,26.33,-1
2021-05-13,380.19647206863493,385.12790123879364,380.14975581622974,383.1945495605469,106394000,1.2,0.41000000000000003,1.31,-2.1,-1.34,310.46002182452656,312.866669605649,307.5293038630691,309.89715576171875,69877800,0.77,0.96,1.7399999999999998,-3.6700000000000004,-6.52,308.00393487857315,313.26099417699515,307.97646017622293,311.8047790527344,5741300,1.32,0.09,1.72,-1.46,0.04,23.1299991607666,-16.17,1
2021-05-14,385.93109523135814,389.9285412046908,385.9030768823611,389.07861328125,82201600,1.54,0.7100000000000001,1.05,-1.31,-0.16,313.0607397997424,317.6508549788167,312.5560972204388,316.7386779785156,44370000,2.21,1.02,1.6400000000000001,-2.34,-4.569999999999999,313.5083410786888,315.9078921542694,313.11452760136814,315.2942810058594,4677300,1.1199999999999999,0.5499999999999999,0.8999999999999999,-1.04,0.7000000000000001,18.809999465942383,-18.68,1
2021-05-17,387.9671986859142,388.9011816537385,386.0711858984487,388.0885925292969,65129200,-0.25,-0.29,0.73,-0.58,0.06999999999999999,315.0307260298125,316.71926491585236,311.94476543974787,314.8172302246094,39395000,-0.61,-0.54,1.51,-0.41000000000000003,-4.2700000000000005,314.4423610585577,316.09092666498157,313.2609211829404,314.7354431152344,3262200,-0.18,-0.27,0.8999999999999999,-1.18,0.8500000000000001,19.719999313354492,4.84,-1
2021-05-18,388.3501253478743,388.59297005214694,384.5861749461466,384.7449645996094,59810200,-0.86,0.06999999999999999,1.03,-0.5499999999999999,-0.06,315.76829333055844,316.99101523005356,312.42029733332146,312.6920166015625,36528500,-0.6799999999999999,0.3,1.4500000000000002,-0.95,-4.22,314.91865660756775,315.51396037680007,312.1893820988224,312.4091796875,3462300,-0.74,0.06,1.06,-0.52,0.88,21.34000015258789,8.219999999999999,-1
2021-05-19,380.05633959916474,383.9136650884359,378.5712816845553,383.7362060546875,106467100,-0.26,-1.22,1.39,1.34,-1.25,307.2963224048556,313.3517952422516,306.94695225606864,313.05096435546875,66319100,0.11,-1.73,2.0500000000000003,1.7999999999999998,-4.92,309.1577863975998,310.98950691326274,306.9963696050393,310.8796081542969,7223900,-0.49,-1.04,1.28,1.02,-0.5499999999999999,22.18000030517578,3.94,-1
2021-05-20,384.61416996928796,389.1253236094422,384.49277612741383,387.86444091796875,78022200,1.08,0.22999999999999998,1.21,1.22,0.73,314.53587925931686,319.96058134398487,314.31269923327557,319.1065979003906,46466100,1.9300000000000002,0.47000000000000003,1.7999999999999998,2.97,-1.9,311.15449811341693,314.0852634659111,310.78815943181763,312.78472900390625,4532800,0.61,0.09,1.06,0.31,1.01,20.670000076293945,-6.81,1
2021-05-21,389.3495471729859,390.5917607113276,387.08932393487345,387.5469665527344,76578700,-0.08,0.38,0.8999999999999999,-0.38999999999999996,-0.43,320.6592478065631,321.0765256900318,316.9813386264364,317.34039306640625,50330400,-0.5499999999999999,0.49,1.28,0.19,-3.66,314.13657244922274,315.7701658978575,313.20963623141597,313.9071350097656,4481000,0.36,0.43,0.8200000000000001,-0.44,0.6799999999999999,20.149999618530273,-2.52,-1
2021-05-24,389.7884757512618,392.5717554519268,389.54563104164197,391.4976806640625,51376700,1.02,0.58,0.7799999999999999,0.88,0.37,319.6305695291167,323.8034368878957,317.2336059057907,322.677734375,32475800,1.68,0.72,2.07,2.5,-2.67,315.12765954258055,316.3390956743781,314.8339729638126,315.66912841796875,2531800,0.5599999999999999,0.38999999999999996,0.48,0.3,1.41,18.399999618530273,-8.68,1
2021-05-25,392.5810799776849,392.9359980945385,390.0499939116139,390.6290588378906,57451400,-0.22,0.27999999999999997,0.74,1.53,0.16999999999999998,324.1916552713236,324.9097642116866,321.9499636624555,323.1241760253906,31280300,0.13999999999999999,0.47000000000000003,0.9199999999999999,3.34,-2.11,316.32987123456496,316.6235577780698,314.4760274427348,314.9532470703125,2623200,-0.22999999999999998,0.21,0.6799999999999999,0.8099999999999999,1.1900000000000002,18.84000015258789,2.39,-1
2021-05-26,391.2174583544931,391.9085966601107,390.18075089606674,391.4042663574219,43088600,0.2,0.15,0.44,2.0,0.4,323.79371355892494,324.7156043929025,323.10471647413306,324.24981689453125,25444900,0.35000000000000003,0.21,0.5,3.58,-1.44,315.3020744358957,315.81601201057947,314.48529179336134,315.0359191894531,2064500,0.03,0.11,0.42,1.34,1.66,17.360000610351562,-7.86,1
2021-05-27,392.43165081383626,392.9453300641983,391.3295292083679,391.6097412109375,56707700,0.05,0.26,0.41000000000000003,0.97,-0.18,323.80342174637593,324.6476911877741,322.8329916546215,323.0367736816406,27931700,-0.37,-0.13999999999999999,0.5599999999999999,1.23,-2.16,316.9448429900129,317.6882179559709,315.5865634434805,316.25653076171875,3026200,0.38999999999999996,0.61,0.67,1.11,1.39,16.739999771118164,-3.5700000000000003,1
2021-05-28,393.1787779101102,393.4402919789062,392.0766849418198,392.3101806640625,58520200,0.18,0.4,0.35000000000000003,1.23,0.66,324.2401091909413,325.64724472071146,323.7354961865268,324.05572509765625,29927400,0.32,0.37,0.59,2.12,-1.2,317.8900937224199,317.98187427895107,316.944812805886,317.2109680175781,2641400,0.3,0.52,0.33,1.05,2.19,16.760000228881836,0.12,1
2021-06-01,394.6731442042603,394.81323593275704,391.5256265248219,391.964599609375,54216600,-0.09,0.6,0.84,0.12,0.35000000000000003,325.3852245308222,325.860755452993,321.62966450701225,322.97857666015625,31145400,-0.33,0.41000000000000003,1.31,0.09,-1.0,319.87249267904446,319.97343170383346,317.17430628333864,317.4220886230469,2584300,0.06999999999999999,0.84,0.88,0.5599999999999999,1.6,17.899999618530273,6.800000000000001,-1
2021-06-02,392.61842198763014,393.42166217448545,391.60973290730567,392.5810546875,49097100,0.16,0.16999999999999998,0.45999999999999996,0.5,1.13,323.39581816659336,324.453583380369,321.89166341653976,323.60931396484375,22047900,0.2,0.13,0.79,0.15,1.01,318.2297620587436,318.78041757296296,317.31201220421224,317.871826171875,2576700,0.13999999999999999,0.25,0.45999999999999996,0.9299999999999999,1.6400000000000001,17.479999542236328,-2.35,1
2021-06-03,390.26480554943856,392.2635143648258,388.7984453863478,391.1240539550781,58138800,-0.37,-0.59,0.88,-0.06999999999999999,0.73,320.77563751713006,322.0468984988941,318.57277199025685,320.2419128417969,37057800,-1.04,-0.88,1.0699999999999998,-1.24,0.29,316.2657229299203,318.42244041000106,315.30209691057536,317.55975341796875,4436400,-0.1,-0.51,0.98,0.8,1.3,18.040000915527344,3.2,-1
2021-06-04,392.973358609629,395.0001143194918,391.18944760771376,394.70123291015625,55938800,0.91,0.47000000000000003,0.97,0.79,0.84,322.03724805700716,326.1227506563772,321.9693108395276,325.6763610839844,38736500,1.7000000000000002,0.5599999999999999,1.3,0.8200000000000001,1.23,318.5234057791847,319.367719847291,318.036999542178,319.2851257324219,2594200,0.54,0.3,0.42,0.96,0.8999999999999999,16.420000076293945,-8.98,1
2021-06-07,394.69182475887226,394.8692837876168,393.3842544177777,394.3182373046875,51555000,-0.1,-0.0,0.38,0.51,0.02,325.1426354486117,326.7050435127181,324.4536382802467,326.6468200683594,32611900,0.3,-0.16,0.69,0.8,0.72,319.83576045774515,319.8724782866975,317.5597311901532,318.0828552246094,2224300,-0.38,0.16999999999999998,0.72,0.27,-0.16999999999999998,16.420000076293945,0.0,-1
2021-06-08,395.17747595077844,395.27087993776814,392.57168428200526,394.40228271484375,47134300,0.02,0.22,0.6799999999999999,0.62,1.04,328.39355301587057,329.25725005460623,325.12320818685185,326.80206298828125,27282800,0.05,0.53,1.27,1.18,3.38,318.1747031618991,318.3766092526417,316.3942661819429,317.8534851074219,2748700,-0.06999999999999999,0.03,0.62,0.13999999999999999,-0.2,17.06999969482422,3.9600000000000004,1
2021-06-09,395.242896577049,395.3176311744139,393.5897570222941,393.81390380859375,48436300,-0.15,0.21,0.44,0.31,1.7999999999999998,328.1703884365764,328.94672073790025,326.6953156028105,326.87969970703125,21485300,0.02,0.42,0.69,1.01,3.54,318.037092773089,318.34912441212043,316.33924967195594,316.4310302734375,2591200,-0.44999999999999996,0.06,0.63,-0.44999999999999996,0.76,17.889999389648438,4.8,-1
2021-06-10,395.0374479909109,396.5972121670287,393.7205285195885,395.64453125,51020100,0.45999999999999996,0.31,0.73,1.16,4.49,327.21932601863756,330.3926217670131,326.77293646730095,330.285888671875,33702100,1.04,0.1,1.11,3.1399999999999997,7.3999999999999995,318.03691155267506,319.12903567073613,316.440008417847,316.605224609375,3089400,0.06,0.51,0.8500000000000001,-0.3,2.88,16.100000381469727,-10.01,1
2021-06-11,396.195554371816,396.4103521952226,394.90665341979326,396.29827880859375,45570800,0.16999999999999998,0.13999999999999999,0.38,0.4,3.42,330.29552252350413,331.1592193915587,329.64535104355383,331.1495056152344,21222800,0.26,0.0,0.45999999999999996,1.68,6.859999999999999,317.5689202169982,318.0461399672483,315.31126384937653,316.7337646484375,3003000,0.04,0.3,0.86,-0.8,1.58,15.649999618530273,-2.8000000000000003,1
2021-06-14,396.4103860815458,397.2883323557152,395.1682012696967,397.18560791015625,42358500,0.22,0.03,0.53,0.73,2.08,331.5765422686303,334.3325601390325,330.392616387702,334.3228759765625,27827700,0.96,0.13,1.1900000000000002,2.35,5.55,316.46760737820506,316.5043252072198,314.30173159379126,315.981201171875,2527000,-0.24,-0.08,0.7000000000000001,-0.66,0.22,16.389999389648438,4.73,1
2021-06-15,397.33503853707737,397.3723773329353,395.5791460332352,396.45709228515625,51508500,-0.18,0.04,0.44999999999999996,0.52,2.16,333.9735017241031,334.284046453268,331.42126590878416,332.139404296875,35963800,-0.65,-0.1,0.86,1.63,5.5,316.1739896005652,316.1923345136931,314.20999160335043,315.1644592285156,2138500,-0.26,0.06,0.63,-0.8500000000000001,0.13999999999999999,17.020000457763672,3.84,-1
2021-06-16,396.59712415530663,396.8212709082069,392.1980731122802,394.24346923828125,80386100,-0.5599999999999999,0.04,1.17,0.11,2.4699999999999998,332.60521679047145,333.6726958677757,327.47166267150703,330.9263916015625,55399500,-0.37,0.13999999999999999,1.87,1.24,5.83,315.16436090929767,315.3754533781692,311.56677052598616,312.7323303222656,4032000,-0.77,-0.0,1.21,-1.17,0.1,18.149999618530273,6.64,-1
2021-06-17,393.8325789844645,395.0934330875437,391.63771348560346,394.1127624511719,90949700,-0.03,-0.1,0.88,-0.38999999999999996,2.7,329.9171816153935,336.13764322893036,329.8686719477398,335.1283874511719,59722700,1.27,-0.3,1.8900000000000001,1.47,7.049999999999999,312.5488035456739,313.20958438222374,308.93286785781703,310.7958984375,5169100,-0.62,-0.06,1.37,-1.83,-0.03,17.75,-2.1999999999999997,-1
2021-06-18,390.8294393593685,391.5228387958726,388.5899319002041,388.79608154296875,118676300,-1.35,-0.83,0.74,-1.8900000000000001,0.24,333.4690266599962,334.61412750528734,331.7513457768719,332.49859619140625,55414900,-0.7799999999999999,-0.5,0.8500000000000001,0.41000000000000003,4.2,307.2969850925154,308.12415843165894,305.7620962573469,306.0194396972656,7126600,-1.54,-1.13,0.76,-3.38,-2.16,20.700000762939453,16.619999999999997,-1
2021-06-21,390.55762558464596,394.54941864548533,389.7424066854368,394.36199951171875,72822000,1.43,0.44999999999999996,1.24,-0.7100000000000001,1.76,332.68984582617543,334.8855714243223,330.47469978583916,334.56494140625,32992600,0.62,0.06,1.3299999999999998,0.06999999999999999,5.43,308.13338186328554,311.6534757624303,307.35215163107324,311.3685607910156,5435700,1.7500000000000002,0.69,1.41,-1.46,-0.8099999999999999,17.889999389648438,-13.569999999999999,1
2021-06-22,394.352710107166,397.30437604962555,393.63117206610633,396.47039794921875,57700300,0.53,-0.0,0.9299999999999999,0.0,1.27,334.3608907031603,338.13053159102276,334.05971080589035,337.6836242675781,28941600,0.9299999999999999,-0.06,1.22,1.67,4.65,311.3225392821624,312.86659965129445,310.1461083273485,311.9842834472656,4042100,0.2,-0.01,0.8699999999999999,-1.01,-1.17,16.65999984741211,-6.88,1
2021-06-23,396.5453725429614,397.3512120232172,395.9081931498081,395.9925231933594,49445400,-0.12,0.02,0.36,0.44,1.37,337.62537705205324,338.9952743346827,337.0132921332687,337.84881591796875,27188500,0.05,-0.02,0.59,2.09,4.5600000000000005,312.11301965804535,312.63690643064655,311.27664640222594,311.3685607910156,3082700,-0.2,0.04,0.44,-0.44,-1.1400000000000001,16.31999969482422,-2.04,-1
2021-06-24,398.1383434268328,398.75676373658587,397.88532470396706,398.3351135253906,45110300,0.59,0.54,0.22,1.0699999999999998,1.77,339.78223061494685,341.46300322274897,339.2381617228856,339.93768310546875,32581600,0.62,0.5700000000000001,0.66,1.44,4.84,313.1055982670557,314.62208726148646,312.8298551464045,314.3096008300781,3704700,0.9400000000000001,0.5599999999999999,0.58,1.13,-0.22999999999999998,15.970000267028809,-2.1399999999999997,1
2021-06-25,399.08477157347613,400.1998499000936,398.75680231338544,399.75006103515625,58129500,0.36,0.19,0.36,2.82,2.08,340.5011783527263,340.7440673140973,338.9175375806625,339.5198974609375,28682800,-0.12,0.16999999999999998,0.54,2.11,5.1,315.88128776435065,317.06691887815185,315.3298294754896,316.5798034667969,3638000,0.72,0.5,0.5499999999999999,3.45,0.1,15.619999885559082,-2.19,1
2021-06-28,400.274777553691,400.72453776466034,399.07536933086004,400.5558776855469,53159600,0.2,0.13,0.41000000000000003,1.5699999999999998,2.1,340.802335495448,343.7850188574494,340.74404452058076,343.64898681640625,39130300,1.22,0.38,0.8999999999999999,2.7199999999999998,6.05,316.4695273533956,316.5522699477393,314.1626357747573,315.0633239746094,3606300,-0.48,-0.03,0.75,1.1900000000000002,-0.6799999999999999,15.760000228881836,0.8999999999999999,1
2021-06-29,400.9400834258965,401.5772628150839,400.2373044711945,400.77142333984375,35970500,0.05,0.1,0.33,1.08,2.25,343.47408459077593,344.92169309236914,342.63856092260255,344.8925476074219,29426000,0.36,-0.05,0.66,2.13,6.78,316.1477794124112,316.83709514875125,314.88860577343354,315.1183776855469,2375800,0.02,0.33999999999999997,0.62,1.0,-0.73,16.020000457763672,1.6500000000000001,1
2021-06-30,400.3122456149289,401.78340305544015,400.2841356012442,401.1087341308594,64827900,0.08,-0.11,0.37,1.29,2.17,344.73709657536926,345.12574257565615,343.765540873706,344.3484802246094,32724000,-0.16,-0.05,0.38999999999999996,1.92,6.41,314.6772445698963,317.5539934978919,314.64967306141165,317.039306640625,3778900,0.61,-0.13999999999999999,0.9199999999999999,1.82,-0.26,15.829999923706055,-1.1900000000000002,1
2021-07-01,401.8677508401516,403.4888379572731,401.80215127327483,403.32952880859375,53441000,0.5499999999999999,0.19,0.42,1.25,3.1199999999999997,343.99878018998015,344.9897564637457,342.648303353147,344.48455810546875,29290000,0.04,-0.1,0.6799999999999999,1.34,7.57,317.80223794818073,318.37206800328727,317.011835755185,318.3352966308594,3606900,0.41000000000000003,0.24,0.43,1.28,0.24,15.479999542236328,-2.21,1
2021-07-02,404.4914663355306,406.7684632777236,403.4138490651717,406.4123840332031,57697700,0.76,0.29,0.83,1.67,2.97,346.3791192382601,348.7594431935655,346.1459552963488,348.4388427734375,32727200,1.15,0.5499999999999999,0.76,2.63,6.99,318.9603324481565,320.10919253847254,318.1699021208812,319.7875061035156,3013500,0.45999999999999996,0.2,0.61,1.01,0.16,15.069999694824219,-2.65,1
2021-07-06,406.4685771019908,406.68410626099694,402.9359520976346,405.6720886230469,68710400,-0.18,0.01,0.9199999999999999,1.28,2.88,349.041162328563,350.22646164532887,346.349933662475,349.9447021484375,38842400,0.43,0.16999999999999998,1.11,1.83,7.13,319.61269944925044,319.9435575081292,315.79849167943513,317.8388671875,3910600,-0.61,-0.05,1.3,0.88,-0.08,16.440000534057617,9.09,-1
2021-07-07,406.35609357661275,407.3868415804875,404.3414666485789,407.105712890625,63549500,0.35000000000000003,0.16999999999999998,0.75,1.58,3.2199999999999998,352.14034735024285,352.4415272213545,348.7301776263033,350.6830139160156,35265200,0.21,0.63,1.06,1.68,7.31,317.68274644821474,319.0522065758115,316.5614580197265,318.8500061035156,3347000,0.32,-0.05,0.7799999999999999,1.18,0.31,16.200000762939453,-1.46,1
2021-07-08,401.7833895422592,404.5476647115918,400.60271181491555,403.7886657714844,97595200,-0.8099999999999999,-1.31,0.97,0.67,2.53,345.6211900706819,349.4199761390928,344.3387591736769,348.56500244140625,50890000,-0.6,-1.44,1.4500000000000002,1.22,6.63,314.8426043992856,317.0851800907499,313.89594541833895,316.5153503417969,6379900,-0.73,-1.26,1.0,-0.16999999999999998,0.03,19.0,17.28,-1
2021-07-09,405.2972327387951,408.39882766783205,403.591815925737,408.0989685058594,76238600,1.0699999999999998,0.37,1.1900000000000002,1.18,3.15,347.98214865318926,351.2174163723197,347.39920925212596,350.7413635253906,35184500,0.62,-0.16999999999999998,1.0999999999999999,1.82,6.1899999999999995,318.52822548801214,320.8259446988239,317.8572813810562,320.5134582519531,5063100,1.26,0.64,0.9400000000000001,0.6799999999999999,1.23,16.18000030517578,-14.84,1
2021-07-12,408.0147135517589,409.8138402584851,407.58368379970483,409.5608215332031,52889600,0.36,-0.02,0.5499999999999999,0.77,3.35,352.1403820578418,352.56786894597764,350.56643688814484,352.1112365722656,25717700,0.38999999999999996,0.4,0.5700000000000001,1.05,6.329999999999999,319.85176566345325,321.9472848002728,319.26353598726934,321.70831298828125,3999800,0.37,-0.21,0.84,0.6,1.5699999999999998,16.170000076293945,-0.06,1
2021-07-13,408.7737117077264,410.2729791942714,407.90227266855015,408.1646423339844,52911300,-0.33999999999999997,-0.19,0.58,0.61,2.76,351.73231561024755,355.07446965411276,351.25626279599396,352.1112365722656,39723000,0.0,-0.11,1.08,0.62,5.319999999999999,321.2487120226261,321.91045626664913,320.6237391389181,320.7615966796875,3310200,-0.29,-0.13999999999999999,0.4,0.9199999999999999,1.51,17.1200008392334,5.88,-1
2021-07-14,409.8606497735151,410.3479281135863,407.52743297051677,408.773681640625,64130400,0.15,0.42,0.69,0.41000000000000003,3.11,354.4527773570235,355.0940079019643,351.91703032204333,352.74285888671875,35336400,0.18,0.67,0.8999999999999999,0.59,6.2,321.85525382719294,322.31479757713345,320.1733079953489,321.13836669921875,3933300,0.12,0.33999999999999997,0.67,0.72,1.9,16.329999923706055,-4.61,1
2021-07-15,407.4337224657248,408.10839135369446,405.4753153622365,407.37750244140625,55126400,-0.33999999999999997,-0.33,0.64,0.89,3.3300000000000005,352.6553379425304,352.85935636038874,348.26388671366414,350.2652893066406,53391600,-0.7000000000000001,-0.02,1.3,0.49,5.84,319.75057223073924,321.68066181127244,319.51162852625663,321.6255187988281,5082600,0.15,-0.43,0.6799999999999999,1.6099999999999999,2.8400000000000003,17.010000228881836,4.16,-1
2021-07-16,408.5582340881167,408.60507458251783,403.7887107543716,404.1822509765625,75874700,-0.7799999999999999,0.29,1.18,-0.96,2.55,351.1202139024751,352.101494618964,347.0785387493391,347.4283142089844,47262000,-0.8099999999999999,0.24,1.43,-0.9400000000000001,3.6700000000000004,322.53325242325144,322.55163495509987,318.5052608186487,318.87310791015625,5710400,-0.86,0.27999999999999997,1.26,-0.51,2.6,18.450000762939453,8.469999999999999,-1
2021-07-19,399.35644496226297,404.24778712950507,395.40214130525,398.2132568359375,147987000,-1.48,-1.1900000000000002,2.19,-2.77,2.42,343.97927561366504,345.0771382727002,342.0264688643934,344.5816650390625,64404600,-0.8200000000000001,-0.9900000000000001,0.88,-2.1399999999999997,3.63,314.32092249929144,321.8986786276234,310.2653433874249,312.5644226074219,9715300,-1.9800000000000002,-1.43,3.65,-2.8400000000000003,2.1399999999999997,22.5,21.95,-1
2021-07-20,398.87861868058843,405.1942788329913,398.08213008287646,403.9198913574219,99608200,1.43,0.16999999999999998,1.79,-1.04,2.42,345.5144438789271,350.0321730725412,343.73647990399576,348.5845642089844,42183700,1.16,0.27,1.83,-1.0,4.19,312.94145082551347,318.30289080436967,312.44484189412395,317.3464660644531,5802200,1.53,0.12,1.87,-1.06,1.92,19.729999542236328,-12.31,1
2021-07-21,405.11927714998365,407.3307031828911,403.8730283565818,407.19012451171875,64724400,0.8099999999999999,0.3,0.86,-0.38999999999999996,2.7,348.15710087438464,351.2757873535156,347.9336323190468,351.2757873535156,30259900,0.77,-0.12,0.96,-0.42,4.03,319.08472104473003,320.1698800857475,318.5329362232992,320.0227355957031,3056800,0.84,0.5499999999999999,0.52,-0.35000000000000003,2.58,17.90999984741211,-9.22,1
2021-07-22,407.3681167667281,408.2864248103382,406.3842377598322,408.04278564453125,47878500,0.21,0.04,0.47000000000000003,0.16,3.04,351.47979427948155,353.60750423595323,351.47979427948155,353.5978088378906,30252200,0.66,0.06,0.61,0.95,4.66,319.82029645517855,320.7767212522008,318.8179013005307,320.27093505859375,2429300,0.08,-0.06,0.61,-0.42,2.86,17.690000534057617,-1.23,1
2021-07-23,409.9731072389194,412.5780733348413,409.28908738037114,412.2407531738281,63766600,1.03,0.47000000000000003,0.8099999999999999,1.9900000000000002,3.49,354.91908737955197,358.00862805980915,353.5686400813842,357.7268981933594,31960800,1.17,0.37,1.26,2.96,5.2299999999999995,321.8711583169082,322.78158489822454,321.1446412728103,322.3953552246094,4142300,0.66,0.5,0.51,1.0999999999999999,2.5700000000000003,17.200000762939453,-2.77,1
2021-07-26,411.65035780963643,413.26206508210987,411.6035173257502,413.252685546875,43719200,0.25,-0.13999999999999999,0.4,3.7800000000000002,3.38,357.03701967151557,358.3972214662514,356.1723504558063,358.0085754394531,28438100,0.08,-0.19,0.62,3.9,5.45,321.87113194846756,323.204609292514,321.402110746849,323.1678161621094,2466600,0.24,-0.16,0.5599999999999999,3.39,2.08,17.579999923706055,2.21,1
2021-07-27,412.2126221686252,412.24073218061153,408.53941855758904,411.3692932128906,67397100,-0.45999999999999996,-0.25,0.8999999999999999,1.8399999999999999,2.7,357.746322676778,357.746322676778,349.91558431978564,354.0641174316406,57933100,-1.0999999999999999,-0.06999999999999999,2.19,1.5699999999999998,3.0300000000000002,321.88940811296277,322.4963682718595,320.7031036825487,322.4411926269531,3902600,-0.22,-0.4,0.5499999999999999,1.6099999999999999,2.34,19.360000610351562,10.13,-1
2021-07-28,411.9971110612924,412.57807039855686,409.77633422865034,411.20062255859375,52472400,-0.04,0.15,0.6799999999999999,0.98,2.6,355.2008470048349,356.998231370159,352.90795963703147,355.4242858886719,42066200,0.38,0.32,1.16,1.18,3.05,322.80912379695854,323.00226666942507,320.6847767192948,321.28253173828125,3697700,-0.36,0.11,0.72,0.38999999999999996,1.96,18.309999465942383,-5.42,-1
2021-07-29,412.1283678734607,413.9836861978173,412.1189883356927,412.9060974121094,47435300,0.41000000000000003,0.22999999999999998,0.44999999999999996,1.1900000000000002,2.94,354.86079222041604,357.2216659398344,354.86079222041604,356.0558166503906,25672500,0.18,-0.16,0.66,0.7000000000000001,3.4000000000000004,322.74470918181026,323.4436100875336,322.2205124538217,322.6251525878906,2425700,0.42,0.45999999999999996,0.38,0.74,1.76,17.700000762939453,-3.3300000000000005,1
2021-07-30,410.33861945094543,412.3532469313262,410.20742030714354,410.9008483886719,68951200,-0.49,-0.62,0.52,-0.33,1.8800000000000001,352.1306548305202,354.78301259962615,352.10150934512467,354.2000732421875,36484600,-0.52,-1.0999999999999999,0.75,-0.9900000000000001,2.82,321.76073035255115,322.7999186208761,320.64798389984463,321.39288330078125,3576700,-0.38,-0.27,0.67,-0.31,0.96,18.239999771118164,3.05,-1
2021-08-02,412.61555230549715,413.16840161930367,409.68261706413523,410.0386962890625,58783300,-0.21,0.42,0.8500000000000001,-0.7799999999999999,0.89,355.86145466317794,356.4443940688661,353.520001644176,354.229248046875,27334100,0.01,0.47000000000000003,0.83,-1.06,1.66,322.28483875106343,323.62749275102914,320.08690621074635,320.3536071777344,2827100,-0.32,0.27999999999999997,1.0999999999999999,-0.8699999999999999,0.18,19.459999084472656,6.69,-1
2021-08-03,410.83517582420905,413.49636182074306,408.6425090931806,413.3745422363281,58053900,0.8099999999999999,0.19,1.18,0.49,1.9,354.88992452387834,356.4929857682527,351.70322247856217,356.37640380859375,35558500,0.61,0.19,1.35,0.65,1.8399999999999999,321.0341197814036,322.96535132069175,319.21323951894516,322.8733825683594,3819300,0.79,0.21,1.17,0.13,1.58,18.040000915527344,-7.3,1
2021-08-04,412.0907753400313,413.34640345264876,411.1068963894126,411.3411560058594,46732200,-0.49,-0.31,0.54,0.03,1.04,356.3375329468905,357.84346232319564,355.22997468160975,356.8913269042969,29602200,0.13999999999999999,-0.01,0.73,0.41000000000000003,1.77,321.4941524312047,321.944763137318,319.92158954532744,320.0227355957031,3118500,-0.88,-0.43,0.63,-0.38999999999999996,0.37,17.969999313354492,-0.38999999999999996,-1
2021-08-05,412.5030891792091,414.0304665079831,412.1844995210822,413.9461364746094,38969700,0.63,0.27999999999999997,0.44999999999999996,0.25,2.52,357.70742145360697,359.38822372781095,356.99820466729994,359.1550598144531,21443900,0.63,0.22999999999999998,0.67,0.8699999999999999,3.04,320.81359583677806,322.46892204065165,320.6480688293784,322.43212890625,2261400,0.75,0.25,0.5700000000000001,-0.06,1.87,17.280000686645508,-3.84,1
2021-08-06,414.2647578157139,415.0518667835452,413.983629086822,414.63018798828125,46930000,0.16999999999999998,0.08,0.26,0.91,1.6,357.8920207079267,358.8635765497484,356.47355748073585,357.58111572265625,33332100,-0.44,-0.35000000000000003,0.67,0.95,1.95,323.36089331702397,324.1609684042824,323.2137488774808,323.7931213378906,2123700,0.42,0.29,0.29,0.75,1.02,16.149999618530273,-6.54,1
2021-08-09,414.60214843098646,414.920738167619,413.52455961081546,414.2929382324219,41222600,-0.08,-0.01,0.33999999999999997,1.04,1.16,358.0377732003435,358.7664401326827,356.9399399278939,358.2418212890625,25960200,0.18,0.13,0.51,1.13,1.7399999999999998,323.34252592957694,323.76554867249234,322.3768957620263,322.9286804199219,2322500,-0.27,-0.13999999999999999,0.43,0.8,0.38,16.719999313354492,3.53,-1
2021-08-10,414.74271951430575,415.520477713348,414.05869950838286,414.8083190917969,43339300,0.12,0.11,0.35000000000000003,0.35000000000000003,1.63,358.7566648847073,359.04811973295875,355.2201879284461,356.4054870605469,35130800,-0.51,0.13999999999999999,1.0699999999999998,0.01,1.22,323.1678236377517,324.57485921022,322.7999765200028,324.3817443847656,2841000,0.44999999999999996,0.06999999999999999,0.5499999999999999,0.47000000000000003,1.13,16.790000915527344,0.42,1
2021-08-11,415.87644828844924,415.93266831269824,414.75199061117655,415.8389587402344,44034300,0.25,0.26,0.27999999999999997,1.09,1.73,357.66858234224264,358.1640556605862,354.4624302700103,355.79345703125,34249800,-0.16999999999999998,0.35000000000000003,1.04,-0.31,0.86,325.4945830012205,326.5797421279047,325.27388028120174,326.4142150878906,3422500,0.63,0.33999999999999997,0.4,2.0,1.6400000000000001,16.170000076293945,-3.6900000000000004,1
2021-08-12,415.68905723891174,417.22581426197354,414.78950819398324,417.0852355957031,38909400,0.3,-0.04,0.59,0.76,2.3800000000000003,355.28823812662705,357.43536811406886,353.93776135089763,357.0758972167969,25969200,0.36,-0.13999999999999999,0.98,-0.58,1.94,326.6439930058162,326.6991686638442,325.3105157852968,326.6807861328125,3118600,0.08,0.06999999999999999,0.43,1.32,1.5699999999999998,15.59000015258789,-3.5900000000000003,1
2021-08-13,417.53496905425794,417.8629382384884,417.0477193437249,417.8442077636719,39470300,0.18,0.11,0.2,0.7799999999999999,3.38,357.4257142792874,358.65957959844343,356.93021128244163,358.3292541503906,19336200,0.35000000000000003,0.1,0.48,0.21,3.1399999999999997,327.2509340852955,327.7291324484247,326.4692415559078,326.8279113769531,2414900,0.05,0.16999999999999998,0.38999999999999996,0.9400000000000001,2.4899999999999998,15.449999809265137,-0.8999999999999999,1
2021-08-16,416.5417486330433,418.95929552799396,414.98626119675987,418.828125,73740000,0.24,-0.31,0.95,1.09,5.18,357.21191400352564,358.52349054036375,353.35483650780424,358.4846496582031,34856900,0.04,-0.31,1.44,0.06999999999999999,4.03,325.92661740846165,327.94061272594234,324.3172622137121,327.91302490234375,3634600,0.33,-0.27999999999999997,1.11,1.54,4.91,16.1200008392334,4.34,1
2021-08-17,416.27000163869883,416.9446705471954,413.0934557834653,416.0826110839844,92673900,-0.66,-0.61,0.9199999999999999,0.31,3.01,355.7351547573665,356.7067105697037,352.89822838907884,355.3271179199219,44793900,-0.88,-0.77,1.06,-0.3,1.9300000000000002,325.46689680794015,326.1658259633812,323.25978607989043,325.393310546875,5019600,-0.77,-0.75,0.89,0.31,2.54,17.90999984741211,11.1,-1
2021-08-18,415.07056886412056,416.6354357523996,411.2849538867955,411.528564453125,89351900,-1.09,-0.24,1.29,-1.04,1.0699999999999998,354.7927177767465,356.1917604133601,351.57687065148923,351.9071960449219,38541900,-0.96,-0.15,1.3,-1.09,0.18,324.28046308437945,325.5863521953435,321.76988698864966,321.98138427734375,4038000,-1.05,-0.33999999999999997,1.17,-1.3599999999999999,0.61,21.56999969482422,20.44,-1
2021-08-19,408.8018064511608,413.36520830572493,408.66125638495504,412.165771484375,92812200,0.15,-0.66,1.1400000000000001,-1.18,1.01,349.9738430679288,355.27852960997615,349.7212290637019,353.6074523925781,48499400,0.48,-0.5499999999999999,1.58,-0.97,0.0,319.41565277577234,322.3125149626715,319.39727024590974,321.39288330078125,5442200,-0.18,-0.8,0.91,-1.6199999999999999,0.35000000000000003,21.670000076293945,0.45999999999999996,1
2021-08-20,412.51246706573465,415.7733427277286,412.02518874666305,415.44537353515625,72008700,0.8,0.08,0.91,-0.5700000000000001,0.7799999999999999,354.67613576735766,357.66854404771954,354.36523081493834,357.27020263671875,39486000,1.04,0.3,0.9299999999999999,-0.3,-0.13,321.49514702563914,324.04697806803296,321.0805767462299,323.5034484863281,3394800,0.66,0.03,0.9199999999999999,-1.02,0.33999999999999997,18.559999465942383,-14.35,1
2021-08-23,417.132066923601,420.00878201499984,415.52035954108516,419.099853515625,54973000,0.88,0.41000000000000003,1.08,0.06,1.41,358.3097851058622,363.30359639946914,358.30008970905754,362.6138000488281,34034700,1.5,0.29,1.4000000000000001,1.15,1.29,325.16179220662485,326.40547538527454,325.12496274341464,325.61322021484375,3569200,0.65,0.51,0.4,-0.7000000000000001,0.76,17.149999618530273,-7.6,1
2021-08-24,419.7652282714844,420.299347194437,419.2498684240996,419.7652282714844,38744700,0.16,0.16,0.25,0.89,2.04,363.2064510749859,364.32373442077983,362.7400935730356,363.72137451171875,21732900,0.31,0.16,0.44,2.36,2.73,326.19352913212055,326.57124192745596,325.76976545783015,325.88031005859375,1981400,0.08,0.18,0.25,0.15,1.0699999999999998,17.219999313354492,0.41000000000000003,1
2021-08-25,419.95265762373947,421.1614169887758,419.57781925712254,420.64605712890625,40529700,0.21,0.04,0.38,2.22,2.3,363.9740122476023,364.7124042614198,363.2258951863814,364.13916015625,20441900,0.11,0.06999999999999999,0.41000000000000003,3.4799999999999995,2.45,325.91712269057336,327.07789706671525,325.1248677516158,326.2856140136719,2434700,0.12,0.01,0.6,1.34,1.5599999999999998,16.790000915527344,-2.5,1
2021-08-26,420.36482888327043,420.59908850889707,418.06910170981706,418.1628112792969,57829600,-0.59,-0.06999999999999999,0.6,1.46,1.27,363.2841463984758,363.96421764744815,361.3896007880284,361.8268127441406,29133300,-0.64,-0.22999999999999998,0.7100000000000001,2.32,1.6199999999999999,326.5528728922426,327.04113035666205,324.34189622532614,324.4248046875,3008900,-0.5700000000000001,0.08,0.83,0.9400000000000001,0.5599999999999999,18.84000015258789,12.21,-1
2021-08-27,418.96864575668053,422.27639048792906,418.91242573488046,421.9015808105469,77235100,0.89,0.19,0.8,1.55,2.68,362.4583802711001,365.849101000934,361.9726023029504,365.3439025878906,27104700,0.97,0.16999999999999998,1.0699999999999998,2.26,3.15,324.8760998292404,326.9028441870095,324.8760998292404,326.6448974609375,3163700,0.6799999999999999,0.13999999999999999,0.62,0.97,1.63,16.389999389648438,-13.0,1
2021-08-30,422.5762802722132,424.5440669661629,422.33264109600447,423.7569580078125,48357400,0.44,0.16,0.52,1.11,3.35,366.13077806650506,369.92956447983937,366.11132797645763,369.44378662109375,27295700,1.1199999999999999,0.22,1.05,1.8800000000000001,4.3,327.0042098112722,327.2437418430453,326.0092803426782,326.1935119628906,2482000,-0.13999999999999999,0.11,0.38,0.18,1.82,16.190000534057617,-1.22,1
2021-08-31,423.6632998149096,424.0006200110499,422.5294910274589,423.1291809082031,59300200,-0.15,-0.02,0.35000000000000003,0.8,2.36,369.6867080378009,369.75469441035887,367.5978393420069,369.14263916015625,29628200,-0.08,0.06999999999999999,0.58,1.49,3.58,325.9355088530521,326.8567511371072,325.3643431351913,326.04608154296875,2913800,-0.05,-0.08,0.45999999999999996,0.05,0.98,16.479999542236328,1.79,-1
2021-09-01,424.0661623524176,424.58152211457764,423.11974426960506,423.35400390625,48721400,0.05,0.22,0.35000000000000003,0.64,2.92,370.20163673041526,371.8241183407126,369.5506812873745,369.75469970703125,28138300,0.16999999999999998,0.29,0.62,1.54,3.5999999999999996,326.38699977000454,326.44227206860353,325.46575730790266,325.70526123046875,2739200,-0.1,0.1,0.3,-0.18,1.78,16.110000610351562,-2.25,1
2021-09-02,424.77831372503533,425.4623335511139,423.45708596482183,424.656494140625,42501000,0.31,0.33999999999999997,0.47000000000000003,1.55,2.59,371.10521440590117,371.43553985938416,368.36541960700094,369.5798645019531,25453400,-0.05,0.37,0.83,2.1399999999999997,2.9000000000000004,326.8383867213789,327.20687806890464,326.04613172990304,326.9212951660156,2390000,0.37,0.35000000000000003,0.36,0.77,1.39,16.40999984741211,1.8599999999999999,1
2021-09-03,423.5227471397682,425.0688552215791,423.11979877975574,424.553466796875,47170500,-0.02,-0.27,0.45999999999999996,0.63,2.39,368.43342101017794,371.1149247196273,368.41400056646177,370.7165832519531,24605400,0.31,-0.31,0.73,1.47,3.6700000000000004,325.8250180517048,326.71862433928317,325.2814883880976,326.2488098144531,2465400,-0.21,-0.33999999999999997,0.44,-0.12,0.76,16.40999984741211,0.0,-1
2021-09-07,424.20672913760086,424.30043871518234,422.3607619842241,423.0354309082031,51671500,-0.36,-0.08,0.45999999999999996,-0.16999999999999998,2.11,370.82344901614005,371.8921664366808,369.6672951224914,371.2412109375,23970200,0.13999999999999999,0.03,0.6,0.49,3.63,325.78815798885813,325.8342088607014,323.3468432712881,323.76141357421875,3168500,-0.76,-0.13999999999999999,0.76,-0.75,0.26,18.139999389648438,10.54,-1
2021-09-08,422.5013500889307,423.23223905655976,420.5991342695839,422.52008056640625,56181900,-0.12,-0.13,0.62,-0.13999999999999999,1.8599999999999999,371.0662883331886,371.0662883331886,367.6852932273467,369.9490051269531,32949200,-0.35000000000000003,-0.05,0.91,0.22,3.8,323.1901777068933,324.4338602318109,322.1031187176204,323.1072692871094,3075700,-0.2,-0.18,0.72,-0.8999999999999999,-0.38999999999999996,17.959999084472656,-0.9900000000000001,-1
2021-09-09,422.32328581858627,424.0755433312676,420.46793919543404,420.7115783691406,57970400,-0.43,-0.05,0.8500000000000001,-0.62,1.17,370.17244307872124,371.2800011479982,368.4333500910774,368.6762390136719,29399000,-0.33999999999999997,0.06,0.77,-0.29,3.62,322.95080863903706,324.74724298266597,321.43998537082405,321.79925537109375,3484700,-0.4,-0.05,1.02,-1.2,-1.41,18.799999237060547,4.68,-1
2021-09-10,422.64186111668704,423.0635112920505,417.27262011455633,417.3944396972656,89948200,-0.79,0.45999999999999996,1.38,-1.71,0.06999999999999999,370.3862993897842,371.1052413319089,365.5479399034092,365.8782653808594,40249400,-0.76,0.45999999999999996,1.51,-1.0,2.4699999999999998,323.58635554464854,323.96406825861845,319.2749483590778,319.39471435546875,4539000,-0.75,0.5599999999999999,1.46,-2.3,-2.23,20.950000762939453,11.44,-1
2021-09-13,420.3929721292917,420.65534176904265,416.1481602138,418.462646484375,83738600,0.26,0.72,1.08,-1.43,0.15,368.20998327706684,368.63747027083116,363.5756720281873,365.6256408691406,48741800,-0.06999999999999999,0.64,1.38,-1.37,2.04,321.43073857301454,322.3796172663274,320.10414706394334,321.7900085449219,5439700,0.75,0.64,0.7100000000000001,-1.37,-1.54,19.3700008392334,-7.539999999999999,1
2021-09-14,419.9057224766755,420.11187210742554,415.3142391694053,416.2044372558594,78197100,-0.54,0.33999999999999997,1.15,-1.6099999999999999,-0.63,367.1120810732379,367.84074796435834,363.6339241587504,364.5860595703125,41826600,-0.27999999999999997,0.41000000000000003,1.15,-1.79,1.7000000000000002,322.8032446881777,322.959868224334,318.4826167428226,319.1827697753906,3902200,-0.8099999999999999,0.31,1.39,-1.41,-2.6599999999999997,19.459999084472656,0.45999999999999996,-1
2021-09-15,416.62609222178327,420.17747647552517,415.52039355154807,419.68084716796875,78792200,0.84,0.1,1.1199999999999999,-0.67,0.86,365.0427350965011,367.64649797889,362.7498475907075,367.2967224121094,34097900,0.74,0.13,1.34,-0.72,3.37,319.12761108590126,321.93738940616214,318.5472238248552,321.3478088378906,3267300,0.6799999999999999,-0.02,1.06,-0.54,-1.24,18.18000030517578,-6.58,1
2021-09-16,419.15608350800755,420.1305829932493,416.063839190952,419.0155334472656,77786700,-0.16,-0.13,0.97,-0.4,1.82,365.96564513231044,368.12250027388,364.0419835530262,367.5492858886719,35193100,0.06999999999999999,-0.36,1.11,-0.31,4.44,321.4305734716508,322.5084109478378,318.7497556788132,320.758056640625,3646000,-0.18,0.03,1.17,-0.32,-0.38,18.690000534057617,2.81,-1
2021-09-17,418.2428600689456,418.665861109797,414.5766789216659,414.93389892578125,118425000,-0.97,-0.18,0.98,-0.59,0.67,367.07330606187605,367.1218720035204,362.1572349261721,363.19677734375,60912300,-1.18,-0.13,1.35,-0.73,2.71,320.2097996145967,320.99452003924245,318.557274697798,319.0927429199219,5380900,-0.52,-0.16999999999999998,0.76,-0.09,-0.72,20.809999465942383,11.34,-1
2021-09-20,408.8049200827756,410.38418163504554,403.14585648882496,408.0152893066406,166445500,-1.67,-1.48,1.7399999999999998,-2.5,-1.79,357.4036470721307,359.1446681278163,351.0523559564486,355.69183349609375,76203200,-2.07,-1.6,2.23,-2.7199999999999998,-0.44,314.0890264841403,315.88002488520976,310.1839061856686,313.3320007324219,10010600,-1.81,-1.5699999999999998,1.79,-2.63,-3.1399999999999997,25.709999084472656,23.549999999999997,-1
2021-09-21,410.3559031370975,411.6531636956014,407.10337084294684,407.6297912597656,92526100,-0.09,0.5700000000000001,1.1199999999999999,-2.06,-2.74,357.52040510766665,358.71675431650056,355.0012893402798,356.1295471191406,41927500,0.12,0.51,1.04,-2.32,-1.79,315.1876021699248,316.72010727593033,312.97194265983023,313.0642395019531,6071100,-0.09,0.59,1.2,-1.92,-3.85,24.360000610351562,-5.25,-1
2021-09-22,409.9046386502538,413.64601007748894,407.74255702757415,411.6061096191406,102350100,0.98,0.5599999999999999,1.4500000000000002,-1.92,-1.94,357.0438227553833,360.9149125462884,355.9447427828518,359.4559631347656,46972900,0.9299999999999999,0.26,1.4000000000000001,-2.13,-1.17,314.95683225429735,317.88334112100466,314.29213152367925,316.19390869140625,6862700,1.0,0.6,1.15,-1.6,-2.97,20.8700008392334,-14.330000000000002,1
2021-09-23,413.47685522277226,418.21466778281064,413.2418450775607,416.607177734375,76396000,1.22,0.44999999999999996,1.21,-0.5700000000000001,-0.96,360.6134280684026,363.8036631873685,359.9714867131809,362.7726745605469,44652000,0.9199999999999999,0.32,1.0699999999999998,-1.3,-0.38,318.3265119811767,321.8900553717848,318.0680187953536,320.86529541015625,5592200,1.48,0.67,1.21,0.03,-1.66,18.6299991607666,-10.73,1
2021-09-24,414.97149473457984,418.0078359804858,414.7552750846295,417.29339599609375,62094800,0.16,-0.38999999999999996,0.7799999999999999,0.5700000000000001,-0.21,360.5063576936416,363.5312612733417,360.13675246373623,363.1130065917969,36056800,0.09,-0.62,0.9400000000000001,-0.02,0.36,319.88668760007454,321.66844507236334,319.71127850449767,321.1514587402344,3121600,0.09,-0.3,0.61,0.65,-1.01,17.75,-4.72,1
2021-09-27,416.25940022123115,417.4250414535586,415.40395978249387,416.099609375,61371100,-0.29,-0.25,0.48,1.9800000000000002,-1.38,360.06877162163283,361.0900244643273,357.6663667698871,360.21466064453125,43338100,-0.8,-0.84,0.9400000000000001,1.27,-1.4000000000000001,321.5392245959115,323.57947531053327,321.42844583112014,321.8346252441406,3426000,0.21,0.12,0.67,2.71,-1.47,18.760000228881836,5.6899999999999995,-1
2021-09-28,413.3263982451864,413.65541814858807,406.9811250466519,407.71435546875,130436300,-2.02,-0.67,1.6,0.02,-3.7900000000000005,355.66268138479546,360.1659467251665,349.51563440592855,350.0213928222656,97701600,-2.83,-1.26,2.96,-1.72,-5.26,320.63440979907466,321.1052476135414,316.1107661894395,316.58160400390625,7493800,-1.63,-0.37,1.55,1.1199999999999999,-2.9499999999999997,23.25,23.93,-1
2021-09-29,409.09628617290355,410.8353670849182,407.8366351647438,408.4006652832031,82329200,0.16999999999999998,0.33999999999999997,0.74,-0.7799999999999999,-3.4799999999999995,351.2857999976475,353.4255743394461,348.82504021102085,349.447509765625,58076600,-0.16,0.36,1.31,-2.78,-5.34,317.4588106578819,319.1205772561391,316.5448573417151,317.3664855957031,4116600,0.25,0.27999999999999997,0.8099999999999999,0.37,-2.6599999999999997,22.559999465942383,-2.97,1
2021-09-30,409.8764821735044,410.58151260645667,403.0705975741562,403.4090270996094,140506000,-1.22,0.36,1.8399999999999999,-3.17,-4.71,351.09130030893095,352.7544942625844,347.3272157221571,348.1636657714844,61384600,-0.37,0.47000000000000003,1.55,-4.03,-5.84,318.57571684415376,318.9080812757338,312.14105467395245,312.3072509765625,7926000,-1.59,0.38,2.13,-2.67,-4.109999999999999,23.139999389648438,2.5700000000000003,-1
2021-10-01,405.1386734490561,409.8858665977476,401.61352150069314,408.20318603515625,129240100,1.1900000000000002,0.43,2.0500000000000003,-2.18,-3.8699999999999997,348.7861595912774,351.3636308081304,344.6816476164096,350.3229064941406,56375500,0.62,0.18,1.92,-3.52,-5.21,313.91357007448386,318.29874039241696,311.7440591245684,316.8216247558594,6219800,1.4500000000000002,0.51,2.1,-1.35,-3.09,21.100000381469727,-8.82,1
2021-10-04,407.037558391636,407.9399892875987,400.79567536580527,402.9389953613281,128570000,-1.29,-0.29,1.7500000000000002,-3.16,-5.09,348.7084085068805,349.03910019916293,340.73283489219506,342.9698791503906,76766000,-2.1,-0.45999999999999996,2.37,-4.79,-7.48,316.2954845106581,317.6064323940831,312.10420401323495,313.89520263671875,7037700,-0.9199999999999999,-0.16999999999999998,1.7399999999999998,-2.4699999999999998,-3.7900000000000005,22.959999084472656,8.82,-1
2021-10-05,404.4430910647676,409.378304611359,403.64407944076936,407.1316223144531,90682500,1.04,0.37,1.4200000000000002,-0.13999999999999999,-3.7600000000000002,344.02997255929625,349.84632794995827,343.80628599045565,347.59954833984375,47232900,1.35,0.31,1.76,-0.69,-6.370000000000001,314.92924633990975,318.3819836804288,314.3199347785855,316.775634765625,3826100,0.9199999999999999,0.33,1.29,0.06,-2.16,21.299999237060547,-7.23,1
2021-10-06,403.5311456620032,409.03038792327897,401.9048940758357,408.8235778808594,113032200,0.42,-0.88,1.7500000000000002,0.1,-3.2399999999999998,344.3898600152339,350.09924033410766,343.48531850039706,349.826904296875,56806500,0.64,-0.9199999999999999,1.9,0.11,-5.4399999999999995,314.3292536307937,317.85583498586334,312.47362378753434,317.6896667480469,6276300,0.29,-0.77,1.7000000000000002,0.1,-1.68,21.0,-1.41,1
2021-10-07,412.1043841974191,415.1970969045478,411.92577420062315,412.3581848144531,72437500,0.86,0.8,0.8,2.22,-1.9900000000000002,352.87122991088916,355.68215344387613,352.3362936499442,353.0365905761719,39411200,0.9199999999999999,0.8699999999999999,0.96,1.4000000000000001,-4.24,320.2282342900904,322.9054907204412,320.1359092738081,320.92987060546875,5310400,1.02,0.8,0.8699999999999999,2.76,-0.27,19.540000915527344,-6.950000000000001,1
2021-10-08,413.1289992900791,413.5144193283019,410.9762985644965,411.6061096191406,74557400,-0.18,0.19,0.62,0.83,-1.39,354.11619466511115,354.3496467593131,350.74115710996455,351.276123046875,41822300,-0.5,0.31,1.02,0.27,-3.9899999999999998,321.1976140535344,321.6961184434239,319.9605095118791,320.8375549316406,3658300,-0.03,0.08,0.54,1.27,0.44999999999999996,18.770000457763672,-3.94,-1
2021-10-11,410.9480912711501,413.86222243707743,408.56038046823124,408.6261901855469,65233300,-0.72,-0.16,1.29,1.41,-2.35,349.7393762271604,353.2603327728741,348.4944071205362,348.58197021484375,34847200,-0.77,-0.44,1.3599999999999999,1.6400000000000001,-4.66,320.957643255204,322.71170629608105,318.3726830395964,318.4834899902344,4098400,-0.73,0.04,1.35,1.46,-1.03,20.0,6.550000000000001,-1
2021-10-12,409.5474922480039,409.951702812476,406.8307612007708,407.6203918457031,71181200,-0.25,0.22999999999999998,0.76,0.12,-2.06,350.0312777236731,350.46894490043894,346.72433043098687,347.36627197265625,43905100,-0.35000000000000003,0.42,1.0699999999999998,-0.06999999999999999,-4.72,318.95408007804923,319.51724270467923,316.8307465186618,317.37542724609375,5100300,-0.35000000000000003,0.15,0.84,0.19,-0.5700000000000001,19.850000381469727,-0.75,-1
2021-10-13,408.645002322282,409.90465316392994,405.6650899688843,409.0868225097656,72974000,0.36,0.25,1.04,0.06,-2.52,349.6712770247832,350.81897676780096,347.648183891679,350.1478576660156,40120800,0.8,0.66,0.91,0.09,-4.67,317.53259275615375,318.0957275820026,314.9199379162365,317.4772033691406,4189100,0.03,0.05,1.0,-0.06999999999999999,-1.2,18.639999389648438,-6.1,1
2021-10-14,412.7530051375808,416.11836647826146,412.2829848477017,415.96795654296875,70236800,1.68,0.8999999999999999,0.9400000000000001,0.88,-0.73,353.7369527460509,356.8104770623566,353.07556932773923,356.59649658203125,43433900,1.8399999999999999,1.03,1.0699999999999998,1.01,-2.98,320.54218289549567,322.39781186289554,319.9790480752541,322.3147277832031,4473900,1.52,0.97,0.76,0.43,0.49,16.860000610351562,-9.55,1
2021-10-15,418.0830539008593,419.5025243769304,417.4626236667043,419.1358947753906,66260200,0.76,0.51,0.49,1.83,1.01,357.8121817077922,358.95988136016933,356.78119324956873,358.8431701660156,40419900,0.63,0.33999999999999997,0.61,2.15,-1.2,324.7498477907935,326.070450412327,324.0757085892254,325.8580627441406,4206800,1.0999999999999999,0.76,0.62,1.5599999999999998,2.12,16.299999237060547,-3.32,1
2021-10-18,417.34980775714325,420.71514033276804,416.69176789132155,420.3767395019531,62213200,0.3,-0.43,0.96,2.88,3.0300000000000002,357.54958181402935,362.66564059093747,356.946554138747,362.45166015625,34513500,1.01,-0.36,1.59,3.9800000000000004,1.9,324.46364490315847,326.1167236956299,323.4570296916556,325.534912109375,3310600,-0.1,-0.43,0.8200000000000001,2.21,3.8899999999999997,16.309999465942383,0.06,1
2021-10-19,422.0030022074686,423.68565408047556,421.39195292020696,423.619873046875,46996800,0.77,0.38999999999999996,0.5499999999999999,3.93,3.92,363.52161944896375,365.24316934236003,362.5003665716349,365.1945495605469,29091000,0.76,0.3,0.76,5.13,2.55,326.6154538400139,327.3911932997014,325.8119822230755,327.3450012207031,2380900,0.5599999999999999,0.33,0.49,3.1399999999999997,4.5600000000000005,15.699999809265137,-3.74,1
2021-10-20,424.08056253671083,425.5846333834667,423.9677622435631,425.2838134765625,49571600,0.38999999999999996,0.11,0.38,3.9600000000000004,3.32,365.65161478068956,366.26437825684025,363.23947450315666,364.7178955078125,31390300,-0.13,0.13,0.83,4.16,1.46,327.39117643360015,329.30280691863044,327.26187243877024,328.7948913574219,2873800,0.44,0.01,0.62,3.56,3.9899999999999998,15.489999771118164,-1.34,1
2021-10-21,424.6821246218787,426.6186059313377,424.2497139854905,426.39300537109375,41305400,0.26,-0.13999999999999999,0.5599999999999999,2.5100000000000002,2.35,363.9203769979809,367.13978994323423,363.6188631341587,366.94525146484375,25469300,0.61,-0.22,0.97,2.9000000000000004,1.15,328.203940557126,328.8503761330484,327.1972968852945,328.7303161621094,2243800,-0.02,-0.18,0.5,1.9900000000000002,2.45,15.010000228881836,-3.1,1
2021-10-22,425.96055094238534,427.40822132656245,424.0052506620859,425.9511413574219,58845100,-0.1,-0.1,0.8,1.63,2.07,365.690584912923,366.65348213428575,362.1988358244689,363.8620300292969,36275800,-0.84,-0.33999999999999997,1.21,1.4000000000000001,0.21,328.7395654763516,330.26334072344775,328.13929379514303,329.4506530761719,3872300,0.22,0.0,0.65,1.0999999999999999,2.58,15.430000305175781,2.8000000000000003,-1
2021-10-25,427.041662859405,428.56452411353644,425.2650009588396,428.2355041503906,45214500,0.54,0.26,0.77,1.87,2.92,365.28208354749574,368.50149672408577,363.33681735342776,367.58721923828125,32597800,1.02,0.38999999999999996,1.4200000000000002,1.4200000000000002,2.0500000000000003,330.0229880021438,330.51247160258464,329.0348613027509,330.1984558105469,2518200,0.22999999999999998,0.16999999999999998,0.44999999999999996,1.43,2.6,15.239999771118164,-1.23,1
2021-10-26,429.78654991386077,430.99918156529145,428.2448696453988,428.6208801269531,56075100,0.09,0.36,0.64,1.18,5.13,369.8242057885552,372.236316302524,367.56769041282996,368.74456787109375,47191300,0.31,0.61,1.27,0.97,5.35,331.1313771706153,331.47306891965286,330.03240586890206,330.1524658203125,3182200,-0.01,0.27999999999999997,0.44,0.86,4.29,15.979999542236328,4.859999999999999,1
2021-10-27,429.0815570599391,429.74897787469854,426.64682658288626,426.7220458984375,72438000,-0.44,0.11,0.72,0.33999999999999997,4.49,369.1919450310794,372.66425124960705,368.92934486083686,369.6004638671875,45760500,0.22999999999999998,0.12,1.01,1.34,5.7700000000000005,330.69721533521437,330.89114309122186,327.8066461785295,327.82513427734375,3542100,-0.7000000000000001,0.16,0.9299999999999999,-0.29,3.3000000000000003,16.979999542236328,6.260000000000001,-1
2021-10-28,428.15085513172806,430.9145766067055,428.1414742340312,430.8393859863281,51437900,0.96,0.33,0.65,1.04,6.800000000000001,371.49715107440244,373.95791114428573,370.72876276602915,373.70501708984375,38007000,1.11,0.51,0.8699999999999999,1.8399999999999999,7.340000000000001,328.53641512482994,330.0417305453084,328.53641512482994,329.96783447265625,2490500,0.65,0.22,0.45999999999999996,0.38,5.65,16.530000686645508,-2.65,1
2021-10-29,428.5363419803998,432.0050943990197,428.24493166341136,431.71368408203125,70162400,0.2,-0.53,0.8699999999999999,1.35,5.76,370.6314896648021,375.7086345786651,370.28135606914276,375.54327392578125,37310100,0.49,-0.8200000000000001,1.4500000000000002,3.2099999999999995,7.199999999999999,329.36744811655615,331.09439478774334,329.12735642173527,330.82659912109375,2979600,0.26,-0.18,0.6,0.42,4.42,16.260000228881836,-1.63,1
2021-11-01,432.70062881424144,433.07666796283195,430.7265667229376,432.45623779296875,48433600,0.16999999999999998,0.22999999999999998,0.54,0.9900000000000001,7.33,375.98099303268674,376.95362598852097,373.8995739420506,376.8271789550781,30765300,0.33999999999999997,0.12,0.8099999999999999,2.5100000000000002,9.87,331.95336481622616,332.50744440391816,330.595813460197,331.6578369140625,2548400,0.25,0.33999999999999997,0.58,0.44,5.66,16.40999984741211,0.9199999999999999,1
2021-11-02,432.62542031361994,434.51491081247156,432.4938008795022,434.2046813964844,48908400,0.4,0.04,0.47000000000000003,1.3,6.65,376.2144079243628,378.8794423541163,376.1657881505037,378.40283203125,25135300,0.42,-0.16,0.72,2.62,8.86,331.91637301409907,333.273924191113,331.3438053935918,332.9876403808594,2629000,0.4,0.08,0.58,0.86,5.12,16.030000686645508,-2.32,1
2021-11-03,433.6406702124122,437.25983186693117,433.19885003088245,436.8556213378906,52509800,0.61,-0.13,0.9400000000000001,2.37,6.859999999999999,378.8892283054573,382.83811648438643,377.8485334029375,382.4198913574219,33748900,1.06,0.13,1.32,3.47,9.32,332.3780806394868,334.1604352689699,331.4453332751186,333.90185546875,3557400,0.27,-0.18,0.8200000000000001,1.8499999999999999,5.1,15.100000381469727,-5.800000000000001,1
2021-11-04,437.4571962588007,438.99887631835037,437.1093858933005,438.9142761230469,52847100,0.47000000000000003,0.13999999999999999,0.43,1.87,6.4399999999999995,383.6842918645844,388.2751209954125,383.1396197374018,387.3219299316406,40265300,1.28,0.33,1.34,3.64,9.71,333.6985806581697,333.9848643421201,332.3410300800828,333.70782470703125,3870900,-0.06,-0.06,0.49,1.13,3.9800000000000004,15.4399995803833,2.25,1
2021-11-05,441.1422252320449,442.43007618696566,438.92374331887703,440.43719482421875,66390600,0.35000000000000003,0.51,0.8,2.02,7.000000000000001,389.09212224591516,390.01610580693085,386.29093439470984,387.6915283203125,43383800,0.1,0.45999999999999996,0.96,3.2300000000000004,10.37,335.1948317633424,337.02337888995856,334.20670441009116,335.5088195800781,4489000,0.54,0.44999999999999996,0.84,1.4200000000000002,4.569999999999999,16.479999542236328,6.74,1
2021-11-08,441.5370209098921,442.0352412122443,440.1269602027339,440.81317138671875,50405200,0.09,0.25,0.43,1.9300000000000002,7.88,387.66231205576224,388.6835647540906,386.5243184732125,387.166259765625,29256300,-0.13999999999999999,-0.01,0.5599999999999999,2.74,11.07,337.13412808402353,337.66977580540095,335.5364571549925,336.45074462890625,3056000,0.27999999999999997,0.48,0.64,1.4500000000000002,5.64,17.219999313354492,4.49,1
2021-11-09,441.17985167362065,441.4148618185051,437.9461097849906,439.3561706542969,51149100,-0.33,0.08,0.79,1.1900000000000002,7.79,388.23625049581113,388.6350336479469,383.13966230419834,384.5013427734375,50490700,-0.69,0.27999999999999997,1.4200000000000002,1.6099999999999999,10.69,336.33080921559235,336.4323810930324,334.1421099919531,335.49041748046875,3680600,-0.29,-0.04,0.6799999999999999,0.75,5.71,17.780000686645508,3.25,-1
2021-11-10,437.6640350330447,439.35612511347824,434.3363123816006,435.8215637207031,69429700,-0.8,-0.38999999999999996,1.1400000000000001,-0.24,6.54,381.72926606554546,384.540159937135,376.92445677960063,378.85028076171875,54937400,-1.47,-0.72,1.9800000000000002,-0.9299999999999999,8.200000000000001,334.7883730453941,335.9058322196508,332.7197348766566,333.4493103027344,3529000,-0.61,-0.21,0.95,-0.13999999999999999,5.029999999999999,18.729999542236328,5.34,-1
2021-11-11,437.3162461048895,437.39146541229354,435.9437949662479,435.96258544921875,34848500,0.03,0.33999999999999997,0.33,-0.67,4.81,381.82661172108067,382.0016785683842,379.5603598065973,379.9007873535156,32243000,0.27999999999999997,0.79,0.64,-1.92,6.54,333.56019544265405,333.6248474446225,331.8886565425894,331.9625244140625,2461200,-0.44999999999999996,0.03,0.52,-0.52,2.9899999999999998,17.65999984741211,-5.71,1
2021-11-12,437.2316347180003,439.80733651939306,436.2821846286871,439.2527160644531,53466700,0.75,0.29,0.8099999999999999,-0.27,4.8,381.0483868740119,384.43316010787464,379.45328432637615,383.8982238769531,34730600,1.05,0.3,1.31,-0.98,6.98,333.09844691742006,334.0681142238405,332.0733434780074,333.643310546875,3099800,0.51,0.33999999999999997,0.6,-0.5599999999999999,2.39,16.290000915527344,-7.76,1
2021-11-15,440.54060690132917,440.7003977259758,438.2751057858588,439.40313720703125,46980500,0.03,0.29,0.5499999999999999,-0.32,4.53,385.07504833636796,385.39600409421735,381.369319811031,383.81060791015625,33716900,-0.02,0.31,1.05,-0.8699999999999999,5.89,334.86233301849904,334.98239296783606,333.0799782494916,333.6063537597656,2555000,-0.01,0.37,0.5700000000000001,-0.8500000000000001,2.48,16.489999771118164,1.23,1
2021-11-16,439.13992102624314,442.27965290510997,439.0647304076264,441.1422119140625,48857500,0.4,-0.06,0.73,0.41000000000000003,4.14,383.0811619362063,387.03978477893776,382.8866531746897,386.54376220703125,27872900,0.7100000000000001,-0.19,1.08,0.53,5.8500000000000005,334.1419584420653,335.73038518678504,334.0311425594472,334.2435302734375,2728600,0.19,0.16,0.51,-0.37,2.11,16.3700008392334,-0.73,1
2021-11-17,440.87894709599965,441.057557066816,439.45009601722535,440.0705261230469,47858300,-0.24,-0.06,0.36,0.97,3.4799999999999995,386.8648496608476,388.780938224214,385.78524107214116,386.7481384277344,28703300,0.05,0.08,0.77,2.08,6.04,333.7910291929708,333.9203049975155,332.03637859014856,332.3226623535156,2976000,-0.5700000000000001,-0.13999999999999999,0.5599999999999999,-0.33999999999999997,1.0699999999999998,17.110000610351562,4.52,-1
2021-11-18,441.1045462451543,441.82839571024846,438.3784348342673,441.565185546875,50625600,0.33999999999999997,0.22999999999999998,0.7799999999999999,1.29,3.56,388.790632436788,391.26109909299385,386.5730301977901,390.7553405761719,45721500,1.04,0.53,1.21,2.86,6.49,332.4887846034441,332.5072445175727,329.8106315348978,331.8608093261719,3438100,-0.13999999999999999,0.05,0.8099999999999999,-0.03,0.95,17.59000015258789,2.81,1
2021-11-19,441.45246699733707,442.7027371018379,440.40903566695056,440.7756652832031,57315600,-0.18,-0.03,0.52,0.35000000000000003,3.4799999999999995,392.3893183809995,394.2081373154626,391.5625744064973,392.9339904785156,45191700,0.5599999999999999,0.42,0.6799999999999999,2.35,7.99,331.1586590063672,331.1586590063672,328.8361257306239,329.3265380859375,3542200,-0.76,-0.21,0.7000000000000001,-1.29,-0.04,17.90999984741211,1.82,-1
2021-11-22,442.6557009805207,445.1468026589416,439.3279494564215,439.5347595214844,72762000,-0.27999999999999997,0.43,1.32,0.03,2.64,394.47080387333807,397.524856298027,388.2654000974445,388.37237548828125,61715400,-1.16,0.38999999999999996,2.36,1.1900000000000002,5.65,330.7791809478238,332.40770415545114,329.4929890132118,329.59478759765625,4929200,0.08,0.44,0.89,-1.2,-0.18,19.170000076293945,7.04,-1
2021-11-23,439.20574375407494,440.9730245653836,436.60184177692975,440.1175842285156,73206500,0.13,-0.06999999999999999,0.9900000000000001,-0.22999999999999998,2.68,387.21493727005134,389.27694431177815,382.1669989443051,386.6022033691406,70098700,-0.45999999999999996,-0.3,1.83,0.02,4.84,329.66893332007356,331.6028248259565,328.79914101279155,331.2789611816406,5789300,0.51,0.02,0.8500000000000001,-0.89,0.33999999999999997,19.3799991607666,1.0999999999999999,1
2021-11-24,438.115291443818,441.4148429167893,437.2974607646824,441.2926330566406,61858800,0.27,-0.44999999999999996,0.9400000000000001,0.27999999999999997,3.4099999999999997,384.121906283019,388.1291491048879,381.79732907349427,387.84710693359375,46954400,0.32,-0.64,1.6400000000000001,0.27999999999999997,4.9399999999999995,329.46519734711575,331.4453702205292,329.2246082067147,331.2880554199219,4246700,0.0,-0.5499999999999999,0.67,-0.31,1.06,18.579999923706055,-4.130000000000001,1
2021-11-26,434.6183409737067,436.08480192497507,430.32234880945094,431.4504089355469,112669600,-2.23,-1.51,1.31,-2.29,0.13999999999999999,385.2696201765238,386.66050784137326,379.10313088983804,380.4940185546875,51533300,-1.9,-0.66,1.95,-2.63,1.82,324.1632625218747,325.20886547771124,321.41509558698834,322.95111083984375,9075000,-2.52,-2.15,1.15,-2.68,-2.13,28.6200008392334,54.04,-1
2021-11-29,436.24463852719293,438.58533038960036,434.0449470141302,436.74285888671875,86268800,1.23,1.11,1.05,-0.91,1.16,385.0557152401909,389.763255674878,384.3262404473331,388.751708984375,54447100,2.17,1.2,1.43,-1.06,3.52,326.25437954962746,326.4209282304477,322.8585146364229,324.9589538574219,5243000,0.62,1.02,1.0999999999999999,-1.3299999999999998,-1.77,22.959999084472656,-19.78,1
2021-11-30,434.29879841557255,436.20707986716064,428.0005143227515,428.24493408203125,148559600,-1.95,-0.5599999999999999,1.8800000000000001,-2.5700000000000003,-0.97,387.86664096167675,390.2106903823826,381.02903119980994,383.0423889160156,81332700,-1.47,-0.22999999999999998,2.36,-1.37,1.6500000000000001,322.65504377140485,323.8671954915417,318.63918054800774,319.13885498046875,9543500,-1.79,-0.7100000000000001,1.6099999999999999,-3.17,-3.7699999999999996,27.190000534057617,18.42,-1
2021-12-01,433.9603158081163,436.8086374124799,423.290850257439,423.4882507324219,131939200,-1.11,1.3299999999999998,3.16,-3.7800000000000002,-2.4699999999999998,387.3802526370976,389.520057013859,376.05882046092955,376.5256652832031,77766500,-1.7000000000000002,1.13,3.51,-2.6100000000000003,-0.5,322.0443404814292,324.209558728939,314.90095856958703,315.0304870605469,8415000,-1.29,0.91,2.92,-4.9,-5.390000000000001,31.1200008392334,14.45,-1
2021-12-02,423.7044637690375,431.54439807571686,423.3096341374703,429.9745178222656,127637800,1.53,0.05,1.94,-2.56,-1.58,375.2418725575302,381.0193160765427,373.8218364122323,379.2394104003906,84416600,0.72,-0.33999999999999997,1.91,-2.22,-0.83,316.2796312596927,321.9610378388084,315.687448624995,320.7210998535156,8326400,1.81,0.4,1.9900000000000002,-3.19,-3.95,27.950000762939453,-10.190000000000001,1
2021-12-03,431.63844870413465,432.70067046910617,422.00303269299377,426.23321533203125,137331600,-0.8699999999999999,0.38999999999999996,2.4899999999999998,-1.21,-2.8899999999999997,380.60096618273656,381.6027768520608,368.53058869788106,372.64483642578125,105349100,-1.7399999999999998,0.36,3.45,-2.06,-3.7900000000000005,321.87780998983294,322.4700210002263,317.4548363693425,320.3788146972656,11365300,-0.11,0.36,1.5599999999999998,-0.8,-3.9899999999999998,30.670000076293945,9.73,-1
2021-12-06,428.78070813331755,433.16130061518345,426.3647969926562,431.2812194824219,98977500,1.18,0.6,1.59,-1.25,-2.08,373.1311552405075,376.9925089483325,368.91963826221985,375.6308288574219,67588800,0.8,0.13,2.17,-3.38,-3.11,323.1731898272145,327.5776381868619,322.7752857923641,326.46728515625,7026500,1.9,0.8699999999999999,1.5,0.45999999999999996,-2.69,27.18000030517578,-11.379999999999999,1
2021-12-07,436.5642266881175,440.7662090115453,431.1495840464495,440.2021789550781,95484700,2.07,1.22,2.23,2.79,-0.13999999999999999,382.2739394803564,387.555329445416,382.23502585002876,386.94256591796875,56005300,3.01,1.77,1.4200000000000002,1.02,-0.06,329.3450000243334,331.82481966873854,329.21547153690614,331.0198059082031,5271500,1.39,0.88,0.8,3.7199999999999998,-1.6099999999999999,21.889999389648438,-19.46,1
2021-12-08,440.5970169214314,441.8190581603877,438.83911699656346,441.3678283691406,72238800,0.26,0.09,0.6799999999999999,4.22,0.45999999999999996,387.27329443125376,388.87813294378265,385.37664820946287,388.6738586425781,39204000,0.44999999999999996,0.09,0.8999999999999999,3.2300000000000004,1.09,331.4176450495413,332.0653438361488,329.7983557257752,331.2510681152344,3355600,0.06999999999999999,0.12,0.6799999999999999,5.1499999999999995,-1.26,19.899999618530273,-9.09,1
2021-12-09,440.0800010576555,441.4712714729504,438.190538959741,438.387939453125,61272600,-0.6799999999999999,-0.29,0.74,1.96,0.59,387.44833232178706,389.24770917282194,382.760234490901,382.95477294921875,49973700,-1.47,-0.32,1.67,0.98,1.08,330.10383753170555,332.35233061495524,329.7337197455282,331.36224365234375,3774500,0.03,-0.35000000000000003,0.79,3.32,-0.63,21.579999923706055,8.44,-1
2021-12-10,441.09514597438505,442.6649973016301,438.5382350620276,442.51458740234375,77159800,0.9400000000000001,0.62,0.9400000000000001,3.82,1.5,385.7657016429064,387.38027600962283,382.5949085157785,387.11767578125,52545800,1.09,0.73,1.25,3.88,1.9,332.73161114992814,333.41633026176754,330.89949053399073,333.3238220214844,3855200,0.59,0.41000000000000003,0.76,4.04,0.41000000000000003,18.690000534057617,-13.389999999999999,1
2021-12-13,441.99763801115,442.3454484006168,438.3126666867193,438.5946960449219,87724700,-0.89,-0.12,0.91,1.7000000000000002,-0.15,387.1079282528068,387.4288840777842,381.15541913036526,381.5250244140625,50166400,-1.44,-0.0,1.6199999999999999,1.5699999999999998,-0.62,332.5836345440344,333.10180505614545,329.9742577406481,330.3721618652344,4563000,-0.89,-0.22,0.9400000000000001,1.2,-0.98,20.309999465942383,8.67,-1
2021-12-14,435.3233478323497,437.8144493976514,432.6536362786152,435.5771484375,97264100,-0.69,-0.75,1.18,-1.05,-0.8699999999999999,376.70074791408535,379.41440228714094,373.1312014367775,377.5761413574219,75199200,-1.04,-1.26,1.6500000000000001,-2.42,-1.6199999999999999,329.1415069113904,331.63985137134256,328.4567875987684,329.5671691894531,4079700,-0.24,-0.37,0.96,-0.44,-1.21,21.889999389648438,7.779999999999999,-1
2021-12-15,435.63351275986344,442.62738658943516,433.11418281257556,442.38299560546875,116899300,1.5599999999999998,0.01,2.18,0.22999999999999998,0.27999999999999997,377.3232270446941,386.54379804863623,373.37433966272437,386.18389892578125,73858000,2.2800000000000002,-0.06999999999999999,3.49,-0.64,-0.09,329.25256414564666,333.08335550679504,327.9663998074023,332.935302734375,9274900,1.02,-0.1,1.55,0.51,-0.38999999999999996,19.290000915527344,-11.88,1
2021-12-16,444.2350081870244,444.517008901416,436.930874118884,438.4819641113281,116568600,-0.88,0.42,1.71,0.02,-0.36,387.1467959162522,387.5747567536777,374.6678995710291,376.2532958984375,82591400,-2.5700000000000003,0.25,3.34,-1.7500000000000002,-2.71,334.28610564975855,335.43350709660166,331.5472011009027,332.5928039550781,9493700,-0.1,0.41000000000000003,1.17,0.37,0.08,20.56999969482422,6.64,-1
2021-12-17,435.400025670144,438.40929266529145,432.1077672413191,433.8152160644531,135511600,-1.06,-0.7000000000000001,1.44,-1.97,-1.76,372.8394741316888,378.53912015883793,371.3221687035543,374.3762512207031,80492500,-0.5,-0.91,1.92,-3.29,-4.19,330.2957341384843,330.87975864706857,326.96775065096574,327.82061767578125,10638300,-1.43,-0.69,1.18,-1.6500000000000001,-1.22,21.56999969482422,4.859999999999999,-1
2021-12-20,428.730659907755,429.5985195949592,425.5798968391535,429.20233154296875,107134800,-1.06,-1.17,0.9299999999999999,-2.1399999999999997,-2.63,369.65389321202224,371.53346560369397,367.6087489251859,370.74462890625,65336800,-0.97,-1.26,1.05,-2.83,-5.65,323.88082557313317,324.1218587644171,321.2481037639695,323.7788391113281,7303400,-1.23,-1.2,0.88,-2.0,-1.68,22.8700008392334,6.03,-1
2021-12-21,432.6265442664553,436.9659280734673,430.456866757222,436.8244323730469,69806300,1.78,0.8,1.52,0.29,-0.62,374.0167921394008,379.3536394122616,370.2673960601498,379.0419921875,48899500,2.2399999999999998,0.88,2.45,0.38999999999999996,-2.4,326.45790853435955,329.07210004828096,325.85535388363326,329.0072021484375,4693300,1.6099999999999999,0.83,0.9900000000000001,-0.16999999999999998,-0.18,21.010000228881836,-8.129999999999999,1
2021-12-22,436.569793417211,441.30536576361067,436.3716706238864,441.1921691894531,58890200,1.0,-0.06,1.13,-0.27,0.24,378.7498329492057,383.8626780914225,378.0876049017559,383.6581726074219,37042200,1.22,-0.08,1.52,-0.65,-0.76,329.0443227156261,331.4638207654013,328.3212514063538,331.3062438964844,2999500,0.7000000000000001,0.01,0.96,-0.49,0.01,18.6299991607666,-11.33,1
2021-12-23,442.19203501921226,445.43713726995674,442.08828110682884,443.9372253417969,56439700,0.62,0.22999999999999998,0.76,1.24,0.6,384.0087984673513,388.02116027516325,383.8432562962341,386.5506286621094,29595500,0.75,0.09,1.09,2.74,-0.33,332.2332679544334,334.18925807701885,332.02004409626267,333.1324462890625,2655000,0.5499999999999999,0.27999999999999997,0.65,0.16,0.5599999999999999,17.959999084472656,-3.5999999999999996,1
2021-12-27,445.3145747017814,450.26712634622396,445.26741905868244,450.219970703125,56808600,1.4200000000000002,0.31,1.13,3.7800000000000002,4.35,387.84580044463326,392.9391784667969,387.81658537729174,392.9391784667969,32820700,1.6500000000000001,0.33999999999999997,1.3299999999999998,4.96,3.27,333.7812462161339,336.4695858910522,333.44753416792304,336.4325256347656,2594300,0.9900000000000001,0.19,0.91,2.63,4.17,17.68000030517578,-1.5599999999999998,1
2021-12-28,450.65386765775884,451.6821081838997,449.0879146544429,449.8520202636719,47274600,-0.08,0.1,0.58,4.81,3.0,393.8351316506224,394.010422056736,390.2415297237283,391.1180114746094,33113700,-0.45999999999999996,0.22999999999999998,0.96,5.5,0.61,336.6087819023279,338.4720932022464,336.40486553147565,337.424560546875,3048500,0.29,0.05,0.61,4.21,3.84,17.540000915527344,-0.79,-1
2021-12-29,449.9557881814939,451.4462575660911,448.9558468297353,450.4274597167969,54503000,0.13,0.02,0.5499999999999999,3.11,5.18,391.25435723845357,392.5203830962154,388.68331247336454,391.0595703125,32248500,-0.01,0.03,0.98,3.17,2.09,337.34103576727387,338.95406245747876,337.23907761108364,338.2124328613281,3012200,0.22999999999999998,-0.02,0.51,2.8000000000000003,5.9799999999999995,16.950000762939453,-3.36,1
2021-12-30,450.8519578886304,451.8613419081985,448.72002207295793,449.1822509765625,55329000,-0.27999999999999997,0.09,0.7000000000000001,1.81,6.069999999999999,390.84540059802947,393.026901700458,389.30669054535946,389.8910217285156,23850100,-0.3,-0.05,0.95,1.6199999999999999,3.55,339.0003570255549,339.95518201827116,337.0628977020927,337.49859619140625,2863200,-0.21,0.22999999999999998,0.86,1.87,7.13,17.329999923706055,2.2399999999999998,-1
2021-12-31,448.6916965613621,449.8425474311,447.77665266265734,448.0502014160156,65237400,-0.25,-0.11,0.45999999999999996,0.9299999999999999,4.2,389.21898010882563,390.5823994941913,386.9595824300405,387.4562683105469,34752900,-0.62,-0.16999999999999998,0.9299999999999999,0.22999999999999998,2.17,336.97947996954883,338.11969115382766,336.4232649017117,336.8033447265625,3133800,-0.21,-0.15,0.5,1.0999999999999999,5.01,17.219999313354492,-0.63,-1
2022-01-03,449.31429199851436,450.77649102777576,447.0031187538817,450.6444091796875,72668200,0.58,0.27999999999999997,0.84,0.09,5.7299999999999995,388.6248911831583,391.4394048095801,386.51159861800147,391.1861877441406,40575900,0.96,0.3,1.27,-0.44999999999999996,4.9799999999999995,337.74901286724327,339.148816108408,335.85789226776586,338.9912109375,5624100,0.65,0.27999999999999997,0.98,0.76,5.81,16.600000381469727,-3.5999999999999996,1
2022-01-04,452.06889544831097,452.78584543871375,448.635112640116,450.4934997558594,71178700,-0.03,0.32,0.9199999999999999,0.13999999999999999,4.45,391.7315848969011,391.7705482299664,383.01541893347996,386.1123352050781,58027200,-1.3,0.13999999999999999,2.2399999999999998,-1.28,2.79,340.5298926013396,342.26340717304214,340.4093760520307,341.0212097167969,5462200,0.6,0.44999999999999996,0.5499999999999999,1.0699999999999998,4.46,16.90999984741211,1.87,-1
2022-01-05,450.1255683158479,450.8991165177179,441.7486775164381,441.843017578125,104538900,-1.92,-0.08,2.03,-1.91,0.37,384.42749707501173,385.54747736079605,373.99730172965064,374.2505187988281,75739800,-3.0700000000000003,-0.44,2.9899999999999998,-4.3,-3.2800000000000002,340.87291244560527,342.5322783594754,337.4151622204435,337.5171203613281,7638000,-1.03,-0.04,1.5,-0.21,1.96,19.729999542236328,16.68,-1
2022-01-06,441.3808228754029,444.1448112867114,439.0601780901141,441.427978515625,86858900,-0.09,-0.1,1.15,-1.73,0.01,372.42946343390247,377.23066227942587,370.19928032711414,373.9876403808594,70814300,-0.06999999999999999,-0.49,1.8800000000000001,-4.08,-3.7800000000000002,337.5357855922876,338.0363821586266,335.5427068301993,335.94134521484375,7019800,-0.47000000000000003,0.01,0.74,-0.45999999999999996,1.4200000000000002,19.610000610351562,-0.61,-1
2022-01-07,441.43743350191716,442.61661242591146,438.3243838694435,439.68280029296875,85111600,-0.4,0.0,0.97,-1.87,0.3,373.9972600596945,375.6820747117179,368.1637576183187,369.9361877441406,72652300,-1.08,0.0,2.01,-4.52,-3.4000000000000004,335.47767370290916,337.3131464010955,334.7731328262811,335.86700439453125,5806300,-0.02,-0.13999999999999999,0.76,-0.27999999999999997,1.3599999999999999,18.760000228881836,-4.33,-1
2022-01-10,436.48485885738484,439.35260112059655,430.73046025596256,439.1356506347656,119362000,-0.12,-0.73,1.96,-2.55,-0.76,365.02796928340246,370.6959310070584,359.6619065434857,370.17974853515625,91770500,0.06999999999999999,-1.3299999999999998,2.98,-5.37,-4.38,334.7176016224102,334.85664833432435,330.42551394290524,334.4580383300781,8091800,-0.42,-0.33999999999999997,1.32,-1.34,0.33999999999999997,19.399999618530273,3.4099999999999997,-1
2022-01-11,438.8715061877595,443.2297465587139,435.87165335018614,443.1354064941406,74303100,0.91,-0.06,1.68,-1.63,1.04,369.4492543074424,375.90605116159617,367.3651769879985,375.7405090332031,68295700,1.5,-0.2,2.31,-2.69,-1.52,334.3653980695684,336.27504873645495,331.5936293258442,336.08038330078125,7310900,0.49,-0.03,1.4000000000000001,-1.4500000000000002,1.73,18.40999984741211,-5.1,1
2022-01-12,444.87126972681534,446.3900674314887,442.37141570393095,444.33355712890625,67605400,0.27,0.38999999999999996,0.91,0.5599999999999999,2.01,378.3115781015155,380.0061412768249,374.95172626073906,377.2305908203125,54576400,0.4,0.6799999999999999,1.35,0.8,-0.09,337.1834899425056,337.9529006608652,335.2738395284632,336.4604187011719,4493200,0.11,0.33,0.8,-0.31,2.09,17.6200008392334,-4.29,1
2022-01-13,445.4371934481838,446.0881025089078,437.18294108680465,438.211181640625,91173100,-1.38,0.25,2.0,-0.73,-0.9400000000000001,378.61347148673974,379.2951960521045,366.85881976807036,367.7937316894531,77994000,-2.5,0.37,3.3000000000000003,-1.66,-4.760000000000001,337.62846399553774,338.4813310989916,334.14290333559705,334.8381652832031,6418100,-0.48,0.35000000000000003,1.29,-0.33,0.5700000000000001,20.309999465942383,15.27,-1
2022-01-14,435.0604113490844,438.739443721602,433.8434906759854,438.3904113769531,95890900,0.04,-0.72,1.1199999999999999,-0.29,-0.02,365.27139040203764,370.4134504382263,365.06685520469034,370.08233642578125,80121200,0.62,-0.69,1.4500000000000002,0.04,-1.6400000000000001,332.0662901668072,333.54024175357745,330.38839399185207,332.9284362792969,8575400,-0.5700000000000001,-0.83,0.9400000000000001,-0.8699999999999999,0.1,19.190000534057617,-5.510000000000001,1
2022-01-18,433.6925435130348,433.9000801446297,429.51354052849086,430.6266784667969,109709100,-1.77,-1.0699999999999998,1.0,-1.94,-0.73,364.2683212855361,366.39136228190114,360.1098547820308,360.8694763183594,75450900,-2.4899999999999998,-1.5699999999999998,1.7000000000000002,-2.52,-3.61,329.39647072250614,329.4242800614299,326.8842661388118,328.0245056152344,8166100,-1.47,-1.06,0.76,-1.92,0.06,22.790000915527344,18.759999999999998,-1
2022-01-19,432.17374552013666,433.56987477528105,425.8816348637501,426.15521240234375,109357600,-1.04,0.36,1.79,-3.83,-0.7100000000000001,362.4276789394688,364.9013304684771,356.64285740771714,356.90582275390625,81791500,-1.0999999999999999,0.43,2.29,-5.01,-3.73,329.0071268333166,329.60040213674654,324.65014197416605,324.7799377441406,7386500,-0.9900000000000001,0.3,1.51,-3.36,0.31,23.850000381469727,4.65,-1
2022-01-20,428.04200140937587,432.7492750334753,419.3160763117743,421.4385986328125,122379700,-1.11,0.44,3.15,-5.1499999999999995,-3.52,360.1293528653298,364.1027509832261,351.73455259619834,352.2701721191406,88610700,-1.3,0.8999999999999999,3.47,-6.619999999999999,-7.06,325.82754618409416,329.1369713191898,321.4983696498854,321.98040771484375,8968700,-0.86,0.32,2.35,-4.3,-2.1399999999999997,25.59000015258789,7.3,-1
2022-01-21,420.31596407281415,422.6743219055185,413.1371366485651,413.1654357910156,202271200,-1.96,-0.27,2.26,-5.72,-6.35,350.07897689623405,352.71817080050874,342.21979560707535,342.5022277832031,143388900,-2.77,-0.62,2.98,-6.88,-10.73,321.99707390477715,323.6298435050378,317.40495187100214,317.5997619628906,16301600,-1.3599999999999999,0.01,1.9300000000000002,-5.1499999999999995,-4.14,28.850000381469727,12.740000000000002,-1
2022-01-24,407.5525363125253,415.4294573025682,396.9210694706066,414.9200439453125,251783900,0.42,-1.3599999999999999,4.4799999999999995,-5.35,-6.54,336.87320642826637,344.7323871817224,325.4204234632394,344.07012939453125,198685800,0.45999999999999996,-1.6400000000000001,5.64,-7.03,-10.99,313.96313663479845,319.24177934562636,307.3949989411328,318.9541931152344,29707000,0.43,-1.15,3.73,-4.2,-4.26,29.899999618530273,3.64,1
2022-01-25,408.52413091783615,414.8067989622443,402.9489701470522,409.854248046875,167997300,-1.22,-1.54,2.86,-4.82,-8.97,337.613389137773,341.8594715046256,332.7537308094478,336.0941162109375,124398400,-2.32,-1.8800000000000001,2.65,-6.87,-14.469999999999999,315.66086329021675,320.791070010275,311.0965429427629,318.1656494140625,18657900,-0.25,-1.03,3.04,-3.01,-5.43,31.15999984741211,4.21,-1
2022-01-26,415.7502159505603,418.8821222815148,404.56215063672164,408.8260803222656,186391100,-0.25,1.44,3.49,-4.07,-9.120000000000001,343.69032292092504,347.55660890710044,331.87721121554597,335.5682067871094,146559500,-0.16,2.26,4.67,-5.9799999999999995,-14.2,321.022982278403,322.841275789593,314.05591005447576,316.7740783691406,19047300,-0.44,0.8999999999999999,2.76,-2.4699999999999998,-6.12,31.959999084472656,2.5700000000000003,-1
2022-01-27,413.42959969479165,416.57091988117384,405.1187484129023,406.80731201171875,149878300,-0.49,1.13,2.8000000000000003,-3.47,-9.68,340.2720264541344,342.0931685236825,331.1662863860783,332.1888732910156,95255700,-1.01,1.4000000000000001,3.26,-5.7,-15.049999999999999,319.5015696720648,322.498066764048,315.31763972294726,316.85760498046875,12854100,0.03,0.86,2.27,-1.59,-6.3100000000000005,30.489999771118164,-4.6,-1
2022-01-28,408.1657129140467,416.95767810367454,403.5810789597359,416.9105224609375,164457400,2.48,0.33,3.29,0.91,-7.180000000000001,334.0684086431916,342.8235371800627,329.12113570448446,342.6092834472656,108167900,3.1399999999999997,0.5700000000000001,4.12,0.03,-12.13,317.1452044709019,322.0806016595812,313.47150075143253,322.0156555175781,12008900,1.63,0.09,2.7199999999999998,1.39,-4.590000000000001,27.65999984741211,-9.28,1
2022-01-31,416.2407572007058,424.7685880526655,414.89178329232885,424.4195556640625,152251400,1.7999999999999998,-0.16,2.37,2.29,-5.27,343.9726923125403,354.14966913051103,342.33655958039134,353.5653381347656,94326400,3.2,0.4,3.45,2.76,-8.75,320.78172387223975,325.95830354184005,319.7983591740315,325.69854736328125,8379100,1.1400000000000001,-0.38,1.91,2.11,-3.3000000000000003,24.829999923706055,-10.23,1
2022-02-01,425.14591546405666,427.92878947837016,421.617821033728,427.2873229980469,123155400,0.6799999999999999,0.16999999999999998,1.49,4.25,-5.18,354.90933530146293,356.6233651798922,349.75755684421006,355.9708557128906,74433000,0.6799999999999999,0.38,1.94,5.91,-9.0,326.23664103866827,328.657936737317,324.39977552461335,328.351806640625,7636000,0.8099999999999999,0.16999999999999998,1.31,3.2,-3.1399999999999997,21.959999084472656,-11.559999999999999,1
2022-02-02,429.6927977248774,432.1643521308704,427.38159553014776,431.43798828125,117361000,0.97,0.5599999999999999,1.1199999999999999,5.53,-4.2299999999999995,360.1000912153565,360.43120520565765,354.7729928637206,358.8632507324219,78777100,0.8099999999999999,1.16,1.59,6.94,-7.06,328.0271086666918,330.87516895283943,327.2571262057844,330.29071044921875,8856400,0.59,-0.1,1.0999999999999999,4.2700000000000005,-3.15,22.09000015258789,0.59,1
2022-02-03,425.4006065808514,427.3061493870198,420.45746888036115,421.29705810546875,118024400,-2.35,-1.4000000000000001,1.59,3.56,-4.65,349.1634773534148,352.4746471186195,343.25204770428917,344.3135681152344,95384800,-4.05,-2.7,2.5700000000000003,3.65,-8.0,329.16821793064605,329.53929418162136,325.234730398659,325.6058349609375,9339900,-1.4200000000000002,-0.33999999999999997,1.3,2.76,-3.53,24.350000381469727,10.23,-1
2022-02-04,421.0612140470099,427.12690349554987,418.68397092224063,423.278076171875,118454400,0.47000000000000003,-0.06,2.0,1.53,-4.109999999999999,344.82975198860566,351.95852629353226,342.77488937826047,348.6571044921875,86318300,1.26,0.15,2.67,1.77,-6.77,325.0677313071242,327.71169544644715,322.6742655638086,325.5037536621094,8532300,-0.03,-0.16999999999999998,1.55,1.08,-3.11,23.219999313354492,-4.64,1
2022-02-07,424.04216920738406,425.43829858096694,420.58952998140325,421.9196472167969,84472900,-0.32,0.18,1.15,-0.59,-4.04,349.25114058242553,351.61765032861587,344.5960180338166,345.8523254394531,58198100,-0.8,0.16999999999999998,2.01,-2.18,-6.510000000000001,325.86566576634186,327.6282995954617,324.5390261062328,325.53167724609375,4746200,0.01,0.11,0.95,-0.05,-3.08,22.860000610351562,-1.55,-1
2022-02-08,421.41970760411243,426.31566099325914,419.9952501952537,425.39117431640625,81012000,0.8200000000000001,-0.12,1.5,-0.44,-3.1300000000000003,344.71277763954845,350.82871129036937,343.5830791027337,349.73797607421875,64720900,1.1199999999999999,-0.33,2.1,-1.7500000000000002,-5.52,326.1810233228434,329.65991642929157,325.4295846767549,328.9084777832031,4568400,1.04,0.2,1.3,0.16999999999999998,-1.66,21.440000534057617,-6.21,1
2022-02-09,429.4286550758493,431.93795122288446,429.23056108197864,431.6172180175781,92589900,1.46,0.95,0.64,0.04,-2.6,354.2568812229211,357.22718893761805,352.6597114986028,357.1492919921875,55766400,2.12,1.29,1.31,-0.48,-4.95,331.5154139584666,332.2111927641813,330.8752951923041,331.8122863769531,4781700,0.88,0.79,0.41000000000000003,0.45999999999999996,-1.27,19.959999084472656,-6.9,1
2022-02-10,425.7684883309894,431.7775795121979,421.86306271080866,423.8629455566406,140103700,-1.7999999999999998,-1.3599999999999999,2.3,0.61,-4.61,350.1276521478093,356.9155644682543,347.22552265055316,349.0661315917969,112468500,-2.26,-1.97,2.71,1.38,-7.470000000000001,329.1310780861802,332.1739484229122,325.65218540037523,327.0622863769531,10298500,-1.43,-0.8099999999999999,1.97,0.44999999999999996,-2.79,23.90999984741211,19.79,-1
2022-02-11,423.94778371267705,426.02312105241583,414.070981289909,415.5048522949219,153214600,-1.97,0.02,2.82,-1.8399999999999999,-5.18,349.0660901088654,350.6632597451943,336.76604124970885,337.9931335449219,101569100,-3.17,-0.0,3.9800000000000004,-3.06,-8.1,326.97889723090924,328.79721941982405,321.19931318498044,322.18267822265625,8211500,-1.49,-0.03,2.32,-1.02,-3.7800000000000002,27.360000610351562,14.430000000000001,-1
2022-02-14,414.9955162101405,416.5803257355876,410.67498861776903,414.146484375,123006300,-0.33,-0.12,1.4200000000000002,-1.8399999999999999,-5.53,337.4380509471334,341.8107713545148,334.905998885152,338.41192626953125,80254400,0.12,-0.16,2.04,-2.15,-8.559999999999999,321.6539244528609,322.4239072553312,318.3884125807673,320.8839416503906,7315100,-0.4,-0.16,1.25,-1.43,-3.62,28.329999923706055,3.55,-1
2022-02-15,418.5896294380124,420.9951427431811,418.0707734780917,420.8253479003906,88482700,1.6099999999999999,1.0699999999999998,0.7100000000000001,-1.0699999999999998,-2.2800000000000002,343.6902623715719,347.0598618690624,342.62874208745905,346.8261413574219,55128800,2.4899999999999998,1.5599999999999998,1.31,-0.83,-3.8899999999999997,323.7040705983939,325.40178645452977,323.16601420233843,324.90081787109375,4932200,1.25,0.88,0.7000000000000001,-1.22,-0.95,25.700000762939453,-9.28,1
2022-02-16,418.7783192186944,422.6743310487677,416.90107555558865,421.29705810546875,84863600,0.11,-0.49,1.37,-2.39,-1.1400000000000001,344.57658196938326,347.7611436507016,341.54781418950745,346.73858642578125,58947100,-0.03,-0.65,1.79,-2.91,-2.85,323.5464404772854,325.36473455028585,321.64462803113815,324.3906555175781,4496500,-0.16,-0.42,1.1400000000000001,-2.2399999999999998,-0.12,24.290000915527344,-5.489999999999999,1
2022-02-17,418.10860542165693,421.2688111349309,411.69388269891886,412.297607421875,102259100,-2.1399999999999997,-0.76,2.27,-2.73,-2.17,343.5247302610099,344.2259215973404,336.006412490477,336.4252014160156,61801400,-2.97,-0.9299999999999999,2.37,-3.62,-4.5,322.3125424433851,322.5722987118096,318.0729237843581,318.8336486816406,4433500,-1.71,-0.64,1.39,-2.52,-0.98,28.110000610351562,15.73,-1
2022-02-18,412.55220911710694,413.80687151261105,407.3544084156553,409.62786865234375,132642900,-0.65,0.06,1.5699999999999998,-1.41,-0.86,337.36011738339107,337.74966152600837,330.2800552572967,332.588134765625,80001500,-1.1400000000000001,0.27999999999999997,2.22,-1.6,-2.8899999999999997,318.591061050867,319.79891821130695,315.5900609837066,316.80718994140625,6193700,-0.64,-0.08,1.32,-1.67,-0.25,27.75,-1.28,-1
2022-02-22,407.4204966635997,410.8259516984403,401.7321096953835,405.23193359375,124391800,-1.0699999999999998,-0.54,2.22,-2.15,-2.33,329.64703413059453,335.05205976865096,325.61520592456526,329.24774169921875,85967100,-1.0,-0.88,2.8400000000000003,-2.71,-4.31,314.77243265380434,316.1382222242587,309.9317607061388,312.18951416015625,7942700,-1.46,-0.64,1.96,-2.71,-2.12,28.809999465942383,3.82,-1
2022-02-23,408.14686816140767,408.7128798332859,397.47765898241863,398.0436706542969,132578000,-1.77,0.72,2.77,-5.41,-2.88,332.40307317940693,333.24059154227604,320.5023176630174,320.81396484375,86215400,-2.56,0.96,3.8699999999999997,-7.5,-4.55,314.1870808315539,314.27999727758134,307.3674333340916,308.0177917480469,5732600,-1.34,0.64,2.21,-5.2,-3.19,31.020000457763672,7.670000000000001,-1
2022-02-24,387.732876144503,404.46780255410187,387.3744299437548,404.0338439941406,213942900,1.5,-2.59,4.29,-4.1000000000000005,-1.17,310.51033638338527,332.13037570497437,309.94550189674453,331.5947265625,130614100,3.36,-3.2099999999999995,6.92,-4.37,-1.18,299.9346565337307,309.1513921742511,299.81386795498895,308.7797546386719,14167100,0.25,-2.62,3.0300000000000002,-4.81,-2.52,30.31999969482422,-2.26,1
2022-02-25,405.26959895160047,413.0333227139032,403.61874859349035,412.94842529296875,121804500,2.21,0.31,2.33,0.16,1.51,332.3933413462363,336.94135159639,328.5757672146632,336.73681640625,78842100,1.55,0.24,2.52,0.09,1.37,310.0246822466713,316.8443300598302,309.44863995040066,316.39837646484375,9496300,2.4699999999999998,0.4,2.4,-0.76,-0.13999999999999999,27.59000015258789,-9.0,1
2022-02-28,407.5525226744369,413.37296233027865,406.29788900505855,411.89190673828125,145615000,-0.26,-1.31,1.71,0.5499999999999999,-1.2,333.5620257210726,339.43449236604516,332.40311178089286,337.73992919921875,77515500,0.3,-0.9400000000000001,2.09,1.55,-1.4200000000000002,312.13378646970494,315.7294292309935,311.05601798565505,315.283447265625,8217300,-0.35000000000000003,-1.35,1.48,-0.48,-2.09,30.149999618530273,9.28,-1
2022-03-01,410.39202759579075,412.4013531876371,402.9112942533806,405.61871337890625,137785900,-1.52,-0.36,2.3,0.1,-4.43,336.7173519143617,338.9864680636294,330.0463008202966,332.5686340332031,67407000,-1.53,-0.3,2.65,1.01,-5.94,313.3602153684918,314.9861542149886,307.84131210119585,309.5415954589844,8532900,-1.82,-0.61,2.27,-0.8500000000000001,-4.96,33.31999969482422,10.51,-1
2022-03-02,407.8732031348396,414.80677985467884,407.118540259821,413.0804748535156,117726500,1.8399999999999999,0.5599999999999999,1.9,3.7800000000000002,-3.32,334.11712876141945,339.4831912377867,331.35132644345447,338.14898681640625,70609000,1.68,0.47000000000000003,2.45,5.4,-5.01,311.5020075229582,316.3148081810007,310.9631373958448,314.96759033203125,6836200,1.7500000000000002,0.63,1.73,2.26,-4.08,30.739999771118164,-7.739999999999999,1
2022-03-03,415.51437058927706,416.1180952528959,409.22225892771945,411.0240478515625,105501700,-0.5,0.59,1.67,1.73,-4.73,340.78817997983646,340.89532171846434,331.4584675901399,333.3185729980469,71089400,-1.43,0.7799999999999999,2.79,0.52,-7.12,316.55638799205076,317.8385616061818,312.8120837767903,314.1593017578125,7790700,-0.26,0.5,1.6,1.7399999999999998,-4.88,30.479999542236328,-0.8500000000000001,-1
2022-03-04,407.2884450363373,408.8166564833454,403.63771129325096,407.6846618652344,113978200,-0.8099999999999999,-0.91,1.26,-1.27,-3.2300000000000004,330.96171876502984,332.3933163869497,326.1702697955539,328.4880676269531,76936300,-1.4500000000000002,-0.7100000000000001,1.87,-2.45,-4.6,310.88869683528634,312.98848919543354,309.20701425885323,312.6168518066406,6025000,-0.49,-1.04,1.2,-1.2,-3.9899999999999998,31.979999542236328,4.92,-1
2022-03-07,407.09963258077096,407.80713978288463,395.60027988600064,395.66632080078125,137896600,-2.9499999999999997,-0.13999999999999999,2.9899999999999998,-3.94,-6.52,328.4783684935688,329.63728233789755,316.1685719260236,316.3730773925781,89933800,-3.6900000000000004,-0.0,4.1000000000000005,-6.329999999999999,-9.26,311.4369885898089,311.55774880290056,305.06329346403453,305.18408203125,6590800,-2.3800000000000003,-0.38,2.08,-3.2,-6.239999999999999,36.45000076293945,13.98,-1
2022-03-08,395.84559581407734,403.0055659240811,391.6005521986846,392.6665344238281,164772700,-0.76,0.05,2.88,-3.19,-6.93,315.5841910255012,324.5048898509684,311.5815789250243,314.9024963378906,116153900,-0.45999999999999996,-0.25,4.08,-5.3100000000000005,-8.95,305.2026352837608,310.6936662004883,302.94490996360867,303.381591796875,8209800,-0.59,0.01,2.54,-1.9900000000000002,-6.800000000000001,35.130001068115234,-3.62,-1
2022-03-09,401.05289644474624,405.1753011556901,398.86433355936276,403.19427490234375,116990800,2.68,2.1399999999999997,1.6099999999999999,-2.39,-5.220000000000001,323.0831482409689,327.5921958789798,320.4926362364872,326.2384948730469,64723400,3.5999999999999996,2.6,2.25,-3.52,-6.72,309.50428584862993,311.2881847243538,308.06418056534267,309.7644348144531,4669200,2.1,2.02,1.06,-1.6500000000000001,-5.82,32.45000076293945,-7.630000000000001,1
2022-03-10,398.5812498353384,402.2697241963795,396.61910918123664,401.3735656738281,93972700,-0.44999999999999996,-1.1400000000000001,1.4000000000000001,-2.35,-7.01,322.1774355659883,323.82328720923215,318.174792607464,322.61566162109375,69362700,-1.11,-1.24,1.73,-3.2099999999999995,-9.67,305.97390969199074,309.2536604015978,305.37926685254195,308.56610107421875,3317400,-0.38999999999999996,-1.22,1.25,-1.78,-7.01,30.229999542236328,-6.84,-1
2022-03-11,403.86394870855815,404.47711582213526,395.76063683343085,396.2700500488281,95636300,-1.27,0.62,2.17,-2.8000000000000003,-6.510000000000001,325.58602785416184,325.8976751121603,315.43823320293427,315.9251708984375,66228400,-2.07,0.9199999999999999,3.2399999999999998,-3.82,-9.49,310.4149212046712,311.9293714531537,306.3175524100659,306.6241455078125,6923400,-0.63,0.6,1.82,-1.92,-6.25,30.75,1.72,-1
2022-03-14,397.0437646645079,400.49637571561465,392.2327082063422,393.3741455078125,95729200,-0.73,0.2,2.09,-0.58,-5.33,314.68832321154076,318.05792335040644,309.15671876755334,309.85791015625,79802600,-1.92,-0.38999999999999996,2.82,-2.06,-8.32,308.2315794517506,310.8795429264567,305.4814277068752,306.6706848144531,5640600,0.02,0.52,1.76,0.49,-4.81,31.770000457763672,3.32,-1
2022-03-15,395.9870872847089,402.65652931408596,394.7135972445158,402.0245056152344,106219100,2.1999999999999997,0.66,2.02,2.3800000000000003,-2.93,312.49714594957413,320.35632763193394,310.89025746902234,319.57720947265625,76471000,3.1399999999999997,0.8500000000000001,3.05,1.48,-5.57,308.4637564388831,312.9699344552744,307.63683697580274,312.3567199707031,6648500,1.8499999999999999,0.58,1.7399999999999998,2.96,-2.6599999999999997,29.829999923706055,-6.11,1
2022-03-16,405.53380999874116,410.99574623645054,400.7321679197033,410.93914794921875,144954800,2.22,0.8699999999999999,2.55,1.92,-2.35,323.4921524521994,331.54609001020464,319.8206237661332,331.4292297363281,105243000,3.71,1.23,3.6700000000000004,1.59,-4.44,315.14419058081984,317.21611192936876,310.82384342387064,317.16033935546875,9577100,1.54,0.89,2.0500000000000003,2.39,-2.3800000000000003,26.670000076293945,-10.59,1
2022-03-17,409.02416595069127,416.08038330078125,408.64683443641115,416.08038330078125,102676900,1.25,-0.47000000000000003,1.81,3.66,-1.24,329.53015952791367,335.50001949212384,328.23491853830734,335.44158935546875,67810000,1.21,-0.5700000000000001,2.19,3.9800000000000004,-3.26,315.8410538009411,321.0905096267294,315.53443220689513,320.96044921875,6032900,1.2,-0.42,1.7500000000000002,4.02,-1.06,25.670000076293945,-3.75,1
2022-03-18,414.4678791360529,420.9593028336933,413.7297868077792,420.6375732421875,106345500,1.0999999999999999,-0.38999999999999996,1.7399999999999998,6.15,2.02,333.7859950907957,342.5995839728813,332.62708116075316,342.3074035644531,85446300,2.0500000000000003,-0.49,2.97,8.35,1.7500000000000002,319.9750876739442,323.5322356742087,319.0718334103718,323.2994384765625,5903900,0.73,-0.31,1.39,5.4399999999999995,1.4000000000000001,23.8700008392334,-7.01,1
2022-03-21,420.4672563901048,422.47335203270006,417.00389114982016,420.51458740234375,88349800,-0.03,-0.04,1.3,6.9,2.6599999999999997,341.472747390431,343.6959267738545,336.96785649515317,341.355712890625,73799100,-0.27999999999999997,-0.24,1.97,10.17,2.64,322.7594276830779,323.98860406722093,319.6771941560763,321.6699523925781,4329900,-0.5,-0.16999999999999998,1.3299999999999998,4.89,1.53,23.530000686645508,-1.4200000000000002,-1
2022-03-22,421.9055997031732,426.37201295183075,421.9055997031732,425.4352111816406,74650400,1.17,0.33,1.06,5.82,4.99,341.85302014961167,348.9321048086692,341.47275472750243,348.06427001953125,63345900,1.97,0.15,2.19,8.91,5.72,323.23431212559007,324.7242201675973,322.9921938986946,324.18414306640625,4430800,0.7799999999999999,0.49,0.54,3.7900000000000005,3.84,22.940000534057617,-2.5100000000000002,1
2022-03-23,422.89922534823637,424.3943252385868,419.871137651901,419.956298828125,79426100,-1.29,-0.6,1.06,2.19,5.510000000000001,345.1878599650433,348.7468937416505,343.0036619245531,343.0621643066406,70615500,-1.44,-0.83,1.6500000000000001,3.51,6.93,321.95861151819287,322.60113423107595,319.72376349920734,319.7796325683594,4098700,-1.3599999999999999,-0.69,0.89,0.83,3.82,23.56999969482422,2.75,-1
2022-03-24,421.981331093405,426.29633721311484,420.86473496549416,426.286865234375,64736900,1.51,0.48,1.29,2.45,5.510000000000001,344.98300611896843,350.7359971556149,342.82808943729736,350.6872253417969,53555300,2.22,0.5599999999999999,2.31,4.54,5.76,320.7852738459711,323.1784362792969,319.80753681078687,323.1784362792969,3550000,1.06,0.31,1.05,0.69,4.66,21.670000076293945,-8.06,1
2022-03-25,426.92079387932296,428.6430187339525,424.3374565973786,428.36859130859375,77101300,0.49,0.15,1.01,1.8399999999999999,3.73,350.6287849157161,351.68188729274743,346.09467182471184,350.394775390625,57584200,-0.08,-0.02,1.59,2.36,4.06,323.8675414015009,325.28296694993776,322.3683406660099,324.556640625,3206200,0.43,0.21,0.8999999999999999,0.38999999999999996,2.58,20.809999465942383,-3.9699999999999998,1
2022-03-28,427.7725201247763,431.4156799316406,425.8799725760659,431.4156799316406,68529800,0.7100000000000001,-0.13999999999999999,1.29,2.59,4.74,350.3850238101714,355.9137370347705,349.1466836996103,355.81622314453125,56833900,1.55,-0.0,1.9300000000000002,4.24,5.35,323.8209330691486,325.4411926269531,321.61401997003435,325.4411926269531,2962400,0.27,-0.22999999999999998,1.18,1.17,3.2199999999999998,19.6299991607666,-5.67,1
2022-03-29,435.30485728967426,437.24473588066155,432.61744319877937,436.7526550292969,86581500,1.24,0.8999999999999999,1.0699999999999998,2.6599999999999997,7.68,359.70672694862424,362.5637019901702,356.9375054681398,361.9396667480469,68073000,1.72,1.09,1.58,3.9899999999999998,8.83,328.3929134514319,329.37064993087637,326.0370078723068,328.68157958984375,4711800,1.0,0.91,1.02,1.39,6.18,18.899999618530273,-3.7199999999999998,1
2022-03-30,435.6076907124575,436.42150122145665,431.94561561692495,434.0558166503906,79666900,-0.62,-0.26,1.02,3.36,5.08,360.07719800614683,361.7348443290117,356.45966298614246,357.9417724609375,68757700,-1.0999999999999999,-0.51,1.46,4.34,5.8500000000000005,327.9182848822657,329.1474614981741,326.32595924026276,327.8903503417969,3909800,-0.24,-0.22999999999999998,0.86,2.54,4.1000000000000005,19.329999923706055,2.2800000000000002,-1
2022-03-31,433.2892715675178,434.1125250531456,426.9208392701977,427.37506103515625,121699900,-1.54,-0.18,1.66,0.26,3.9800000000000004,358.0880728528101,358.4391168355058,352.66663492729305,353.5052185058594,67011400,-1.24,0.04,1.6099999999999999,0.8,6.0600000000000005,326.9123392016559,327.3779334312703,322.8989192157895,322.9640808105469,3978900,-1.5,-0.3,1.37,-0.06999999999999999,2.8000000000000003,20.559999465942383,6.36,-1
2022-04-01,428.9553659870978,429.0973012788602,425.00942048618305,428.5863342285156,89048800,0.27999999999999997,0.37,0.96,0.05,5.13,353.76846511583295,354.54851653540345,349.6536298999319,352.8323974609375,54527800,-0.19,0.06999999999999999,1.38,0.7000000000000001,7.41,324.19343151152583,324.37968067102156,321.4836682213652,324.0630798339844,3560200,0.33999999999999997,0.38,0.8999999999999999,-0.15,3.66,19.6299991607666,-4.52,1
2022-04-04,428.78500420961205,432.36191762304253,427.96175071510544,432.2578125,59601000,0.86,0.05,1.03,0.2,9.25,353.67097229295626,360.10650103702426,353.4077116185241,360.09674072265625,45950200,2.06,0.24,1.9,1.2,13.819999999999999,323.7185857805824,325.24572109635227,322.21935658290334,325.2084655761719,3829900,0.35000000000000003,-0.11,0.9299999999999999,-0.06999999999999999,6.5600000000000005,18.56999969482422,-5.4,1
2022-04-05,430.7626793133144,433.23243960502543,425.65280753068726,426.79779052734375,74214500,-1.26,-0.35000000000000003,1.7500000000000002,-2.2800000000000002,8.690000000000001,358.6439089147844,359.3557275043423,350.96027939900637,352.10113525390625,62738700,-2.22,-0.4,2.33,-2.7199999999999998,11.81,323.8861042630684,326.8938259836135,321.72573936662764,322.5079345703125,4331700,-0.83,-0.41000000000000003,1.59,-1.8800000000000001,6.3,21.030000686645508,13.25,-1
2022-04-06,422.88029691792224,424.81067460735846,419.64402793365923,422.5301513671875,106898000,-1.0,-0.9199999999999999,1.21,-2.6599999999999997,4.8,346.7869364328608,347.8887807691179,341.8237865192822,344.4565124511719,90077100,-2.17,-1.51,1.72,-3.7699999999999996,5.58,319.94728297480344,322.2473213575602,319.1185393920621,321.0274658203125,5431300,-0.45999999999999996,-0.79,0.97,-2.09,3.64,22.100000381469727,5.09,-1
2022-04-07,421.65006696641547,426.4760682966739,419.7007455820255,424.6592102050781,78097200,0.5,-0.21,1.6,-0.64,5.800000000000001,343.4618804663998,347.4694713654982,340.0003612839966,345.2755432128906,63777400,0.24,-0.29,2.17,-2.33,7.02,320.1147947044031,323.2156696241015,318.36418346081194,322.1634216308594,4599900,0.35000000000000003,-0.27999999999999997,1.51,-0.25,4.41,21.549999237060547,-2.4899999999999998,1
2022-04-08,423.9022463943376,426.4193379958125,421.98131186663085,423.52374267578125,79272700,-0.27,-0.18,1.05,-1.18,6.88,343.5398970896143,344.2906973309232,339.8150875535041,340.4488830566406,61956100,-1.4000000000000001,-0.5,1.3,-3.51,7.76,321.92138572219704,325.09674406114357,320.93432751919744,323.4671630859375,4535900,0.4,-0.08,1.29,-0.18,5.489999999999999,21.15999984741211,-1.81,-1
2022-04-11,420.24968157048187,421.09187919029637,415.78329655227503,416.2848205566406,89770500,-1.71,-0.77,1.25,-3.6999999999999997,5.82,336.2171310728011,337.13370810446713,332.05355267874603,332.39483642578125,66107400,-2.37,-1.24,1.49,-7.6899999999999995,7.2700000000000005,321.5955112876443,323.19715796198125,319.1557999573773,319.58416748046875,5344400,-1.2,-0.58,1.25,-1.73,4.21,24.3700008392334,15.17,-1
2022-04-12,419.2749706687826,421.8015343492119,413.1904372386116,414.7423400878906,84363600,-0.37,0.72,2.07,-2.82,3.16,337.14340927653535,339.0253050777088,329.61579631478435,330.99066162109375,72790200,-0.42,1.43,2.83,-6.0,3.5700000000000003,320.7108457370037,322.88982485075394,317.53548745236367,318.6715393066406,4501400,-0.29,0.35000000000000003,1.68,-1.1900000000000002,2.02,24.260000228881836,-0.44999999999999996,-1
2022-04-13,414.49626033587003,420.24959162395425,414.3164660258067,419.4925842285156,74070400,1.15,-0.06,1.43,-0.72,2.08,331.33193225146346,338.77179202700484,330.6103830960466,337.7187194824219,61367800,2.03,0.1,2.4699999999999998,-1.96,1.9,318.17791956085523,322.23788929530434,318.0382469172624,321.9678649902344,3605000,1.03,-0.15,1.32,0.29,1.52,21.81999969482422,-10.059999999999999,1
2022-04-14,419.7197127519559,420.8363377308492,414.1650904269717,414.2691955566406,97869500,-1.25,0.05,1.59,-2.45,-0.44,337.806488782239,338.3232796419303,329.78157510501154,329.99609375,73519400,-2.29,0.03,2.53,-4.43,-1.6199999999999999,322.97016387870383,324.8518692091674,320.67861225640297,320.71588134765625,4179600,-0.38999999999999996,0.31,1.3,-0.44999999999999996,-0.08,22.700000762939453,4.03,-1
2022-04-18,413.34180271144544,416.123849633217,412.2062627473825,414.4394836425781,66002500,0.04,-0.22,0.95,-2.1399999999999997,-1.47,328.9429398152446,332.54098406910816,327.4218188022188,330.2495422363281,58560600,0.08,-0.32,1.55,-3.0,-3.52,320.32464815820737,322.3740218929553,319.1695621047981,320.5389099121094,3939000,-0.06,-0.12,1.0,-0.91,-0.8500000000000001,22.170000076293945,-2.33,1
2022-04-19,414.3354619063248,421.84887872712875,414.1651395408323,421.1297302246094,77821000,1.6099999999999999,-0.03,1.8499999999999999,1.16,0.15,329.6060081883247,338.2062135453221,328.58218697027695,337.63092041015625,56515700,2.2399999999999998,-0.19,2.91,1.58,-1.09,320.71597012283144,325.79278362686483,320.678701021262,325.2152404785156,4261200,1.46,0.06,1.6,1.76,1.0999999999999999,21.3700008392334,-3.61,1
2022-04-20,422.90860721160914,423.5236792719314,419.6534237389744,420.81732177734375,65224400,-0.06999999999999999,0.42,0.9199999999999999,1.46,-1.09,338.44032002585675,338.898608553978,331.4879988417686,332.70684814453125,65500000,-1.46,0.24,2.19,0.52,-4.41,327.0222941255585,328.8946749417743,326.29570325221863,327.4601135253906,5677000,0.69,0.5599999999999999,0.8,2.76,1.01,20.31999969482422,-4.91,-1
2022-04-21,424.4416483063958,425.83267191463915,413.61627398000866,414.5246887207031,85417300,-1.5,0.86,2.9000000000000004,-1.18,-1.29,336.5875119954506,339.20071649305294,324.89632466877515,325.8226318359375,75801000,-2.07,1.17,4.3,-3.52,-5.029999999999999,329.7238169896232,330.58083571037537,323.40805495249344,323.9017639160156,5369600,-1.09,0.69,2.19,0.6,1.29,22.68000030517578,11.61,-1
2022-04-22,413.43644206750025,414.54356611501663,402.5826816695929,403.15045166015625,132471800,-2.74,-0.26,2.8899999999999997,-2.68,-5.43,325.97873088482487,327.1975799069353,316.86173424802763,317.290771484375,82562100,-2.62,0.05,3.17,-3.85,-9.520000000000001,322.62550282707633,322.6907166297456,314.6143538901925,315.1080627441406,6855100,-2.71,-0.38999999999999996,2.4899999999999998,-1.7500000000000002,-2.5,28.209999084472656,24.38,-1
2022-04-25,400.90780109531795,405.65808479066646,396.33728283967,405.4877624511719,119647700,0.58,-0.5599999999999999,2.31,-2.16,-5.34,315.662387855856,321.6786096219993,314.39476709090667,321.3665771484375,101755900,1.28,-0.51,2.3,-2.69,-8.28,313.4127646471144,317.725717577431,310.38529712401515,317.2413330078125,6806600,0.6799999999999999,-0.54,2.33,-1.03,-2.25,27.020000457763672,-4.22,1
2022-04-26,402.9517005626742,403.15043882373135,393.7160892636341,393.7444763183594,103996300,-2.9000000000000004,-0.63,2.33,-6.5,-8.73,319.3092199050992,319.49448735286336,308.963613047289,309.2366638183594,105819600,-3.7699999999999996,-0.64,3.2800000000000002,-8.41,-13.089999999999998,314.884530736376,315.8346794305338,309.5189182799798,309.6866149902344,7619800,-2.3800000000000003,-0.74,1.9900000000000002,-4.77,-4.84,33.52000045776367,24.060000000000002,-1
2022-04-27,394.82323647876274,400.19809313911514,392.7130645715548,394.85162353515625,122030000,0.27999999999999997,0.27,1.9,-6.17,-9.59,309.33413839029913,314.83359976178053,307.1499703456552,308.8661193847656,111204200,-0.12,0.03,2.48,-7.17,-14.66,311.01870300945893,313.92506703411533,308.41040646395396,310.2268981933594,6894400,0.16999999999999998,0.43,1.78,-5.26,-5.609999999999999,31.600000381469727,-5.7299999999999995,1
2022-04-28,399.6018973665393,406.5570142890086,395.1638717530579,404.8253173828125,105449100,2.53,1.2,2.8899999999999997,-2.34,-6.7299999999999995,313.8292626421862,321.6689081461176,309.6071528246811,319.83575439453125,99450000,3.55,1.6099999999999999,3.91,-1.8399999999999999,-10.65,312.2855512274047,317.222668480234,309.72384829549924,316.0582580566406,5976600,1.8800000000000001,0.66,2.42,-2.42,-3.61,29.989999771118164,-5.09,1
2022-04-29,400.83211704855785,402.9896201658994,389.1172427381389,389.86480712890625,145491100,-3.6999999999999997,-0.9900000000000001,3.4299999999999997,-3.3000000000000003,-8.780000000000001,315.63313145885587,319.07515965390826,304.80974698698793,305.44354248046875,91977900,-4.5,-1.31,4.46,-3.73,-13.600000000000001,314.5026139780026,316.0023894851228,306.56600224108934,307.1156005859375,6495600,-2.83,-0.49,2.9899999999999998,-2.54,-4.91,33.400001525878906,11.37,-1
2022-05-02,389.93099434604335,393.5741537158079,383.25974771045304,392.2115173339844,158312500,0.6,0.02,2.65,-3.27,-8.49,305.03405193765815,310.77728344136193,301.9333068279768,310.54327392578125,115511800,1.67,-0.13,2.9000000000000004,-3.37,-11.99,307.7303467140524,309.5840787360519,302.2436319677946,308.0936279296875,9221700,0.32,0.2,2.39,-2.88,-4.93,32.34000015258789,-3.17,1
2022-05-03,392.7130700591638,396.4224469103301,391.15169530175734,394.00946044921875,100028200,0.45999999999999996,0.13,1.34,0.06999999999999999,-8.85,310.5626928885679,313.1661671748028,308.1055042727577,310.8747253417969,78185500,0.11,0.01,1.63,0.53,-13.669999999999998,308.50348127611966,310.59012363191204,306.5752112117691,308.5686950683594,6051000,0.15,0.13,1.3,-0.36,-5.12,29.25,-9.55,1
2022-05-04,394.6718987399326,406.57604036953626,391.48296037207774,406.0082702636719,144247900,3.05,0.16999999999999998,3.83,2.83,-4.87,311.3526238514224,322.05900716747675,306.06770977666855,321.3861999511719,116083400,3.38,0.15,5.140000000000001,4.05,-8.72,309.08111393796446,317.80955898729854,307.59069122980065,317.2692565917969,10569700,2.82,0.16999999999999998,3.3099999999999996,2.27,-1.6199999999999999,25.420000076293945,-13.089999999999998,1
2022-05-05,401.7405474910754,402.1663822705562,387.4423636204895,391.57757568359375,172929100,-3.55,-1.05,3.63,-3.27,-7.33,317.06649418624517,317.14448742363777,301.90399584181296,305.19976806640625,154607400,-5.04,-1.34,4.74,-4.58,-11.4,314.6983204883322,315.0802506573176,304.5074229142302,307.6280212402344,9101200,-3.04,-0.8099999999999999,3.3300000000000005,-2.67,-4.17,31.200000762939453,22.74,-1
2022-05-06,389.01310741996485,392.51430263534195,383.9316224860018,389.2402038574219,151770800,-0.6,-0.65,2.19,-0.16,-8.34,303.2009206408079,307.2377334745027,297.5064313350277,301.54327392578125,139572800,-1.2,-0.65,3.19,-1.28,-12.67,305.2990763420595,308.0098271099431,302.51381581839354,306.53802490234375,10644200,-0.35000000000000003,-0.76,1.79,-0.19,-4.8500000000000005,30.190000534057617,-3.2399999999999998,-1
2022-05-09,383.3354400955876,384.5750561979862,375.19748138207063,376.77777099609375,155586100,-3.2,-1.52,2.41,-3.94,-11.04,295.91701839384905,301.6407279963995,288.35039499388364,289.7447509765625,113387300,-3.91,-1.87,4.41,-6.7,-14.89,302.72805861228704,304.0228680873678,299.365226872859,300.5110168457031,7817200,-1.97,-1.24,1.52,-2.46,-7.1,34.75,15.1,-1
2022-05-10,382.7582178604821,384.26278949238593,373.60776787459224,377.6483459472656,132497200,0.22999999999999998,1.59,2.83,-4.15,-9.28,296.92140946385376,298.1402585982894,289.1792773813539,293.2648620605469,124124600,1.21,2.48,3.09,-5.66,-11.77,304.14401219451486,305.1779950377043,297.21343886138686,299.79376220703125,7716500,-0.24,1.21,2.65,-2.8400000000000003,-6.1899999999999995,32.9900016784668,-5.06,1
2022-05-11,376.6832315730373,382.3324875102671,370.90148343777554,371.6490478515625,142361000,-1.59,-0.26,3.0300000000000002,-8.459999999999999,-10.39,291.0026679881509,296.511860068782,283.69933357058653,284.567138671875,140326100,-2.97,-0.77,4.37,-11.459999999999999,-14.030000000000001,299.7100148458187,303.74354976740045,296.3751548306246,296.65460205078125,9374700,-1.05,-0.03,2.46,-6.5,-6.909999999999999,32.560001373291016,-1.3,-1
2022-05-12,368.45061311196713,374.53514652082424,364.4573366484498,371.26104736328125,125090800,-0.1,-0.86,2.71,-5.19,-11.5,280.28654225693896,288.37968812743026,277.83908381769044,283.8943176269531,120910900,-0.24,-1.5,3.6999999999999997,-6.98,-15.939999999999998,294.92207107338146,297.5582854919294,291.1307414265022,295.890869140625,6790800,-0.26,-0.58,2.17,-3.82,-8.1,31.770000457763672,-2.4299999999999997,-1
2022-05-13,375.3962141833524,381.5186058960115,374.35530738560897,380.1370544433594,104174400,2.39,1.11,1.9300000000000002,-2.34,-8.24,288.3504415696245,295.4490174318297,286.7512972908962,294.4154357910156,83684900,3.71,1.5699999999999998,3.06,-2.36,-10.780000000000001,298.3964856169975,300.9116237166876,297.01784175233024,300.1664123535156,4236700,1.44,0.8500000000000001,1.32,-2.08,-6.41,28.8700008392334,-9.13,1
2022-05-16,378.4905892750784,382.26621234005705,376.2384531036934,378.59466552734375,78622400,-0.41000000000000003,-0.43,1.59,0.48,-8.649999999999999,292.6700322221477,294.72746492235825,289.72530358674845,291.0026550292969,59190400,-1.16,-0.59,1.7000000000000002,0.43,-11.88,299.6819992256633,303.27771369966763,297.80964643757494,300.6787414550781,3692600,0.16999999999999998,-0.16,1.82,0.06,-6.2,27.469999313354492,-4.8500000000000005,-1
2022-05-17,384.6886084460492,386.6190146909032,380.9508161457749,386.3824462890625,83029700,2.06,1.6099999999999999,1.5,2.31,-8.25,296.8629014948216,298.9203045116113,293.0600684613582,298.5400390625,62715300,2.59,2.01,2.01,1.7999999999999998,-11.58,304.45150251260753,304.95453595392473,301.3122554451998,304.7030334472656,3316800,1.34,1.25,1.21,1.6400000000000001,-6.3100000000000005,26.100000381469727,-4.99,1
2022-05-18,381.82146421765935,382.1053347959958,369.56720740842707,370.80682373046875,117674500,-4.03,-1.18,3.25,-0.22999999999999998,-11.88,294.0253373880529,294.71763516349347,282.62666121076023,283.884521484375,79477100,-4.91,-1.51,4.05,-0.24,-14.67,302.0108576436629,302.1785543848343,292.90050973046885,293.9438171386719,3659000,-3.53,-0.88,3.04,-0.91,-10.24,30.959999084472656,18.62,-1
2022-05-19,367.7409001168937,372.96434969897865,366.3120175133911,368.5357666015625,98510700,-0.61,-0.83,1.79,-0.73,-11.09,282.0806822827589,287.0535923689451,280.4132753536652,282.3634338378906,79920700,-0.54,-0.64,2.34,-0.54,-13.34,290.74857482207574,294.68894930944197,289.54689549421494,291.7359924316406,3836700,-0.75,-1.09,1.7500000000000002,-1.4000000000000001,-9.93,29.350000381469727,-5.2,-1
2022-05-20,372.12213091455766,375.6990443299585,360.09500032544264,368.6966247558594,131432200,0.04,0.97,4.2299999999999995,-3.01,-8.55,285.82495393267806,286.4782402945012,273.22691831272135,281.48583984375,91764200,-0.31,1.23,4.6899999999999995,-4.390000000000001,-11.28,293.93487401923187,294.19632261570604,285.98866041504607,291.7218933105469,4654000,-0.0,0.75,2.81,-2.81,-7.42,29.43000030517578,0.27,1
2022-05-23,371.72471605038334,376.3614806717681,369.406362617675,375.5950012207031,76414900,1.87,0.8200000000000001,1.8900000000000001,-0.79,-7.37,282.5292035679818,286.54652518718103,280.130517022383,286.166259765625,63648400,1.66,0.37,2.2800000000000002,-1.66,-10.95,294.43006804356094,298.4731931592756,293.92583504555154,297.71685791015625,4484600,2.06,0.9299999999999999,1.5599999999999998,-0.9900000000000001,-6.15,28.479999542236328,-3.2300000000000004,1
2022-05-24,371.46922293735594,373.9200684973476,366.17008413397616,372.727783203125,91448800,-0.76,-1.0999999999999999,2.06,-3.53,-5.34,280.9496832513584,281.6614722979674,275.21621057809585,280.08184814453125,73491100,-2.13,-1.82,2.25,-6.18,-9.43,295.5971957907444,298.9400077035812,292.8426223448342,298.2303771972656,5260500,0.16999999999999998,-0.7100000000000001,2.0500000000000003,-2.12,-3.6999999999999997,29.450000762939453,3.4099999999999997,-1
2022-05-25,371.2326397707966,377.9890479746067,370.83522098115014,376.0207824707031,91472900,0.88,-0.4,1.92,1.41,-4.77,278.58987931690285,286.07851044139545,278.38512100995723,284.0015869140625,67144500,1.4000000000000001,-0.53,2.75,0.04,-8.05,296.91372422058555,301.17162034858165,296.41883804549144,299.9950866699219,4612800,0.59,-0.44,1.59,2.06,-3.3000000000000003,28.3700008392334,-3.6700000000000004,1
2022-05-26,377.25099755722835,385.17130483180716,377.04281616113974,383.53424072265625,82168300,2.0,0.33,2.16,4.07,-5.26,283.2020139981043,293.4208550430776,282.9192326893722,291.8704528808594,59462200,2.77,-0.27999999999999997,3.6999999999999997,3.37,-8.74,301.5544773645528,306.05512926700266,301.5077727820307,304.8226013183594,3270200,1.6099999999999999,0.52,1.52,4.49,-3.55,27.5,-3.0700000000000003,1
2022-05-27,385.99452816985354,393.0631942254229,385.7958187685275,392.94964599609375,84768700,2.45,0.64,1.8900000000000001,6.58,0.79,295.0004856521635,301.54325911042497,294.88348090288605,301.3970031738281,66985600,3.26,1.0699999999999998,2.2800000000000002,7.07,-1.32,305.38277995325103,310.12624364079153,305.1680357933268,310.0702209472656,2773100,1.72,0.18,1.63,6.29,0.96,25.719999313354492,-6.47,1
2022-05-31,391.3314665518741,394.0851264101224,388.0005936135915,390.7447814941406,95937000,-0.5599999999999999,-0.41000000000000003,1.55,4.03,-0.37,301.3678247903551,303.57148420057007,296.7459277779454,300.5975036621094,60968300,-0.27,-0.01,2.26,5.04,-3.2,308.2961158492894,310.51841594554946,305.952395250764,308.3241271972656,4354000,-0.5599999999999999,-0.5700000000000001,1.47,3.56,0.06999999999999999,26.190000534057617,1.83,-1
2022-06-01,392.8644826922193,393.87697365023195,385.06716741079504,387.5842590332031,86585800,-0.8099999999999999,0.54,2.25,3.9899999999999998,-1.63,302.7329042287562,304.85857019114184,296.1608785576662,298.3742980957031,65341700,-0.74,0.7100000000000001,2.8899999999999997,6.529999999999999,-4.02,310.3876594173364,310.89189210130235,304.4957026423777,306.60595703125,3721400,-0.5599999999999999,0.67,2.07,2.81,-0.64,25.690000534057617,-1.91,-1
2022-06-02,387.42343703743313,395.0125426179488,385.17130074310455,394.9652404785156,79609600,1.9,-0.04,2.54,5.04,-2.7199999999999998,297.25290637352026,306.7209172742776,295.8390296007222,306.54541015625,59291300,2.74,-0.38,3.65,7.9399999999999995,-4.62,306.78336169338,310.7331320132724,303.8046987527459,310.7237854003906,3718800,1.34,0.06,2.26,3.58,-2.06,24.719999313354492,-3.7800000000000002,1
2022-06-03,390.24336253121345,391.79526563615707,387.5086458930471,388.4833068847656,71874300,-1.6400000000000001,-1.2,1.09,1.29,-0.79,301.32873605577254,302.7328525405804,297.321174666632,298.56927490234375,60914700,-2.6,-1.7000000000000002,1.77,2.3,-2.17,308.015965542438,309.7527545573166,306.9515058523562,307.5304260253906,4150900,-1.03,-0.8699999999999999,0.8999999999999999,0.89,-0.03,24.790000915527344,0.27999999999999997,-1
2022-06-06,392.49536446108146,394.22703245074865,388.4926167185688,389.666015625,57508900,0.3,1.03,1.48,-0.84,0.11,303.0059330077476,304.5660660478565,298.00377076848486,299.56390380859375,51785000,0.33,1.49,2.1999999999999997,-0.61,-0.66,309.6220805248241,310.6958870532259,306.76480852941916,307.6238708496094,1957600,0.03,0.6799999999999999,1.28,-0.79,0.35000000000000003,25.06999969482422,1.13,1
2022-06-07,386.1742927298047,393.8580303540427,385.7105989918035,393.40380859375,59272400,0.96,-0.8999999999999999,2.09,0.6799999999999999,4.41,296.2388487907185,302.92790846647307,295.14676470252834,302.1478271484375,44900300,0.86,-1.11,2.6,0.52,4.279999999999999,305.1680989295448,310.44377929706644,305.1680989295448,310.1636657714844,2424000,0.83,-0.8,1.71,0.6,3.2099999999999995,24.020000457763672,-4.19,1
2022-06-08,391.6911335875091,393.4796050518694,388.33187292156634,389.1267395019531,64350000,-1.09,-0.44,1.31,0.4,3.04,301.348285515184,303.95176068273287,299.1251056081908,299.97344970703125,38342100,-0.72,-0.26,1.6,0.54,2.29,308.6602894542231,309.9395219461915,306.7927901092698,307.5584716796875,2032900,-0.84,-0.48,1.01,0.31,2.59,23.959999084472656,-0.25,-1
2022-06-09,387.34771921360226,389.61877058958953,379.8721618652344,379.8721618652344,86289800,-2.3800000000000003,-0.45999999999999996,2.5,-3.82,2.21,298.2864961255871,301.3482294885749,291.77297389502866,291.938720703125,55900500,-2.68,-0.5599999999999999,3.19,-4.760000000000001,2.59,306.41916281988864,308.12791144003626,301.60101318359375,301.60101318359375,2591500,-1.94,-0.37,2.12,-2.94,1.67,26.09000015258789,8.89,-1
2022-06-10,373.6646004739386,374.51624111312117,368.81021128921816,368.8575134277344,132893900,-2.9000000000000004,-1.63,1.5,-5.050000000000001,-0.65,286.33200485314705,287.5216026829034,281.1933481148443,281.6418762207031,85963500,-3.53,-1.92,2.17,-5.67,-0.79,297.22172955142446,297.6512462392628,293.49607906149305,293.5427551269531,4484700,-2.67,-1.4500000000000002,1.38,-4.55,-0.79,27.75,6.36,-1
2022-06-13,359.4420637467876,361.2967520769685,353.2439538052529,354.8526306152344,170004900,-3.8,-2.55,2.18,-8.93,-6.65,272.7783790424765,275.3038303481986,267.68846493494067,268.5465393066406,94442000,-4.65,-3.15,2.7,-10.35,-8.790000000000001,287.1280476508864,289.10759255829277,284.0093269105298,285.3352355957031,6317200,-2.8000000000000003,-2.19,1.7399999999999998,-7.249999999999999,-4.9399999999999995,34.02000045776367,22.59,-1
2022-06-14,356.6032925923492,357.63472758428236,350.6796092755737,353.78338623046875,104011800,-0.3,0.49,1.96,-10.07,-6.550000000000001,270.7405380459988,271.715617403757,266.5281880787887,269.0341491699219,64697500,0.18,0.8200000000000001,1.9300000000000002,-10.96,-7.55,286.2970048668447,287.0626865214181,281.9270627583428,284.1400451660156,3724000,-0.42,0.33999999999999997,1.7999999999999998,-8.39,-5.5,32.689998626708984,-3.91,-1
2022-06-15,357.0858572117837,363.2744957746672,352.12739188091416,358.8270263671875,125666800,1.43,0.9299999999999999,3.15,-7.79,-7.13,272.4566377365892,279.68194827863294,269.7166378626102,275.75238037109375,86051400,2.5,1.27,3.6999999999999997,-8.07,-7.630000000000001,286.10088735939934,290.0973347257386,282.2351786221699,286.87591552734375,7060900,0.96,0.69,2.77,-6.72,-5.8500000000000005,29.6200008392334,-9.39,1
2022-06-16,350.60386426743156,351.01075501197846,344.51930266450194,346.95123291015625,134473300,-3.3099999999999996,-2.29,1.81,-8.67,-6.43,268.72205399569987,269.1803423773034,262.56930706299113,264.6267395019531,81910300,-4.03,-2.55,2.4,-9.36,-6.78,281.40404583263796,281.67484113140455,278.27597971335905,280.03143310546875,4943500,-2.39,-1.91,1.18,-7.1499999999999995,-4.73,32.95000076293945,11.24,-1
2022-06-17,347.3665544750161,351.0444479219139,344.19235133733406,347.69915771484375,111113900,0.22,0.12,1.97,-5.74,-5.65,265.397054578494,270.2822109859682,263.76868894737345,267.8445129394531,82703400,1.22,0.29,2.46,-4.9,-5.140000000000001,279.1535366026643,282.2513927687611,277.39405186699594,279.57470703125,4738000,-0.16,-0.31,1.73,-4.760000000000001,-4.17,31.1299991607666,-5.52,1
2022-06-21,353.4298843377524,357.83954577017596,353.35383919081494,356.4520263671875,76811900,2.52,1.6500000000000001,1.29,0.44999999999999996,-3.32,272.3258532528724,276.9175477266973,272.2184026530174,274.6021423339844,51633700,2.52,1.67,1.7500000000000002,2.25,-2.45,283.6551930094194,286.8279371760093,283.2246830095724,285.72357177734375,3246500,2.1999999999999997,1.46,1.29,0.13999999999999999,-2.06,30.190000534057617,-3.02,1
2022-06-22,352.2229054186672,359.9208378596493,351.8047441204501,355.8057861328125,90059400,-0.18,-1.1900000000000002,2.2800000000000002,0.5700000000000001,-5.27,272.10109459964207,278.6076088822081,271.5051672393198,274.2015686035156,67472900,-0.15,-0.91,2.59,1.92,-4.18,282.2047529977084,287.9605899476668,282.01755969783676,285.08734130859375,6361200,-0.22,-1.23,2.08,0.33,-4.24,28.950000762939453,-4.109999999999999,-1
2022-06-23,357.944112743824,360.0253774175742,354.380257681737,359.2936096191406,79292100,0.98,0.6,1.59,0.13,-3.5999999999999996,276.68299919489084,279.1351620807887,273.8498399380309,278.28521728515625,57457800,1.49,0.8999999999999999,1.9300000000000002,0.9199999999999999,-0.64,286.07937888812535,287.38027782931186,283.374587579579,287.0807800292969,3582600,0.7000000000000001,0.35000000000000003,1.41,0.06999999999999999,-3.74,29.049999237060547,0.35000000000000003,1
2022-06-24,362.46781975387455,370.7264623574381,362.4393100729595,370.7169494628906,98050300,3.18,0.88,2.31,6.8500000000000005,-1.41,281.1086156093789,288.2403946837072,280.8741562890391,287.8202819824219,58422300,3.4299999999999997,1.01,2.65,8.76,1.34,289.3830788472856,294.92364422125223,289.30819013155076,294.8300476074219,3314800,2.7,0.8,1.96,5.28,-1.72,27.229999542236328,-6.2700000000000005,1
2022-06-27,371.63875334523215,371.9333630110348,368.2079631712672,369.3008728027344,66009600,-0.38,0.25,1.0,6.21,-3.71,289.178287137997,289.74490714992544,284.57684368727377,285.7101135253906,54151500,-0.73,0.47000000000000003,1.7999999999999998,6.67,-2.11,295.1858477644486,295.6444628370124,293.2953208747388,294.2124938964844,1896500,-0.21,0.12,0.8,5.24,-3.4799999999999995,26.950000762939453,-1.03,-1
2022-06-28,370.859513206885,373.6440649503389,361.6409966809316,361.7550354003906,86548900,-2.04,0.42,3.25,1.49,-7.9399999999999995,286.24740483814566,288.8363259156391,276.81980855974086,277.00543212890625,61609800,-3.05,0.19,4.21,0.88,-8.09,295.7472255827556,298.320975172479,289.41113232953035,289.5140686035156,3025900,-1.6,0.52,3.0300000000000002,1.3299999999999998,-6.63,28.360000610351562,5.2299999999999995,-1
2022-06-29,362.3063153699562,363.2946704214848,359.6358019467903,361.4604797363281,65676000,-0.08,0.15,1.01,1.59,-7.489999999999999,276.868623965582,278.7639161956807,274.3676253182003,277.2593994140625,57302700,0.09,-0.05,1.59,1.1199999999999999,-7.76,290.50610164222024,291.5168991958507,289.03671789132807,290.17852783203125,2462800,0.22999999999999998,0.33999999999999997,0.86,1.79,-5.89,28.15999984741211,-0.7100000000000001,-1
2022-06-30,357.5638686365209,361.7644776671068,354.0665465765062,358.52374267578125,112508300,-0.8099999999999999,-1.08,2.13,-0.21,-7.5,274.27969546117987,277.3961795151401,269.4242353676584,273.8205261230469,79313600,-1.24,-1.0699999999999998,2.88,-1.6,-8.23,287.0901839422143,289.9634324097413,284.75041064195176,288.09161376953125,4117800,-0.72,-1.06,1.7999999999999998,0.35000000000000003,-6.04,28.709999084472656,1.95,-1
2022-07-01,357.8680810567147,362.7529525002182,355.2450743514729,362.3157653808594,74839700,1.06,-0.18,2.09,-2.27,-8.27,272.5212243301203,276.01870517279946,270.645460260721,275.6279296875,56675100,0.66,-0.47000000000000003,1.96,-4.24,-10.09,287.69837960003713,291.3577866922763,285.2369347134112,290.9272766113281,3315000,0.98,-0.13999999999999999,2.12,-1.32,-6.370000000000001,26.700000762939453,-7.000000000000001,1
2022-07-05,357.22190605753605,363.0191173455901,354.38981818167144,363.0000915527344,81438000,0.19,-1.41,2.3800000000000003,-1.71,-6.5600000000000005,271.89597531371504,280.4638483232388,270.3719299635599,280.34661865234375,61829300,1.71,-1.35,3.66,-1.8800000000000001,-6.1,286.94974887337236,289.907225191801,284.1232849828521,289.86041259765625,3767700,-0.37,-1.37,1.9900000000000002,-1.48,-5.75,27.540000915527344,3.15,1
2022-07-06,363.14249596615014,366.7158632778939,360.7571091301574,364.2259216308594,70426200,0.33999999999999997,0.04,1.6400000000000001,0.6799999999999999,-6.529999999999999,280.727630686022,284.24466970613287,279.0081827619103,282.1441955566406,63194700,0.64,0.13999999999999999,1.87,1.8599999999999999,-5.82,290.13183778424354,292.275077744501,288.203867211644,290.51556396484375,2493300,0.22999999999999998,0.09,1.4000000000000001,0.35000000000000003,-5.56,26.729999542236328,-2.94,1
2022-07-07,366.0031064941069,370.4792996961626,364.2449324457464,369.6809997558594,64525900,1.5,0.49,1.71,2.27,-6.03,282.9550853168003,288.8852010207753,282.9550853168003,288.1817932128906,56620100,2.1399999999999997,0.29,2.1,3.94,-4.62,292.5090694342712,294.1281740711766,291.6386521711875,293.8287048339844,2267500,1.1400000000000001,0.69,0.86,1.26,-5.27,26.079999923706055,-2.4299999999999997,1
2022-07-08,368.04639364512565,371.24913544426704,366.51632594229847,369.3769226074219,72397800,-0.08,-0.44,1.28,3.0300000000000002,-5.08,285.34855596743785,289.9109417837041,284.4106889856484,288.543212890625,59895500,0.13,-0.98,1.91,5.38,-3.81,293.4075615562622,294.94246649697857,292.16281477134663,293.3701171875,2094300,-0.16,-0.13999999999999999,0.95,1.83,-4.61,24.639999389648438,-5.52,-1
2022-07-11,366.696929365384,367.6662874925925,364.4635744126361,365.1573486328125,58366900,-1.1400000000000001,-0.73,0.8699999999999999,0.7799999999999999,-3.8699999999999997,286.1301601592719,286.3548403943848,281.49940987825573,282.378662109375,55273900,-2.1399999999999997,-0.84,1.68,2.45,-3.27,291.6853034581623,293.63198095091485,291.2267173434032,291.7227478027344,2633200,-0.5599999999999999,-0.5700000000000001,0.8200000000000001,0.27,-3.2800000000000002,26.170000076293945,6.21,-1
2022-07-12,364.60608154818266,366.99149752590097,360.1773947183314,361.9260559082031,62219200,-0.88,-0.15,1.87,-0.3,-1.8800000000000001,283.62917585417716,285.5439965591251,278.050749340826,279.6431884765625,55797100,-0.97,0.44,2.65,-0.25,-0.7100000000000001,290.6559121599116,293.4542710784891,288.8215384199586,290.1037292480469,2806000,-0.5499999999999999,-0.37,1.59,0.08,-1.17,27.290000915527344,4.279999999999999,-1
2022-07-13,356.48056122161495,362.96203282628903,356.06239989210513,360.025390625,84224600,-0.53,-1.5,1.91,-1.15,1.46,274.13316901454067,281.41145499175724,273.56651926592025,279.0667724609375,73939400,-0.21,-1.97,2.81,-1.09,3.92,286.5659851899339,290.0756440158059,285.5551874535438,288.0260009765625,3481200,-0.72,-1.22,1.5599999999999998,-0.86,0.9400000000000001,26.81999969482422,-1.72,-1
2022-07-14,355.064490796516,360.234458871572,352.6220841639683,359.15106201171875,89704800,-0.24,-1.38,2.11,-2.85,1.52,276.4680816551164,280.9327666322429,273.35159737692584,280.06329345703125,63741800,0.36,-0.9299999999999999,2.7199999999999998,-2.82,4.1000000000000005,283.26225182794275,287.1930529136349,282.1485177132435,286.7625427246094,2893100,-0.44,-1.6500000000000001,1.7500000000000002,-2.4,0.9199999999999999,26.399999618530273,-1.5699999999999998,-1
2022-07-15,363.56074662755304,366.12673404152474,361.650539910931,366.0126953125,79060400,1.91,1.23,1.25,-0.91,2.0,283.0527977826054,285.2509435419721,281.4408003743285,285.1434631347656,63818100,1.81,1.0699999999999998,1.3599999999999999,-1.18,3.4099999999999997,291.0114910910857,292.8560038068647,289.45722917955874,292.74365234375,3027500,2.09,1.48,1.1900000000000002,-0.21,2.0500000000000003,24.229999542236328,-8.219999999999999,1
2022-07-18,369.1013252129824,369.7760736131692,361.764534839165,362.9905090332031,63203600,-0.83,0.84,2.19,-0.59,4.62,287.92780879136325,289.33462456868074,281.55808110992064,282.73040771484375,59519600,-0.8500000000000001,0.98,2.73,0.12,6.84,295.64614188308764,296.19855553785027,290.000253171651,290.86163330078125,2344900,-0.64,0.9900000000000001,2.12,-0.3,3.8699999999999997,25.299999237060547,4.42,-1
2022-07-19,366.9154489534266,373.36840979135206,366.2597263907414,372.7981872558594,78506000,2.7,1.08,1.96,3.0,7.22,286.3548706124073,291.7183664353127,284.75268212662314,291.4252624511719,55172600,3.08,1.28,2.46,4.21,8.799999999999999,293.1275632966276,298.11803168957704,292.7436767166131,297.84649658203125,3004900,2.4,0.7799999999999999,1.8499999999999999,2.67,6.54,24.5,-3.16,1
2022-07-20,372.98831383414614,376.5901914099878,371.619791193265,375.17413330078125,71843800,0.64,0.05,1.3299999999999998,4.21,5.25,291.84537586095666,297.2283702220619,291.0637950490178,296.0462646484375,67769400,1.59,0.13999999999999999,2.12,6.08,7.8100000000000005,297.96828160392806,299.0824815582115,296.29232417154003,298.4364318847656,3243000,0.2,0.04,0.9400000000000001,3.61,4.45,23.8799991607666,-2.53,1
2022-07-21,374.5944510061109,379.04213537491796,372.1900378364041,378.99462890625,64903900,1.02,-0.15,1.83,5.53,6.52,296.50543554018043,300.3546353422184,293.8481203948282,300.2960205078125,55049400,1.44,0.16,2.1999999999999997,7.22,9.520000000000001,297.39702565196575,300.0467425435966,295.2903502830446,299.99993896484375,2159800,0.52,-0.35000000000000003,1.59,4.62,5.2299999999999995,23.110000610351562,-3.2199999999999998,1
2022-07-22,379.1181717855212,380.31560739398503,373.2544293512537,375.478271484375,72197300,-0.9299999999999999,0.03,1.8599999999999999,2.59,4.5,299.3679198006572,301.4390569066502,293.2033442427349,295.0302429199219,57127700,-1.7500000000000002,-0.31,2.74,3.47,6.02,301.26401484879403,301.675989295643,297.12555465949083,298.7359924316406,3264100,-0.42,0.42,1.52,2.0500000000000003,4.06,23.030000686645508,-0.35000000000000003,-1
2022-07-25,376.10550632547137,376.78976766133366,373.6915803624673,375.9344482421875,53631500,0.12,0.16999999999999998,0.83,3.5700000000000003,1.41,295.0595530505578,295.5285015713093,291.3471408242923,293.3498840332031,40582400,-0.5700000000000001,0.01,1.4200000000000002,3.7600000000000002,1.92,299.6816516927951,299.981274654276,297.97757824469363,299.5786437988281,4002500,0.27999999999999997,0.32,0.67,3.0,1.6099999999999999,23.360000610351562,1.43,1
2022-07-26,374.2903346496475,374.4994153201888,370.59344384206173,371.4867858886719,52946400,-1.18,-0.44,1.04,-0.35000000000000003,0.59,291.649945827495,291.9039632943132,286.77495709106614,287.5858154296875,50074100,-1.96,-0.58,1.7500000000000002,-1.32,0.66,298.57678564781344,299.1291993391157,296.90080028272104,297.3127746582031,2101700,-0.76,-0.33,0.74,-0.18,1.05,24.690000534057617,5.6899999999999995,-1
2022-07-27,374.78449853291994,382.8815960228277,374.4898888264092,381.1329345703125,82342100,2.6,0.89,2.26,1.59,5.36,292.1481871544827,301.42924553684514,291.5815374204187,299.7391052246094,69304400,4.2299999999999995,1.59,3.42,1.25,8.21,298.5674225768173,302.83694934920385,297.7809338107057,301.498046875,3338100,1.41,0.42,1.7000000000000002,1.03,4.14,23.239999771118164,-5.87,1
2022-07-28,381.9407350618802,386.60698374585616,378.38636390787866,385.9132385253906,73966600,1.25,0.21,2.16,1.83,6.76,299.5241912245391,303.24638193831424,295.7726930962561,302.66998291015625,55139900,0.98,-0.06999999999999999,2.4899999999999998,0.79,9.16,301.9100561675418,305.34626241531146,299.43820955374434,304.5129699707031,2688400,1.0,0.13999999999999999,1.96,1.5,4.9399999999999995,22.329999923706055,-3.92,1
2022-07-29,387.3482705951752,392.52775161157655,386.5784802133014,391.53936767578125,87003700,1.46,0.37,1.54,4.279999999999999,9.21,304.21358001413796,309.0983477604255,302.7872063659575,308.18975830078125,57501000,1.82,0.51,2.09,4.46,12.55,304.78449038673875,308.29561682297816,304.22273301583647,307.7244873046875,3225600,1.05,0.09,1.34,3.01,6.81,21.329999923706055,-4.4799999999999995,1
2022-08-01,388.84030221771746,392.88885045045953,388.1275312754867,390.3798828125,69997500,-0.3,-0.69,1.22,3.84,7.75,306.4214903306957,311.4625744787069,305.32730707021403,308.004150390625,46358800,-0.06,-0.5700000000000001,1.9900000000000002,5.0,11.75,306.08595794179183,308.71695970038365,305.65526777142264,307.14398193359375,2745500,-0.19,-0.53,0.9900000000000001,2.53,5.57,22.84000015258789,7.08,-1
2022-08-02,388.81182405248916,392.49923066625485,386.6260045869153,387.804443359375,63435400,-0.66,-0.4,1.5,4.390000000000001,6.83,305.7083370747142,311.20856086070916,304.65321047884163,307.0858154296875,48676500,-0.3,-0.75,2.13,6.78,9.54,306.14209556567,306.9004964864431,303.2676469247261,303.39874267578125,5394600,-1.22,-0.33,1.18,2.0500000000000003,4.67,23.93000030517578,4.77,-1
2022-08-03,389.9332658563709,395.04621476373677,389.6481690410905,393.8772888183594,67820600,1.5699999999999998,0.5499999999999999,1.39,3.34,8.14,308.7660990751447,316.26912357699524,308.70748425838616,315.448486328125,53735700,2.7199999999999998,0.5499999999999999,2.46,5.24,11.799999999999999,304.95299605803905,308.17387113214556,304.42867021561386,307.25628662109375,2564600,1.27,0.51,1.23,1.91,5.76,21.950000762939453,-8.27,1
2022-08-04,393.8012609389681,394.4855223283824,391.9670703405135,393.6112060546875,45656600,-0.06999999999999999,-0.02,0.64,1.9900000000000002,6.47,315.5267304861252,317.2363994221369,313.37742046943487,316.92376708984375,38973700,0.47000000000000003,0.02,1.22,4.71,9.969999999999999,306.8162888429407,307.4435941270532,305.7488926420977,306.5072937011719,2426400,-0.24,-0.13999999999999999,0.5499999999999999,0.65,4.31,21.440000534057617,-2.32,-1
2022-08-05,389.3250180600784,393.59213106466996,389.2679987016488,392.9458923339844,56814900,-0.16999999999999998,-1.09,1.0999999999999999,0.36,6.38,311.83377934304565,316.3668279239869,311.0522284955828,314.33477783203125,53894000,-0.8200000000000001,-1.6099999999999999,1.68,1.9900000000000002,8.94,304.36310435135874,307.2843563218032,304.2320086116937,307.078369140625,2672400,0.19,-0.7000000000000001,1.0,-0.21,4.67,21.149999618530273,-1.35,-1
2022-08-08,394.63757214293867,396.8899240250277,391.3873233872075,392.48974609375,53886100,-0.12,0.43,1.4000000000000001,0.54,7.489999999999999,315.25313481274435,318.94601793817696,311.8533258185939,313.3187561035156,43878500,-0.32,0.29,2.26,1.73,10.96,308.80110647263353,310.0276572096176,306.8348707212455,307.4996643066406,2528800,0.13999999999999999,0.5599999999999999,1.04,0.12,5.41,21.290000915527344,0.66,-1
2022-08-09,391.75799267097744,392.26168307241494,389.85726979721653,390.9311828613281,44931800,-0.4,-0.19,0.61,0.8099999999999999,8.01,311.42351504824404,311.67753254659243,308.1507440589596,309.7724609375,39764200,-1.13,-0.6,1.13,0.8699999999999999,10.77,307.3687044198053,307.9866661332488,306.34814037860394,307.02227783203125,1655100,-0.16,-0.04,0.53,1.1900000000000002,5.83,21.770000457763672,2.25,-1
2022-08-10,397.9923133525369,399.284819832152,396.0345713490144,399.1422424316406,68665700,2.1,1.81,0.83,1.34,10.870000000000001,317.1094036623508,318.711622070284,314.63771194904814,318.41851806640625,51459600,2.79,2.37,1.32,0.9400000000000001,14.099999999999998,311.41343392487033,312.56506481604583,310.8141881167686,311.9752197265625,2934400,1.6099999999999999,1.43,0.5700000000000001,1.54,8.309999999999999,19.739999771118164,-9.32,1
2022-08-11,401.99332639825303,403.8560554717358,398.40096176043045,399.1422424316406,59489700,0.0,0.7100000000000001,1.37,1.41,11.129999999999999,320.74366994336793,322.7464131219047,315.90773715620287,316.61114501953125,45897700,-0.5700000000000001,0.73,2.15,-0.1,13.05,314.4284900825131,315.34604642930316,311.95664265949017,312.452880859375,2401600,0.15,0.79,1.09,1.94,8.959999999999999,20.200000762939453,2.33,0
2022-08-12,401.08095353775815,406.00381780743163,400.13059229638225,405.8992919921875,61694500,1.69,0.49,1.47,3.3000000000000003,10.9,318.662669784453,322.9710380850306,317.6075731746753,322.7756652832031,40928400,1.95,0.65,1.69,2.69,13.200000000000001,313.4733141032336,316.3945949021499,312.90218466273024,316.310302734375,2606900,1.23,0.33,1.1199999999999999,3.01,8.05,19.530000686645508,-3.32,1
2022-08-15,403.685016179176,408.09470715752286,403.62799681331194,407.5719909667969,54048300,0.41000000000000003,-0.5499999999999999,1.0999999999999999,3.84,12.280000000000001,321.82802958013497,325.88238057289317,321.8084714293467,325.3841247558594,38266600,0.8099999999999999,-0.29,1.26,3.85,15.09,314.6997587683287,318.2015399700895,314.6529552008234,317.7521057128906,1936500,0.45999999999999996,-0.51,1.1199999999999999,3.3300000000000005,9.25,19.950000762939453,2.15,1
2022-08-16,406.4980871972697,410.29953275176706,405.69027421639345,408.37030029296875,59289000,0.2,-0.26,1.13,4.46,9.54,324.4072308668595,326.7128570143591,321.57407120774315,324.6221618652344,41186900,-0.22999999999999998,-0.3,1.58,4.79,11.39,317.23733210537137,321.2353248257962,317.17178421480145,319.9713134765625,3897100,0.7000000000000001,-0.16,1.28,4.22,7.430000000000001,19.690000534057617,-1.3,1
2022-08-17,404.7684215424708,408.18021543915523,403.4664310836019,405.4716796875,63563400,-0.7100000000000001,-0.88,1.15,1.59,8.08,321.4861750127914,323.7917715329037,318.8386089058885,320.9195251464844,47842200,-1.1400000000000001,-0.97,1.53,0.79,8.4,318.03299803823325,320.27073992993166,317.1247859967644,318.52923583984375,2960300,-0.44999999999999996,-0.61,0.98,2.1,6.7299999999999995,19.899999618530273,1.0699999999999998,-1
2022-08-18,405.6712159722093,407.33434826924736,404.37873850839094,406.6501159667969,49023200,0.29,0.05,0.73,1.8800000000000001,7.3,320.8706467232856,322.8733897022626,319.2586792262726,321.6912841796875,41937200,0.24,-0.02,1.13,1.6,7.12,318.5293312533722,319.2783599646061,317.3776717505766,318.8851013183594,1850900,0.11,0.0,0.6,2.06,6.3,19.559999465942383,-1.71,1
2022-08-19,403.88460030221233,404.1507003354797,400.31123213885485,401.1855773925781,68016900,-1.34,-0.6799999999999999,0.9400000000000001,-1.16,6.8500000000000005,318.65293293396036,319.3074750762417,314.65716692353726,315.419189453125,51770600,-1.95,-0.9400000000000001,1.4500000000000002,-2.2800000000000002,6.909999999999999,317.40860575362245,317.6994167218072,315.44796496250905,316.1796875,2010300,-0.8500000000000001,-0.45999999999999996,0.7100000000000001,-0.04,5.84,20.600000381469727,5.319999999999999,-1
2022-08-22,396.348136753099,396.5192238154388,391.928962863326,392.8318176269531,77695600,-2.08,-1.21,1.1400000000000001,-3.62,4.49,311.15974534576816,311.3942046870982,306.3042843906594,307.1151428222656,51098900,-2.63,-1.35,1.6099999999999999,-5.609999999999999,4.6899999999999995,312.49285897749706,312.8774863444269,309.72546006240435,310.288330078125,2684500,-1.8599999999999999,-1.17,1.0,-2.35,3.5700000000000003,23.799999237060547,15.53,-1
2022-08-23,392.4041568162922,394.7990857432436,391.33024395653683,391.8814697265625,49105200,-0.24,-0.11,0.88,-4.04,5.489999999999999,306.8806428397244,309.69427382010605,306.10884119104537,306.8611145019531,39497100,-0.08,-0.08,1.17,-5.47,6.7,309.8662187225885,310.93567478208007,308.299595570016,308.740478515625,2897200,-0.5,-0.13999999999999999,0.8500000000000001,-3.51,3.84,24.110000610351562,1.3,-1
2022-08-24,391.6533655600833,394.50444934461694,390.96913329441026,393.1359558105469,49177800,0.32,-0.06,0.8999999999999999,-3.04,3.15,306.3823937431,309.5672719111162,305.7766873020248,307.7501525878906,38057100,0.29,-0.16,1.24,-4.1000000000000005,2.67,308.5715370636444,310.54156754318046,308.0086671225264,309.4439697265625,2581700,0.22999999999999998,-0.05,0.8200000000000001,-2.85,2.64,22.81999969482422,-5.35,1
2022-08-25,394.6280346959815,398.73360265745475,393.5351249523274,398.68609619140625,50942300,1.41,0.38,1.32,-1.96,3.3099999999999996,309.5282266157888,313.21136113357704,308.48290881912897,313.1918029785156,38098300,1.77,0.58,1.54,-2.64,3.4799999999999995,309.65978988043435,312.5303955078125,308.6372565086076,312.5303955078125,2498900,1.0,0.06999999999999999,1.26,-1.9900000000000002,2.63,21.780000686645508,-4.5600000000000005,1
2022-08-26,398.5721154147152,399.1137994167783,385.13399015284614,385.1910095214844,103087000,-3.38,-0.03,3.51,-3.9899999999999998,-1.6199999999999999,312.8987265746336,314.10039034621394,300.2667225210204,300.3546447753906,69047700,-4.1000000000000005,-0.09,4.42,-4.78,-2.54,312.8494042771901,313.0182853544272,302.83981509958335,302.9429931640625,4191000,-3.0700000000000003,0.1,3.26,-4.19,-1.55,25.559999465942383,17.36,-1
2022-08-29,382.2353335276929,385.69463364222986,381.28497221012304,382.64398193359375,65370800,-0.66,-0.77,1.1400000000000001,-2.59,-1.9800000000000002,297.59962213751817,300.13970764196387,296.2905077976387,297.39447021484375,48321900,-0.9900000000000001,-0.9199999999999999,1.28,-3.17,-3.44,300.70088906640484,303.3181875344069,299.95977636441654,301.2262268066406,2896900,-0.5700000000000001,-0.74,1.11,-2.92,-1.9300000000000002,26.209999084472656,2.54,-1
2022-08-30,383.8034109464827,384.0410012678557,376.34306905482566,378.443359375,85652400,-1.0999999999999999,0.3,2.01,-3.4299999999999997,-2.41,299.04555289734236,299.66103853847943,291.5620834930441,294.0826110839844,51184500,-1.11,0.5599999999999999,2.7199999999999998,-4.16,-4.2299999999999995,302.15497494537243,302.2300395610135,296.97663298788103,298.35565185546875,2926300,-0.95,0.31,1.7399999999999998,-3.36,-1.66,26.209999084472656,0.0,-1
2022-08-31,380.07805980425115,381.32303102305707,375.4308072476335,375.5638427734375,76029700,-0.76,0.43,1.5599999999999998,-4.47,-4.65,296.98414748868214,297.8829580163024,292.2654742078937,292.3729248046875,50044000,-0.58,0.9900000000000001,1.91,-5.0,-7.32,298.7496350631466,300.3538191176233,296.0666619959136,296.1135559082031,2981600,-0.75,0.13,1.44,-4.31,-3.63,25.8700008392334,-1.3,-1
2022-09-01,373.38750446992157,377.0843952355188,370.6789686786316,376.7422790527344,78740100,0.31,-0.58,1.71,-5.5,-4.29,289.8817101402858,292.8711861501975,286.19860533441727,292.49993896484375,57990700,0.04,-0.8500000000000001,2.2800000000000002,-6.61,-7.71,294.83773254779317,297.6145219628195,293.3461454712795,297.436279296875,3228000,0.44999999999999996,-0.43,1.44,-4.83,-2.96,25.559999465942383,-1.2,1
2022-09-02,380.41068976459894,381.6271512915678,370.954581494423,372.769775390625,99632100,-1.05,0.97,2.83,-3.2199999999999998,-5.13,295.37217284959314,296.7496811199104,286.7554342127629,288.367431640625,64666800,-1.41,0.98,3.42,-3.9899999999999998,-8.260000000000002,299.97842646052203,300.8977815085036,292.9801571576213,294.3404235839844,3826200,-1.04,0.8500000000000001,2.6599999999999997,-2.8400000000000003,-4.15,25.469999313354492,-0.35000000000000003,-1
2022-09-06,373.61557203339373,374.5564205138696,369.1393780774377,371.36322021484375,76637400,-0.38,0.22999999999999998,1.4500000000000002,-2.9499999999999997,-5.38,288.84606768368445,289.7644063343311,284.16645219550657,286.29620361328125,57005400,-0.72,0.16999999999999998,1.94,-3.73,-8.62,295.0814811923183,295.69127351263774,291.685539171835,292.876953125,3320400,-0.5,0.25,1.3599999999999999,-2.77,-4.760000000000001,26.90999984741211,5.65,-1
2022-09-07,371.04965728307343,378.8046111007957,370.831092685803,378.0348205566406,70964200,1.7999999999999998,-0.08,2.15,-0.11,-3.3000000000000003,286.77498281936545,293.0763159744167,286.5111862526931,292.079833984375,49260400,2.02,0.16999999999999998,2.29,-0.6799999999999999,-5.71,292.3516778205568,297.3236334452247,292.1734352011108,296.7513732910156,2520200,1.32,-0.18,1.76,-0.54,-3.35,24.639999389648438,-8.44,1
2022-09-08,375.7634126219765,380.9618617031352,374.5564350669581,380.5057067871094,80821700,0.65,-0.6,1.69,1.32,-4.67,290.00871281546637,294.9130096733721,288.64098359356643,293.5941162109375,55649800,0.52,-0.7100000000000001,2.15,0.42,-7.8,295.2129439302255,298.6933134714012,294.2654465391574,298.543212890625,3301100,0.6,-0.52,1.49,0.8200000000000001,-4.31,23.610000610351562,-4.18,1
2022-09-09,382.74855148359427,387.2817940480387,382.4824514443837,386.4169616699219,76706900,1.55,0.59,1.26,2.5700000000000003,-3.19,295.8508330938615,300.5109206504732,293.59407275816847,300.0126647949219,56125200,2.19,0.77,2.36,2.5700000000000003,-5.24,300.2692526738094,302.9522533726619,299.7251632526618,302.3330993652344,2479300,1.27,0.58,1.08,1.6500000000000001,-3.2399999999999998,22.790000915527344,-3.47,1
2022-09-12,388.4886832810648,391.29226066106133,388.1845607104956,390.5699768066406,69256300,1.0699999999999998,0.54,0.8,4.78,-3.7800000000000002,301.39018572177207,303.91071289251704,301.07755341422387,303.57855224609375,45905700,1.1900000000000002,0.45999999999999996,0.9400000000000001,5.27,-5.949999999999999,303.2807908915359,305.5228529975924,303.2057262571481,304.4815673828125,2486900,0.7100000000000001,0.31,0.77,3.45,-3.74,23.8700008392334,4.74,1
2022-09-13,381.88360940277784,383.09058662899974,372.4655558976107,373.58697509765625,122947100,-4.35,-2.22,2.7199999999999998,0.6,-8.34,294.8444803738343,296.0363645372638,286.0421518217478,286.9311828613281,79562200,-5.48,-2.88,3.29,0.22,-11.82,299.0686155531772,299.8097283852091,291.59189873290956,292.43621826171875,4301200,-3.9600000000000004,-1.78,2.7,-0.15,-7.969999999999999,27.270000457763672,14.24,-1
2022-09-14,374.88902163325827,376.53315711649486,371.7053054907733,375.0125732421875,85023700,0.38,0.35000000000000003,1.29,-0.8,-8.17,288.0742803851126,290.08680225615325,286.30599689467647,289.2075500488281,54907200,0.79,0.4,1.32,-0.98,-10.91,293.027117697757,294.0778216896066,290.37228722239695,292.7456970214844,2868800,0.11,0.2,1.27,-1.35,-8.51,26.15999984741211,-4.07,1
2022-09-15,373.4539971854713,376.30508130578556,369.4814936051546,370.7549743652344,87633800,-1.1400000000000001,-0.42,1.82,-2.56,-8.559999999999999,287.2927582788641,289.696055836825,282.7889865858382,284.3912048339844,65299400,-1.67,-0.66,2.39,-3.1300000000000003,-11.379999999999999,292.34229313554465,294.1153005037312,290.3722626818621,291.15087890625,3294600,-0.54,-0.13999999999999999,1.28,-2.48,-8.6,26.270000457763672,0.42,-1
2022-09-16,366.57147330224217,368.58495903524056,364.6342868550473,367.926513671875,103084800,-0.76,-1.13,1.0699999999999998,-4.79,-9.520000000000001,281.0890596137106,283.04296659564545,279.0374513198282,282.6521911621094,79920400,-0.61,-1.16,1.41,-5.79,-12.139999999999999,287.786404761611,290.2507759092323,287.2126516690953,289.75225830078125,4071000,-0.48,-1.16,1.04,-4.16,-9.139999999999999,26.299999237060547,0.11,-1
2022-09-19,364.77744712887517,370.7797546386719,364.701089599931,370.7797546386719,73278500,0.7799999999999999,-0.86,1.6500000000000001,-5.07,-7.580000000000001,280.00873935928564,285.009929593157,279.95001919015573,284.85333251953125,52613800,0.7799999999999999,-0.9400000000000001,1.79,-6.17,-9.69,287.23146520131064,291.765171158522,287.1562297141454,291.7275390625,2730000,0.6799999999999999,-0.8699999999999999,1.59,-4.19,-7.7299999999999995,25.760000228881836,-2.0500000000000003,1
2022-09-20,367.4493811490609,368.4609000016925,363.7659311992638,366.52374267578125,77274900,-1.15,-0.8999999999999999,1.27,-1.8900000000000001,-6.7,282.34782262362853,284.8729092204194,280.2827604379443,282.5827331542969,51271100,-0.8,-0.88,1.6099999999999999,-1.52,-7.99,289.4136628681888,289.69583182164826,286.4883774278938,288.783447265625,2822800,-1.01,-0.79,1.0999999999999999,-1.25,-6.93,27.15999984741211,5.43,-1
2022-09-21,368.4513532726731,371.5050138173394,360.12063601648464,360.13018798828125,106746600,-1.7399999999999998,0.53,3.11,-3.9699999999999998,-8.1,283.4243811340826,287.69156858901147,277.38576236260224,277.52276611328125,82931000,-1.79,0.3,3.65,-4.04,-9.56,290.1943625568539,291.84041517113684,283.7982838804492,283.8829345703125,5110700,-1.7000000000000002,0.49,2.78,-3.0300000000000002,-8.05,27.989999771118164,3.06,-1
2022-09-22,359.357154295279,360.99849150409443,356.36077689331256,357.1051025390625,89472600,-0.84,-0.21,1.29,-3.6799999999999997,-9.16,275.996049179424,277.0041186607913,272.88376047398026,274.1071472167969,62757100,-1.23,-0.5499999999999999,1.48,-3.62,-10.93,283.6477586493745,284.9740100808729,282.07697037081135,282.6695251464844,3492500,-0.43,-0.08,1.02,-2.91,-8.649999999999999,27.350000381469727,-2.29,-1
2022-09-23,353.63164165790215,353.66982042614035,346.67506820312684,351.1219482421875,122346900,-1.68,-0.97,1.96,-4.569999999999999,-11.93,271.6407101821921,271.93434084524006,266.2284498262833,269.6441650390625,74815200,-1.63,-0.8999999999999999,2.08,-4.6,-13.900000000000002,280.129823166861,280.29912447368366,275.0317526352182,278.2862243652344,4949300,-1.55,-0.8999999999999999,1.8599999999999999,-3.9600000000000004,-10.96,29.920000076293945,9.4,-1
2022-09-26,349.6523393463072,353.27853570562985,346.42691809015844,347.64837646484375,92581200,-0.9900000000000001,-0.42,1.95,-6.239999999999999,-9.75,269.1744552304507,273.5394909559408,267.7357511635231,268.52850341796875,71176700,-0.41000000000000003,-0.16999999999999998,2.15,-5.7299999999999995,-10.6,277.1011598146056,278.6437310818275,274.1852899268952,275.33282470703125,4143400,-1.06,-0.43,1.6,-5.62,-9.11,32.2599983215332,7.82,-1
2022-09-27,351.18873199675016,353.4598882434016,344.3657404059386,346.7609558105469,108294100,-0.26,1.02,2.62,-5.390000000000001,-9.379999999999999,271.8952277370962,274.24412407915327,266.3165727903529,268.6361389160156,69780100,0.04,1.25,2.9499999999999997,-4.9399999999999995,-9.67,277.2705884267144,278.91664152311205,272.30421223263596,273.9972839355469,3681000,-0.49,0.7000000000000001,2.4,-5.12,-9.04,32.599998474121094,1.05,-1
2022-09-28,347.7152275322068,355.27299311416255,346.01663630256644,353.5839538574219,110802200,1.97,0.27999999999999997,2.67,-1.82,-6.569999999999999,268.6164912597073,275.261934412608,267.13866082863075,273.9798278808594,79652100,1.9900000000000002,-0.01,3.02,-1.28,-6.84,274.9847762636669,280.32738437900906,273.7619774375987,279.1046142578125,3995700,1.8599999999999999,0.36,2.4,-1.68,-6.45,30.18000030517578,-7.42,1
2022-09-29,350.03404240715685,350.3203103402681,343.24923029563433,346.1979064941406,112952300,-2.09,-1.0,2.0,-3.05,-7.82,269.9866742182322,270.3683850984595,263.11614718461993,266.0816345214844,81216000,-2.88,-1.46,2.65,-2.93,-8.99,277.26099454273077,277.3362587105137,272.6332528945133,274.8530578613281,3351100,-1.52,-0.66,1.69,-2.77,-7.180000000000001,31.84000015258789,5.5,-1
2022-09-30,345.25318357199444,349.17522920833704,340.7109004194997,340.844482421875,153711200,-1.55,-0.27,2.44,-2.93,-9.53,265.25960895996843,269.3310436707133,261.41328816489596,261.56988525390625,78482400,-1.7000000000000002,-0.31,2.98,-2.9899999999999998,-10.57,273.9126194593001,276.0289733340555,269.99032635282333,270.23486328125,3827200,-1.68,-0.33999999999999997,2.1999999999999997,-2.8899999999999997,-9.15,31.6200008392334,-0.69,-1
2022-10-03,344.56611454293574,351.6944777642895,342.7816430249758,349.84320068359375,89756500,2.64,1.09,2.6100000000000003,0.63,-6.15,263.34129462673053,269.3016301388179,261.8340740784838,267.7063293457031,61267400,2.35,0.6799999999999999,2.85,-0.31,-7.16,273.3012430307053,278.7661369187527,272.275990564614,277.2799987792969,3457600,2.6100000000000003,1.13,2.4,0.7100000000000001,-5.800000000000001,30.100000381469727,-4.81,1
2022-10-04,355.3683299660365,360.71222053913664,349.804977050176,360.68359375,103602800,3.1,1.58,3.1199999999999997,4.02,-2.88,273.0500687714272,276.82790179562363,273.0500687714272,276.12322998046875,66696900,3.1399999999999997,2.0,1.41,2.79,-3.55,280.873019522198,285.1715755630507,280.7131333308955,285.13397216796875,4163800,2.83,1.3,1.6099999999999999,4.06,-2.64,29.06999969482422,-3.42,1
2022-10-05,356.3131686288688,362.10553742457495,353.984758743087,359.84393310546875,88065700,-0.22999999999999998,-1.21,2.25,1.77,-4.81,272.35517420126683,277.7674344696115,269.5560804393912,275.9764099121094,55766300,-0.05,-1.3599999999999999,2.97,0.73,-5.510000000000001,281.9263892804443,286.46006494755545,281.0516084068572,284.80462646484375,2746900,-0.12,-1.1199999999999999,1.9,2.04,-4.03,28.549999237060547,-1.79,-1
2022-10-06,358.4410803172353,361.39930818363916,355.6355383734306,356.13177490234375,82333500,-1.03,-0.38999999999999996,1.6,2.87,-6.41,274.97814412366046,278.12958912178726,273.48072015712467,273.8037109375,53489400,-0.79,-0.36,1.68,2.9000000000000004,-6.74,283.5630840333548,285.293787035543,280.8729493036836,281.4561462402344,3081700,-1.18,-0.44,1.55,2.4,-5.72,30.520000457763672,6.9,-1
2022-10-07,352.09525889115315,356.2176918591457,344.432509914981,346.1979064941406,107789500,-2.79,-1.13,3.3099999999999996,1.5699999999999998,-10.41,269.16463975667466,269.29187675342655,262.0396367491258,263.3706970214844,71354700,-3.81,-1.69,2.65,0.69,-12.21,279.10469452104303,279.2551942062176,274.12890452920374,275.5680236816406,3029300,-2.09,-0.84,1.82,1.97,-8.85,31.360000610351562,2.75,-1
2022-10-10,347.3144345542121,347.55300090951783,341.31212602246524,343.55462646484375,76042800,-0.76,0.32,1.7999999999999998,-1.7999999999999998,-12.04,263.5663998737213,263.9579074840265,258.02693157551664,260.7379455566406,60393000,-1.0,0.06999999999999999,2.25,-2.6,-14.11,276.8002138880572,277.402212638614,272.85909122670176,274.6180114746094,3154500,-0.33999999999999997,0.44999999999999996,1.6500000000000001,-0.96,-9.81,32.45000076293945,3.4799999999999995,-1
2022-10-11,341.85594728520135,346.4268856317471,339.441657555121,341.3788146972656,92482800,-0.63,-0.49,2.03,-5.35,-8.62,259.06434824004356,261.93195915010915,255.47247218095,257.1558532714844,66522500,-1.37,-0.64,2.48,-6.87,-10.38,273.88429282436425,278.54969616437626,273.4516242429085,274.9283752441406,3849900,0.11,-0.27,1.8599999999999999,-3.58,-5.99,33.630001068115234,3.64,-1
2022-10-12,341.7891591233935,343.3636907851623,340.0046588434037,340.2527770996094,76991800,-0.33,0.12,0.98,-5.4399999999999995,-9.27,257.79198423701354,259.7102458087687,256.3728738896596,257.0677490234375,50580200,-0.03,0.25,1.3,-6.8500000000000005,-11.110000000000001,275.0883824246767,277.073067062888,274.06312995186045,274.80621337890625,4378700,-0.04,0.06,1.09,-3.51,-6.13,33.56999969482422,-0.18,-1
2022-10-13,333.23901582957257,350.70209031395274,332.1893180537023,349.2325134277344,147254500,2.64,-2.06,5.4399999999999995,-1.94,-5.81,249.72744717566468,264.41788206770633,248.8465999207838,263.09661865234375,112894100,2.35,-2.86,6.0600000000000005,-3.91,-7.489999999999999,270.0843861240744,283.8077614930431,269.5952548685712,282.7072448730469,7389600,2.88,-1.72,5.17,0.44,-2.9000000000000004,31.940000534057617,-4.859999999999999,1
2022-10-14,351.6944243183575,353.3262387618921,340.6344942548241,341.27386474609375,123737000,-2.2800000000000002,0.7000000000000001,3.63,-1.4200000000000002,-7.24,265.425980705299,266.02297905657764,254.60145796764166,255.18865966796875,77244300,-3.01,0.89,4.34,-3.11,-9.719999999999999,284.5696036367984,286.2814766581049,278.5967779974404,279.1893615722656,5519400,-1.24,0.66,2.7199999999999998,1.31,-3.65,32.02000045776367,0.25,-1
2022-10-17,347.3621566992135,351.1505914925585,340.9399400894957,350.04364013671875,93168200,2.5700000000000003,1.78,2.9899999999999998,1.8900000000000001,-5.59,261.158816772981,264.4864228111585,261.0609398578909,263.6153869628906,64576500,3.3000000000000003,2.34,1.34,1.0999999999999999,-7.46,283.01764568357055,285.1998197069361,282.1616947331392,284.1181335449219,3555700,1.77,1.37,1.09,3.46,-2.6100000000000003,31.3700008392334,-2.03,1
2022-10-18,357.9735554343078,358.2789273270504,350.7115811797056,354.156494140625,97162900,1.17,2.27,2.16,3.74,-3.37,270.642451152486,271.30796623349556,263.0182981983642,265.6999816894531,69781000,0.79,2.67,3.1399999999999997,3.32,-5.970000000000001,289.9498479300286,290.06271552517114,285.0399066071558,287.3255615234375,4685500,1.13,2.0500000000000003,1.77,4.51,-0.5,30.5,-2.77,1
2022-10-19,352.11427858955096,354.8434919860376,348.8316042350714,351.6466979980469,79746900,-0.7100000000000001,-0.58,1.7000000000000002,3.35,-2.36,264.18297380767734,267.85313339964506,262.3625889866223,264.7310485839844,53115400,-0.36,-0.5700000000000001,2.07,2.98,-4.61,286.26258797553896,288.4353746197435,284.3343668478698,286.2720031738281,2939800,-0.37,-0.37,1.43,4.17,0.84,30.760000228881836,0.8500000000000001,-1
2022-10-20,351.1982907828058,355.6260961767777,347.9346903310534,348.6981201171875,88283100,-0.84,-0.13,2.19,-0.15,-2.35,263.8404266714654,268.9884468880424,262.21579559893996,263.38043212890625,60605500,-0.51,-0.33999999999999997,2.56,0.11,-3.91,286.72346577009966,290.0532022250634,284.75761260655355,285.29376220703125,3574700,-0.33999999999999997,0.16,1.8499999999999999,0.91,0.9299999999999999,29.979999542236328,-2.54,-1
2022-10-21,348.4213409562037,357.65862205185954,346.91361459894165,357.1719665527344,131038400,2.4299999999999997,-0.08,3.08,4.66,1.72,262.2745224263195,270.0943999806143,261.1392160824891,269.5561218261719,77897700,2.34,-0.42,3.4000000000000004,5.63,-0.03,285.2486386204136,292.8909322738993,284.24161261747133,292.5897521972656,5357200,2.56,-0.02,3.0300000000000002,4.8,5.140000000000001,29.690000534057617,-0.97,1
2022-10-24,358.698788584184,362.67805847697105,356.0459031598392,361.54248046875,85436900,1.22,0.43,1.8599999999999999,3.2800000000000002,4.0,269.8203593195856,273.451362325197,266.1795596636287,272.5216064453125,63963600,1.0999999999999999,0.1,2.7,3.38,1.49,294.14258495660386,297.40843186041093,293.2673075409527,296.5143127441406,4331700,1.34,0.53,1.4200000000000002,4.36,7.6899999999999995,29.850000381469727,0.54,1
2022-10-25,361.4661151762165,367.6306600761956,361.35160801427605,367.3157653808594,78846300,1.6,-0.02,1.7399999999999998,3.7199999999999998,5.93,273.461203301568,278.5407075933375,271.9833425160097,278.15899658203125,59014500,2.07,0.33999999999999997,2.41,4.6899999999999995,3.54,295.85566126535656,300.0250214913664,295.6297618000862,299.7520751953125,6024800,1.09,-0.22,1.48,4.32,9.4,28.459999084472656,-4.66,1
2022-10-26,364.1666701170704,369.8540823855379,363.9090290046154,364.5483703613281,104087300,-0.75,-0.86,1.6199999999999999,3.6700000000000004,3.1,272.53137952198904,277.93387389821464,271.5233101517326,272.0126647949219,63492400,-2.21,-2.02,2.3,2.75,-0.72,299.27209875907977,302.7920518633898,299.0744331374346,299.6485595703125,4991800,-0.03,-0.16,1.24,4.67,7.359999999999999,27.280000686645508,-4.15,-1
2022-10-27,365.55039117436706,367.3921160917615,361.9814193866082,362.6017150878906,81971800,-0.53,0.27,1.48,3.9899999999999998,4.74,270.89697873140716,272.3552461557025,266.54171002593654,267.0604248046875,57760300,-1.82,-0.41000000000000003,2.1399999999999997,1.4000000000000001,0.37,302.64133692931944,304.81542809346956,301.09783962345284,301.6060485839844,4262200,0.65,1.0,1.24,5.72,9.73,27.389999389648438,0.4,-1
2022-10-28,362.49672013245373,371.7053735710983,362.31540741307015,371.2282409667969,100302000,2.3800000000000003,-0.03,2.59,3.94,8.91,266.4340778322774,275.7024572925982,266.26768408798233,275.232666015625,62651300,3.06,-0.22999999999999998,3.53,2.11,5.220000000000001,302.83901305106167,309.54013997324665,302.54725385070697,309.24835205078125,5251400,2.53,0.41000000000000003,2.32,5.6899999999999995,14.44,25.75,-5.99,1
2022-10-31,368.7662444084812,370.63659603718315,367.6402184672529,368.5467529296875,96631300,-0.72,-0.66,0.8099999999999999,1.94,5.35,272.98154503087403,273.803657059766,270.1139047763436,272.0321960449219,47742000,-1.16,-0.8200000000000001,1.34,-0.18,1.6199999999999999,307.68609410424483,309.4743042988477,306.6884314191787,308.15667724609375,5128200,-0.35000000000000003,-0.51,0.8999999999999999,3.93,11.14,25.8799991607666,0.5,-1
2022-11-01,372.29707747025043,372.5356437948338,365.76035435229414,366.93408203125,85407600,-0.44,1.02,1.8399999999999999,-0.1,1.73,275.5066207207611,276.06449209440797,268.89053742922755,269.2526550292969,45895900,-1.02,1.28,2.64,-3.2,-2.4899999999999998,309.9917753465589,310.4247035729239,305.6906407417589,307.2059326171875,4376400,-0.31,0.6,1.54,2.4899999999999998,7.739999999999999,25.809999465942383,-0.27,-1
2022-11-02,366.3424479641309,370.85613338006743,357.62047814363854,357.7254333496094,126990400,-2.5100000000000002,-0.16,3.61,-1.87,-0.59,269.2233290522429,272.2866938029867,259.9549512013638,260.0234680175781,79803100,-3.4299999999999997,-0.01,4.58,-4.41,-5.779999999999999,306.31188085885424,311.2906570823462,302.41546852202674,302.4530944824219,7110300,-1.55,-0.29,2.8899999999999997,0.9400000000000001,6.2,25.860000610351562,0.19,-1
2022-11-03,354.4809460886305,357.08610094389695,351.9235219733596,354.0419921875,87100100,-1.03,-0.91,1.44,-2.36,-0.59,257.41038243650985,258.86864996176075,254.56233434806362,254.9440155029297,70038900,-1.95,-1.0,1.66,-4.54,-6.890000000000001,300.56141570959903,302.91433108430687,298.5190725266236,301.0508117675781,4112700,-0.45999999999999996,-0.63,1.4500000000000002,-0.18,6.959999999999999,25.299999237060547,-2.17,-1
2022-11-04,359.75799240640606,361.5424637304622,353.0781357834755,359.1377258300781,103505200,1.44,1.6099999999999999,2.39,-3.26,3.74,259.87667816224507,260.93367106003626,253.56399125615113,259.0447692871094,78313200,1.6099999999999999,1.9300000000000002,2.8899999999999997,-5.88,-1.6400000000000001,304.57079542910196,306.95197360742986,300.5520258940559,305.06964111328125,6263700,1.3299999999999998,1.17,2.13,-1.35,10.71,24.549999237060547,-2.96,1
2022-11-07,360.43554599672575,363.1647599563083,358.3552545876023,362.5731201171875,68286900,0.96,0.36,1.34,-1.6199999999999999,5.54,260.09197040072013,262.43109972978385,257.95839150889293,261.8927917480469,47333800,1.0999999999999999,0.4,1.73,-3.73,0.44,306.0106942843432,309.5965340629,305.0789205130076,309.09771728515625,4518300,1.32,0.31,1.48,0.31,12.559999999999999,24.350000381469727,-0.8099999999999999,1
2022-11-08,363.68001733717375,367.5066303285375,360.4450732662479,364.5293273925781,84641100,0.54,0.31,1.95,-0.66,6.78,263.4097918494507,267.04079438997553,259.86683967941065,263.80126953125,63213800,0.73,0.58,2.74,-2.02,2.58,310.08604120528844,313.935407667369,308.9754719391077,312.1942443847656,6349000,1.0,0.32,1.6,1.6199999999999999,13.55,25.540000915527344,4.89,1
2022-11-09,362.55401428993724,363.7086962893126,356.52305050737357,357.019287109375,78495500,-2.06,-0.54,1.97,-0.2,4.93,262.0591548198439,262.842110142691,257.429850083671,257.71368408203125,64862100,-2.31,-0.66,2.0500000000000003,-0.89,0.25,310.31192771349293,311.40368405049463,305.84138786077534,306.19903564453125,4799200,-1.92,-0.6,1.78,1.24,11.42,26.09000015258789,2.15,-1
2022-11-10,370.30258141366954,376.9729146439448,368.0028280194402,376.638916015625,141455800,5.5,3.7199999999999998,2.5100000000000002,6.38,7.85,270.13349111094925,277.02358123299086,268.01947600492645,276.72998046875,99256700,7.380000000000001,4.82,3.49,8.55,5.18,314.55654105139035,317.634143916748,312.3542157823119,317.4176940917969,6002300,3.66,2.73,1.72,5.4399999999999995,12.280000000000001,23.530000686645508,-9.81,1
2022-11-11,377.4977734770305,381.08582000984256,375.60831786460767,380.28424072265625,93839900,0.97,0.22999999999999998,1.4500000000000002,5.89,11.43,276.54404774774673,282.4946159489381,275.20322102643024,281.8290710449219,66961800,1.8399999999999999,-0.06999999999999999,2.63,8.799999999999999,10.440000000000001,318.0201405003526,318.4624898846179,314.48137414835145,317.9166259765625,5190700,0.16,0.19,1.25,4.21,13.87,22.520000457763672,-4.29,1
2022-11-14,378.5188319106351,381.877834879153,376.77251031322436,377.04925537109375,71903500,-0.8500000000000001,-0.45999999999999996,1.34,3.9899999999999998,7.71,279.7738647229934,283.05254730346553,278.3841140514315,279.3628234863281,55290700,-0.88,-0.73,1.66,6.67,5.970000000000001,316.9000488275542,319.87413733170035,315.81771349092696,316.0153503417969,3303300,-0.6,-0.32,1.28,2.2399999999999998,11.23,23.729999542236328,5.37,-1
2022-11-15,382.8034549674046,383.91040602408316,376.4480456423607,380.2651062011719,93194500,0.8500000000000001,1.53,1.9800000000000002,4.32,7.37,285.9886362575642,287.01629894350947,279.8814997818295,283.22869873046875,73985400,1.38,2.37,2.55,7.359999999999999,6.6000000000000005,318.57536234667197,320.1094679661891,313.80367117451533,316.42950439453125,4824100,0.13,0.8099999999999999,2.0,1.3599999999999999,10.13,24.540000915527344,3.4099999999999997,1
2022-11-16,378.6334179598029,379.58768334395705,376.73443916433405,377.3642578125,68508500,-0.76,-0.43,0.75,5.7,7.31,281.27131883151327,283.31681796630625,278.5407111451559,279.3628234863281,48859800,-1.3599999999999999,-0.69,1.69,8.4,5.53,315.9212687592704,317.40829870703254,315.8083046894937,316.2977294921875,3085500,-0.04,-0.16,0.51,3.3000000000000003,10.489999999999998,24.110000610351562,-1.7500000000000002,-1
2022-11-17,372.60244233222005,376.88711357872995,372.29709955126145,376.2095642089844,74496300,-0.31,-1.26,1.22,-0.11,7.89,274.89983493649123,280.22401518143465,274.7432378860125,278.74615478515625,55462100,-0.22,-1.6,1.96,0.73,5.83,313.1542328268116,316.9659443598515,313.1542328268116,316.3259582519531,3606500,0.01,-0.9900000000000001,1.21,-0.33999999999999997,10.879999999999999,23.93000030517578,-0.75,-1
2022-11-18,379.54947963736595,379.6162851991159,375.06445009963727,377.9176940917969,92922500,0.44999999999999996,0.89,1.21,-0.62,5.81,281.76059522592635,281.85844224794346,276.30917802063993,278.7559509277344,53588600,0.0,1.08,1.9900000000000002,-1.09,3.4099999999999997,318.25067545672573,318.9014007237343,316.1759238524186,318.1658020019531,3659100,0.58,0.61,0.86,0.08,8.74,23.1200008392334,-3.38,1
2022-11-21,376.59127932303574,377.7173054097724,374.70182350827446,376.5435485839844,51243200,-0.36,-0.35000000000000003,0.8,-0.13,4.15,277.36613600456286,278.5210055036592,275.0563970063702,275.8883056640625,40083500,-1.03,-0.5,1.24,-1.24,1.24,318.43939718556413,319.3730342466163,316.43063848293775,317.8641052246094,2304100,-0.09,0.09,0.9199999999999999,0.59,7.199999999999999,22.360000610351562,-3.29,-1
2022-11-22,378.49021994388283,381.7728946397623,377.07789693039774,381.61065673828125,60429000,1.35,0.52,1.25,0.35000000000000003,3.8899999999999997,276.62238289326433,280.01847514744213,274.4887741356376,279.8619079589844,41873400,1.44,0.27,2.0,-1.1900000000000002,0.61,319.59936622900216,321.7024094398058,319.1278277468776,321.551513671875,4389400,1.16,0.5499999999999999,0.8099999999999999,1.6199999999999999,7.2700000000000005,21.290000915527344,-4.79,1
2022-11-23,381.2766761134872,384.5020973782574,381.0476617682043,384.01544189453125,68261600,0.63,-0.09,0.91,1.76,5.34,279.88141917373144,283.2971040900856,279.70525871870643,282.6707458496094,46390000,1.0,0.01,1.28,1.18,3.92,321.2214504391786,323.0793133225232,320.6367472907885,322.4851989746094,3108500,0.29,-0.1,0.76,1.96,7.62,20.350000381469727,-4.42,1
2022-11-25,383.45240227506304,384.4830250793276,383.175686313319,383.9295349121094,30545400,-0.02,-0.15,0.33999999999999997,2.0500000000000003,5.88,281.0755505959133,281.78022254764727,280.3219551220779,280.8113098144531,15498800,-0.66,-0.5599999999999999,0.52,0.74,5.1499999999999995,322.6172878091541,324.22994182219117,322.56070547749897,323.96588134765625,1498300,0.45999999999999996,0.04,0.52,2.42,7.41,20.5,0.74,-1
2022-11-28,380.8377796763317,382.4791173493977,377.0397928537372,377.80322265625,67881600,-1.6,-0.8099999999999999,1.4200000000000002,-0.03,1.77,278.83423237314076,280.85037084364467,275.76110115675283,276.69085693359375,38714200,-1.47,-0.7000000000000001,1.81,-0.74,0.53,322.23996467950354,323.4565420009988,318.7128661035557,319.22210693359375,3089800,-1.46,-0.53,1.46,0.33,3.2300000000000004,22.209999084472656,8.34,-1
2022-11-29,377.9367417321205,379.1295732981502,375.312512286855,377.1542663574219,52310000,-0.16999999999999998,0.04,1.01,0.16,2.34,276.91600224715586,277.31727663055284,273.22627906494904,274.5964660644531,35618900,-0.76,0.08,1.48,-0.47000000000000003,0.9400000000000001,318.69396744271467,320.0520004706361,317.44909903704956,319.2126770019531,2943600,-0.0,-0.16999999999999998,0.8200000000000001,0.42,3.5900000000000003,21.889999389648438,-1.44,-1
2022-11-30,377.4023553187591,389.03485107421875,375.48430196447526,389.03485107421875,144566700,3.15,0.06999999999999999,3.5900000000000003,1.95,6.02,274.86067727745944,287.2217787636265,274.0092050859752,287.1141052246094,74718100,4.5600000000000005,0.1,4.81,2.59,6.63,319.37293871109205,326.48374553317785,317.0435379649132,326.4460144042969,6940400,2.27,0.05,2.96,1.52,6.260000000000001,20.579999923706055,-5.9799999999999995,1
2022-12-01,390.07504041496463,391.2487972907091,386.2389041546695,388.7486267089844,76398200,-0.06999999999999999,0.27,1.29,1.23,8.67,287.4371621299135,289.45330107681167,284.68699114309106,287.4665222167969,51547300,0.12,0.11,1.66,1.7000000000000002,10.549999999999999,327.0119726622189,327.02141264261667,322.24000501030326,324.80517578125,5325900,-0.5,0.16999999999999998,1.46,0.72,7.39,19.84000015258789,-3.5999999999999996,-1
2022-12-02,383.8531695839399,389.20658327820155,383.7482143923798,388.300048828125,85342700,-0.12,-1.26,1.4000000000000001,1.1400000000000001,9.68,282.39680691192086,287.20227345050546,282.22061652767866,286.3214111328125,53583200,-0.4,-1.76,1.73,1.96,12.31,321.4573105955595,325.74832952452056,321.4573105955595,325.116455078125,3736500,0.1,-1.03,1.32,0.36,7.99,19.059999465942383,-3.93,-1
2022-12-05,385.4754615098056,386.4106228219642,379.9598094992948,381.3148498535156,77289800,-1.7999999999999998,-0.73,1.66,0.9299999999999999,6.18,284.19758384085077,285.4698938607277,280.05763314961825,281.51593017578125,41482100,-1.68,-0.74,1.8900000000000001,1.7399999999999998,8.67,322.9567587168957,323.7677911939999,319.7314224283351,320.67449951171875,3827200,-1.37,-0.66,1.24,0.44999999999999996,5.12,20.75,8.870000000000001,-1
2022-12-06,381.15263615766594,381.6965452135378,373.72845373229296,375.8182678222656,77972200,-1.44,-0.04,2.09,-0.35000000000000003,3.65,281.35939386569686,281.49639765275765,274.29311068240025,275.682861328125,53937600,-2.07,-0.06,2.56,0.4,5.27,320.4293840502242,321.2592967313864,315.6668548973124,317.30780029296875,5516300,-1.05,-0.08,1.7399999999999998,-0.6,2.6599999999999997,22.170000076293945,6.84,-1
2022-12-07,374.9689850432598,377.54551283524984,374.0433465972937,375.1789245605469,65927900,-0.16999999999999998,-0.22999999999999998,0.9299999999999999,-3.56,2.92,274.498530822481,276.5538258188242,272.8445101242482,274.5572509765625,45614300,-0.41000000000000003,-0.43,1.35,-4.37,4.08,317.0059067803042,319.0712188683715,316.4400548417374,317.288818359375,3577100,-0.01,-0.1,0.83,-2.81,1.63,22.68000030517578,2.3,-1
2022-12-08,377.06837354618364,379.1868143806111,375.2838731198775,378.1180419921875,60737900,0.7799999999999999,0.5,1.04,-2.73,5.91,275.90791188562,278.7755226497414,273.8330531775481,277.8066101074219,42594900,1.18,0.49,1.7999999999999998,-3.36,7.8,318.5148310346239,320.31611163894354,317.87354555320684,319.19384765625,3278400,0.6,0.38999999999999996,0.77,-1.73,4.24,22.290000915527344,-1.72,1
2022-12-09,376.8774796353652,379.43490324109257,375.16933686743675,375.29339599609375,81447700,-0.75,-0.33,1.13,-3.35,-0.36,276.7887821964481,279.55854631601636,275.594755623584,276.0351867675781,47860500,-0.64,-0.37,1.43,-3.5900000000000003,-0.25,318.44887991042145,319.80688455403975,316.1666205009844,316.27978515625,3815500,-0.91,-0.22999999999999998,1.1400000000000001,-2.7199999999999998,-0.36,22.829999923706055,2.42,-1
2022-12-12,376.0854626556509,380.7041320800781,375.41749445562255,380.7041320800781,75405800,1.44,0.21,1.41,-0.16,0.11,276.2113073349363,279.55850588887154,275.1738779884526,279.499755859375,35732500,1.26,0.06,1.59,-0.72,-0.83,317.00586905401786,321.2591261154777,316.9304067882962,321.2308349609375,5017300,1.5699999999999998,0.22999999999999998,1.37,0.16999999999999998,1.04,25.0,9.51,1
2022-12-13,391.4587178854205,391.71635903607296,380.8186654692543,383.5860290527344,123782500,0.76,2.82,2.86,2.07,1.73,290.33409921539373,290.5592131001037,279.82277120448714,282.5044250488281,80667700,1.08,3.88,3.84,2.4699999999999998,1.1199999999999999,328.36054534292384,328.39827648171774,320.1746438306387,322.3531494140625,5274300,0.35000000000000003,2.22,2.56,1.59,2.01,22.549999237060547,-9.8,1
2022-12-14,383.2425243978925,386.9546308897341,378.1849292803874,381.13360595703125,108111300,-0.64,-0.09,2.29,1.59,0.22999999999999998,281.91719443928423,285.2056731313244,277.160681704025,280.4100036621094,64984400,-0.74,-0.21,2.85,2.13,-1.0,322.32483541935784,325.04090161157217,318.420511853368,320.8536376953125,5498400,-0.47000000000000003,-0.01,2.0500000000000003,1.1199999999999999,1.4000000000000001,21.139999389648438,-6.25,-1
2022-12-15,376.2667969393166,377.1733606249857,370.1499819805847,371.8103942871094,117705900,-2.45,-1.28,1.8399999999999999,-1.67,-1.47,276.31899384162705,276.9845388900271,269.8008159440126,270.9948425292969,60554100,-3.36,-1.46,2.56,-2.45,-3.0,317.42087888458053,318.1659178549876,311.9510431955572,313.8560485839844,5865600,-2.18,-1.0699999999999998,1.94,-1.67,-0.77,22.829999923706055,7.99,-1
2022-12-16,369.2517657317392,370.59386612148,365.2829810609633,367.4207458496094,119858000,-1.18,-0.69,1.43,-2.1,-2.34,270.3195057192116,271.8560565360291,266.8059132420267,268.4110107421875,68300400,-0.95,-0.25,1.8599999999999999,-2.76,-3.71,311.2472974558497,312.39099012967813,308.56291237882,310.94482421875,6672200,-0.9299999999999999,-0.83,1.22,-1.69,-1.7000000000000002,22.6200008392334,-0.9199999999999999,-1
2022-12-19,367.6124594366193,367.9479918227815,362.63707790509415,364.30511474609375,79878100,-0.8500000000000001,0.05,1.4500000000000002,-4.31,-3.5999999999999996,268.6807856212014,268.7690767344981,263.40271951563386,264.63885498046875,44167900,-1.41,0.1,2.0,-5.319999999999999,-5.06,310.8502131755341,312.23020728197054,307.86335567382696,309.4418640136719,3709600,-0.48,-0.03,1.4000000000000001,-3.6700000000000004,-2.74,22.420000076293945,-0.88,-1
2022-12-20,363.5477938735729,366.4237355185501,362.22485603598886,364.8036193847656,74427200,0.13999999999999999,-0.21,1.15,-4.9,-3.1199999999999997,263.47144964439775,266.17916404934465,261.891969534409,264.4328918457031,51064200,-0.08,-0.44,1.6199999999999999,-6.4,-4.15,309.64036334053907,311.7954341861985,308.5250259830112,310.3870849609375,4721700,0.31,0.06,1.06,-3.71,-2.35,21.479999542236328,-4.19,1
2022-12-21,367.40158229485894,371.3895586231339,366.864742140629,370.25836181640625,78167400,1.5,0.7100000000000001,1.24,-2.85,-2.97,265.47276321661104,269.57355472006856,264.62904265474396,268.2687683105469,46394700,1.4500000000000002,0.38999999999999996,1.87,-4.33,-4.14,313.3740118959931,316.01111928875565,312.9770121689406,315.3211364746094,5086800,1.59,0.96,0.98,-1.72,-1.94,20.06999969482422,-6.5600000000000005,1
2022-12-22,367.20980089104194,370.23912957543627,359.2722031883447,364.9761657714844,100120900,-1.43,-0.8200000000000001,2.96,-1.8399999999999999,-4.96,265.2569715563839,265.38451316774433,257.48702282279595,261.70556640625,60278400,-2.45,-1.1199999999999999,2.94,-3.4299999999999997,-7.42,313.33617117416804,313.66699944675685,307.8067035608314,312.16412353515625,4876900,-1.0,-0.63,1.8599999999999999,-0.54,-3.2,21.969999313354492,9.47,-1
2022-12-23,363.950423157118,367.21941379519086,362.39741929068407,367.07562255859375,59857300,0.58,-0.27999999999999997,1.32,-0.09,-4.390000000000001,260.4399854422568,262.96129733071217,258.5367413646793,262.2941589355469,39373600,0.22,-0.48,1.69,-2.2800000000000002,-6.59,311.5591884511455,313.9883778453217,310.0846675466462,313.74261474609375,3997900,0.51,-0.19,1.25,0.8999999999999999,-3.16,20.8700008392334,-5.01,1
2022-12-27,366.960616093891,367.30571508666856,363.95044946411275,365.6280822753906,51638200,-0.38999999999999996,-0.03,0.91,0.36,-3.2199999999999998,261.685883283232,261.793814605663,258.0461876003975,258.58575439453125,38009000,-1.41,-0.22999999999999998,1.43,-2.29,-6.54,314.1302447834441,315.52916221300546,312.45723795833885,314.1585998535156,3098900,0.13,0.12,0.98,1.52,-1.59,21.649999618530273,3.74,-1
2022-12-28,365.56100398447626,367.53584456423454,360.85407094628073,361.0841369628906,70911500,-1.24,-0.02,1.83,-1.02,-4.26,258.18357575317634,260.439984319042,254.8087530697181,255.17173767089844,47139000,-1.32,-0.16,2.18,-3.5000000000000004,-7.07,314.4608983580241,315.4533541042711,310.566650390625,310.566650390625,3102400,-1.1400000000000001,0.1,1.5599999999999998,0.06,-2.71,22.139999389648438,2.26,-1
2022-12-29,363.93126597675223,368.45608223881914,363.40399242752494,367.5837097167969,66970900,1.7999999999999998,0.79,1.4000000000000001,-0.72,-5.510000000000001,257.97752846222875,262.3334034752378,257.2809896473435,261.3916015625,45893600,2.44,1.0999999999999999,1.9800000000000002,-2.56,-8.959999999999999,312.4192823778844,314.6121696378024,312.0412053302436,313.8654479980469,2458800,1.06,0.6,0.83,-0.45999999999999996,-3.85,21.440000534057617,-3.16,1
2022-12-30,364.8994905444754,366.7592392294088,362.78085913190785,366.6154479980469,84022200,-0.26,-0.73,1.08,0.44999999999999996,-5.6899999999999995,258.62501629110807,261.36216073670295,257.32022983602053,261.234619140625,37858300,-0.06,-1.06,1.55,-0.18,-9.13,312.50432616202306,313.24158645036397,310.35871670830176,313.1754150390625,3881800,-0.22,-0.43,0.9199999999999999,0.32,-3.58,21.670000076293945,1.0699999999999998,-1
2023-01-03,368.4752380300906,370.45004902050835,362.20567683665195,365.0720520019531,74850700,-0.42,0.51,2.25,-0.5499999999999999,-5.9799999999999995,263.55969075063524,265.0312691802193,257.16324062153893,259.4687194824219,42335300,-0.6799999999999999,0.89,3.01,-1.08,-9.379999999999999,314.20579339312906,315.5385101750467,310.3587931261009,313.071533203125,3910700,-0.03,0.33,1.6500000000000001,-0.21,-3.6999999999999997,22.899999618530273,5.680000000000001,-1
2023-01-04,367.3345015753635,369.92286124255634,364.2860098824275,367.8905334472656,85934100,0.77,0.62,1.54,0.62,-3.52,261.58789688682157,262.38254715008145,257.55575486643687,260.7049255371094,47754900,0.48,0.8200000000000001,1.8599999999999999,0.8200000000000001,-7.39,314.33819580078125,315.7371132491306,312.1075200040155,314.33819580078125,4137300,0.4,0.4,1.16,0.06,-1.9800000000000002,22.010000228881836,-3.8899999999999997,1
2023-01-05,365.9347896482895,366.04982262488596,363.09720228841604,363.6915588378906,76970500,-1.1400000000000001,-0.53,0.8,0.72,-3.2300000000000004,259.0370983373102,259.20386048845717,256.3097737127626,256.6236877441406,45396700,-1.5699999999999998,-0.64,1.11,0.5700000000000001,-6.909999999999999,312.8352344595982,313.00536483613195,310.12249435604866,311.1811218261719,4350100,-1.0,-0.48,0.9199999999999999,0.2,-1.9300000000000002,22.459999084472656,2.04,-1
2023-01-06,366.78796777872327,373.1533988238213,363.7203144875391,372.0317687988281,104189600,2.29,0.8500000000000001,2.59,1.21,-0.84,258.3601609338397,264.825292792396,255.4071835674613,263.7068786621094,54659700,2.76,0.6799999999999999,3.6700000000000004,0.89,-3.95,313.97889309935744,318.6482185634432,311.8332833288255,317.854248046875,4800800,2.1399999999999997,0.8999999999999999,2.19,1.27,0.18,21.1299991607666,-5.92,1
2023-01-09,374.2271061896771,377.4194177778674,371.6387762794701,371.8208923339844,73978100,-0.06,0.59,1.55,1.4200000000000002,-1.67,265.6983324353776,270.07384644606014,264.80560135296327,265.4138488769531,45568700,0.65,0.76,2.0,1.6,-4.46,319.18694801867633,320.812705181327,316.5687350632229,316.91845703125,3864000,-0.29,0.42,1.34,1.2,-0.7100000000000001,21.969999313354492,3.9800000000000004,-1
2023-01-10,371.2361537559992,374.4955486092587,370.29666890331214,374.4284362792969,65358100,0.7000000000000001,-0.16,1.13,2.56,-0.22999999999999998,264.38384106727113,267.7684843270472,263.87370452146547,267.6605529785156,35247800,0.8500000000000001,-0.38999999999999996,1.47,3.16,-3.0300000000000002,316.5971262547793,318.8466948982565,315.973286114083,318.752197265625,2277500,0.58,-0.1,0.91,1.81,0.7799999999999999,20.579999923706055,-6.329999999999999,1
2023-01-11,376.01019536505663,379.24083169297677,375.1953394078577,379.16412353515625,68881100,1.26,0.42,1.08,3.06,-0.4,268.72982142549,272.39894693128963,267.94496173217993,272.291015625,44077000,1.73,0.4,1.66,4.44,-2.58,319.85824047980685,321.19098663396414,318.6578372331507,321.14373779296875,3265800,0.75,0.35000000000000003,0.79,2.17,-0.03,21.09000015258789,2.48,1
2023-01-12,380.26663005159156,382.0113458697923,376.19237910493234,380.54461669921875,90157700,0.36,0.29,1.53,4.63,-0.79,272.8502628173263,274.79275716324054,268.55324892261154,273.76263427734375,60600000,0.54,0.21,2.29,6.68,-3.09,322.2020847148082,324.20591842919066,319.4326358330518,323.2607116699219,4332600,0.66,0.33,1.49,3.88,0.27999999999999997,18.829999923706055,-10.72,1
2023-01-13,377.3427015811747,382.59609870511895,377.07428153867187,382.0209045410156,63903900,0.38999999999999996,-0.84,1.4500000000000002,2.69,0.22999999999999998,271.2609656966435,275.89153383124483,270.9274115015277,275.6462707519531,44802900,0.69,-0.91,1.81,4.53,-1.7000000000000002,320.5764878141214,324.6692224309134,320.5292101453268,324.243896484375,3473400,0.3,-0.83,1.28,2.01,1.06,18.350000381469727,-2.55,1
2023-01-17,382.00179714035386,383.67942996148565,380.64050506445955,381.3211364746094,62677300,-0.18,-0.01,0.8,2.56,2.56,275.4500454160634,277.4906509803417,274.28259077576485,276.2054748535156,36269700,0.2,-0.06999999999999999,1.16,4.07,1.92,323.601215196635,323.96985995530696,320.07560979883203,320.5765686035156,3929700,-1.13,-0.2,1.2,1.15,2.1399999999999997,19.360000610351562,5.5,-1
2023-01-18,382.5098579883935,383.57394241937,375.0995040316948,375.3008117675781,99632300,-1.58,0.31,2.22,0.22999999999999998,2.1399999999999997,277.7456912937367,279.2957706324418,272.40879453707197,272.61480712890625,47754500,-1.3,0.5599999999999999,2.4899999999999998,1.8499999999999999,1.5699999999999998,320.9640203496489,321.5595055093095,314.47045140941674,314.72564697265625,5164300,-1.83,0.12,2.21,-1.26,1.22,20.34000015258789,5.06,-1
2023-01-19,373.2588624544161,374.90773682058955,371.24572672429906,372.56866455078125,86958900,-0.73,-0.54,0.98,-1.7399999999999998,2.27,270.9863178139879,272.1243422859905,268.7004787039163,269.93658447265625,44150400,-0.98,-0.6,1.26,-0.86,2.0,312.9204093746072,314.2436941762761,311.8901366059705,312.51397705078125,3454200,-0.7000000000000001,-0.5700000000000001,0.75,-2.69,0.9900000000000001,20.520000457763672,0.88,-1
2023-01-20,373.96829741871426,379.66266441415144,372.31942298138915,379.50927734375,91806400,1.8599999999999999,0.38,1.97,-0.27,4.03,271.54547015302177,277.65740672300205,270.48591691995296,277.3238525390625,60613600,2.74,0.6,2.6599999999999997,1.3,4.87,312.9585331366008,315.7114212853014,311.56789951240955,315.6546630859375,4120200,1.0,0.13999999999999999,1.3299999999999998,-2.35,1.7000000000000002,19.850000381469727,-3.27,1
2023-01-23,380.314551818449,385.99932319331543,379.35590453409674,384.0628662109375,84178800,1.2,0.21,1.7500000000000002,0.53,3.73,278.1676364893102,284.7112399513532,277.3729863530123,283.48492431640625,52799900,2.22,0.3,2.65,2.8400000000000003,5.67,316.61952012606554,319.5143032134644,315.0680526570636,318.0196228027344,3985300,0.75,0.31,1.41,-1.92,0.86,19.809999465942383,-0.2,1
2023-01-24,382.38524381226813,384.56136267462904,381.1965305092897,383.6506652832031,59524900,-0.11,-0.44,0.88,0.61,5.12,281.86618418380607,284.06373214711186,281.34622756965445,282.9060974121094,44875100,-0.2,-0.5700000000000001,0.96,2.4299999999999997,8.1,316.8749120533543,319.48590403466415,315.68296130222274,318.8993835449219,3360900,0.27999999999999997,-0.36,1.2,-0.52,2.16,19.200000762939453,-3.08,-1
2023-01-25,379.57639153162364,384.12996598342204,377.2852105542449,383.79443359375,84800300,0.04,-1.06,1.78,2.26,4.55,278.39320945144925,282.896236062252,275.85228750449124,282.2781982421875,50872000,-0.22,-1.6,2.4899999999999998,3.54,7.62,316.1937313397947,319.4101819068706,314.59497537541444,319.1074523925781,4318600,0.06999999999999999,-0.8500000000000001,1.51,1.39,1.71,19.079999923706055,-0.63,1
2023-01-26,386.45950819175505,388.1754951278568,383.4876955763573,388.01251220703125,72287400,1.0999999999999999,0.69,1.22,4.15,6.12,285.7020646910738,287.9584731055407,283.05321138770705,287.7818908691406,51596300,1.95,1.21,1.7399999999999998,6.61,11.29,320.1765418288456,321.1319906434278,318.0480230132687,321.0373840332031,2930900,0.6,0.33999999999999997,0.97,2.73,2.19,18.729999542236328,-1.83,1
2023-01-27,386.967565239786,391.28147800741476,386.7566616675893,388.9040222167969,68346200,0.22999999999999998,-0.27,1.17,2.48,7.7,286.4672833773252,292.60868060840096,286.34956188677984,290.6465759277344,56441900,1.0,-0.45999999999999996,2.17,4.8,13.900000000000002,321.0752110867593,323.09968270529856,319.9021700337035,321.27386474609375,2907400,0.06999999999999999,0.01,1.0,1.78,3.45,18.510000228881836,-1.17,1
2023-01-30,386.14313857209555,388.3768032673917,383.7273577965346,384.0245361328125,74202000,-1.25,-0.7100000000000001,1.2,-0.01,4.47,287.37968364573163,288.8022216574002,284.3973057887979,284.77008056640625,49405800,-2.02,-1.1199999999999999,1.52,0.44999999999999996,8.94,320.18600882649844,322.0496466098847,318.6629490941804,318.8616027832031,3032700,-0.75,-0.33999999999999997,1.05,0.26,1.59,19.940000534057617,7.7299999999999995,-1
2023-01-31,384.5422207556733,389.71891065606565,384.19709249266276,389.6709899902344,86811800,1.47,0.13,1.44,1.5699999999999998,6.29,284.80932516364925,289.13576992110575,284.70142376852044,289.03765869140625,46705100,1.5,0.01,1.5599999999999998,2.17,10.639999999999999,319.37245080754855,322.45641864880275,318.34130508625185,322.42803955078125,2593500,1.1199999999999999,0.16,1.29,1.11,2.9499999999999997,19.399999618530273,-2.71,1
2023-02-01,388.45345165426824,396.5636286134995,385.7117345077939,393.8122863769531,101459200,1.06,-0.31,2.78,2.6100000000000003,7.870000000000001,288.8316018722076,297.6806825531704,286.76156601785834,295.21826171875,67562200,2.1399999999999997,-0.06999999999999999,3.7800000000000002,4.58,13.780000000000001,320.810366634006,324.73629575239954,317.4614887868255,322.46588134765625,6175400,0.01,-0.5,2.26,1.05,3.0,17.8700008392334,-7.89,1
2023-02-02,397.70442814895335,401.01177323006914,395.80632510726565,399.5450439453125,101654500,1.46,0.9900000000000001,1.32,2.97,8.6,301.7423282493174,307.73654472571866,300.9182477321009,305.8136901855469,83070600,3.5900000000000003,2.21,2.31,6.2700000000000005,17.299999999999997,323.0712043283667,323.0712043283667,319.7601762975184,322.04949951171875,5169400,-0.13,0.19,1.03,0.32,2.45,18.729999542236328,4.81,1
2023-02-03,394.5695755451013,399.7271018745294,394.09025197181745,395.29815673828125,94736800,-1.06,-1.25,1.41,1.6400000000000001,8.690000000000001,299.1621057418746,306.4709577187037,298.769690790087,300.37860107421875,76170800,-1.78,-2.18,2.52,3.35,17.05,320.4792349427563,323.2226822246127,319.7129704969611,320.67791748046875,6504300,-0.43,-0.49,1.09,-0.19,3.05,18.329999923706055,-2.1399999999999997,-1
2023-02-06,392.844029913755,394.28200066117023,391.2239138645533,392.8823547363281,60295300,-0.61,-0.62,0.77,2.31,5.6000000000000005,297.75923649741816,300.11375637228986,296.49367046317866,297.83770751953125,40802300,-0.8500000000000001,-0.8699999999999999,1.21,4.590000000000001,12.94,319.41972241780707,321.22660188055335,318.5115624603141,320.2049255371094,2708400,-0.15,-0.38999999999999996,0.8500000000000001,0.42,0.74,19.43000030517578,6.0,-1
2023-02-07,391.9621544500559,399.2670428955278,390.7159245428093,398.02081298828125,90990700,1.31,-0.22999999999999998,2.18,2.1399999999999997,7.049999999999999,297.7101151054352,305.13668801554405,296.59173107995235,304.00848388671875,67584000,2.07,-0.04,2.87,5.18,14.540000000000001,318.7575736694846,323.8281653408636,318.0385979755265,323.080810546875,4969600,0.8999999999999999,-0.44999999999999996,1.81,0.2,1.94,18.65999984741211,-3.9600000000000004,1
2023-02-08,396.0459125600925,397.3880127555721,392.97822989420473,393.66845703125,76227500,-1.09,-0.5,1.11,-0.04,5.140000000000001,302.69390683248184,303.63570872531835,297.91618657756726,298.6029052734375,56720900,-1.78,-0.43,1.8800000000000001,1.15,11.559999999999999,321.99283728274133,323.02398285520684,320.5454457527819,321.0941467285156,2769500,-0.61,-0.33999999999999997,0.77,-0.43,0.73,19.6299991607666,5.2,-1
2023-02-09,397.27307383439006,397.42646092955965,389.02870031650593,390.2557678222656,78694900,-0.8699999999999999,0.9199999999999999,2.13,-2.32,2.93,302.9881743981649,303.13532624833186,294.5118984958231,295.9638366699219,49137800,-0.88,1.47,2.8899999999999997,-3.2199999999999998,8.690000000000001,323.2984268979127,324.06469152551915,317.91563585664886,318.88055419921875,3094700,-0.69,0.69,1.92,-0.98,-0.7000000000000001,20.709999084472656,5.5,-1
2023-02-10,389.0765088651331,391.5498348355642,388.26168221177215,391.1663818359375,70769700,0.22999999999999998,-0.3,0.84,-1.05,2.79,293.8055906090698,295.85598658175047,291.6178329261947,294.02142333984375,50050100,-0.66,-0.73,1.43,-2.12,7.3999999999999995,318.55879973735404,320.70625688003565,317.81147402758506,320.4413757324219,2523900,0.49,-0.1,0.91,-0.06999999999999999,-0.8699999999999999,20.530000686645508,-0.8699999999999999,1
2023-02-13,391.8183051444725,395.8925559564968,391.358143932513,395.7583312988281,64913500,1.17,0.16999999999999998,1.16,0.73,3.5999999999999996,295.4242362694812,299.31901447025047,294.2469617235115,298.7303771972656,39636700,1.6,0.48,1.73,0.3,8.37,320.58325044235687,324.06455354849317,320.58325044235687,324.0550842285156,2653900,1.13,0.04,1.09,1.2,-0.06,20.34000015258789,-0.9299999999999999,1
2023-02-14,394.23410329587506,397.88654714068605,391.6170149103328,395.57623291015625,88389300,-0.05,-0.38999999999999996,1.58,-0.61,3.74,297.1509876493258,301.88945775685835,295.2084930417475,300.9378356933594,64079100,0.74,-0.53,2.2399999999999998,-1.01,8.95,323.0807113080843,324.9821970357274,320.1386396523596,322.72125244140625,3501100,-0.41000000000000003,-0.3,1.49,-0.11,0.67,18.90999984741211,-7.03,-1
2023-02-15,393.3809452879777,396.9375187591641,392.5373309404456,396.86083984375,61555700,0.32,-0.5499999999999999,1.11,0.8099999999999999,5.74,299.1228543039255,303.4100482655992,298.4361356253388,303.2432861328125,43100600,0.77,-0.6,1.6500000000000001,1.55,11.24,321.1319963360593,323.2226956405149,320.3468220840324,323.2132263183594,1967700,0.15,-0.49,0.89,0.66,2.7,18.229999542236328,-3.5999999999999996,1
2023-02-16,391.885495484294,395.83511825917276,391.26238049894437,391.3965759277344,76431500,-1.38,-1.25,1.15,0.29,5.050000000000001,298.61274553656614,302.5859959303086,297.4060402610044,297.5531921386719,59498600,-1.8800000000000001,-1.53,1.71,0.54,10.23,320.2237918697463,322.4847654394565,319.098039745311,319.1737365722656,3229600,-1.25,-0.9199999999999999,1.05,0.09,2.13,20.170000076293945,10.639999999999999,-1
2023-02-17,389.2683735873087,390.6584240648403,387.3414828887327,390.41876220703125,89257800,-0.25,-0.54,0.8500000000000001,-0.19,2.87,295.3654442309807,296.2091348983239,292.4517174944119,295.4537353515625,58230700,-0.7100000000000001,-0.74,1.26,0.49,6.54,318.1144192140293,320.6822952853761,317.5079677442453,320.5496520996094,3034200,0.43,-0.33,0.9900000000000001,0.03,1.55,20.020000457763672,-0.74,-1
2023-02-21,386.39234798566156,387.44686578378213,382.3276931153695,382.5865173339844,82655900,-2.01,-1.03,1.31,-3.3300000000000005,-0.38,291.627641771274,293.06978997591324,288.3215000215614,288.4588317871094,46526700,-2.37,-1.29,1.6099999999999999,-3.44,1.7500000000000002,317.16681365668774,318.3228362977505,313.7366561740637,313.8787841796875,3142900,-2.08,-1.06,1.43,-3.1399999999999997,-1.3,22.8700008392334,14.24,-1
2023-02-22,382.9986900810886,384.5421271702139,380.6020722608725,382.0592346191406,83742300,-0.13999999999999999,0.11,1.03,-3.42,-0.41000000000000003,289.0376366764408,290.7446581736878,287.016671243805,288.6746520996094,51389200,0.06999999999999999,0.2,1.29,-4.07,2.04,314.35258029677175,314.99691323487195,312.17320698141134,313.18707275390625,2896400,-0.22,0.15,0.8999999999999999,-2.9499999999999997,-1.79,22.290000915527344,-2.54,-1
2023-02-23,384.95439045031753,385.567938737912,379.86397585252666,384.09161376953125,96242400,0.53,0.76,1.49,-3.2199999999999998,0.08,292.3242188075793,292.48119080254816,287.00690100814256,291.1960144042969,69294400,0.8699999999999999,1.26,1.9,-3.9699999999999998,3.16,314.4473785869208,315.30017568286377,310.78033083232714,314.2768249511719,5999600,0.35000000000000003,0.4,1.44,-2.76,-1.51,21.139999389648438,-5.16,1
2023-02-24,379.06829329418446,380.82260481900255,377.36190242771124,379.98858642578125,108194400,-1.0699999999999998,-1.31,0.8999999999999999,-2.91,-2.07,286.23183827727587,287.4189032172758,284.5542172313994,286.32012939453125,74332000,-1.67,-1.7000000000000002,0.98,-3.7800000000000002,-0.51,310.6380722686187,311.8794004352539,309.31149622919384,310.9128723144531,3764700,-1.0699999999999998,-1.16,0.8200000000000001,-2.59,-3.15,21.670000076293945,2.5100000000000002,-1
2023-02-27,383.33432711552274,384.69561928163296,380.3433519399528,381.2828369140625,80444700,0.33999999999999997,0.88,1.15,-2.34,-1.96,289.4791077993854,290.87218529190994,287.7818765512934,288.3705139160156,48995000,0.72,1.0999999999999999,1.08,-2.4,-0.7799999999999999,313.38599356848306,314.5704415440156,310.9886720226927,311.8035583496094,2887300,0.29,0.8,1.15,-2.73,-2.9499999999999997,20.950000762939453,-3.32,1
2023-02-28,380.8034546692743,382.76866981415725,379.7680992642455,379.8735656738281,96438600,-0.37,-0.13,0.79,-0.7100000000000001,-1.08,287.7425975121591,290.5091718941764,287.4090433577746,287.9976806640625,48243100,-0.13,-0.22,1.08,-0.16,1.13,311.6234948470402,311.6234948470402,309.38727112958105,309.4441223144531,3155300,-0.76,-0.06,0.72,-1.41,-2.9499999999999997,20.700000762939453,-1.1900000000000002,-1
2023-03-01,379.05871889408525,380.285786224129,377.11266611466596,378.4164123535156,99706800,-0.38,-0.21,0.84,-0.95,-2.8899999999999997,287.7034608376696,288.36074923545726,284.7014426338721,285.6824951171875,58287000,-0.8,-0.1,1.27,-1.04,-1.16,308.94200591746693,310.6286590244302,308.24079290821305,309.8516540527344,3317500,0.13,-0.16,0.77,-1.06,-3.9,20.579999923706055,-0.58,-1
2023-03-02,376.4416013971857,382.20308082772186,376.1060690029621,381.3594665527344,85127800,0.7799999999999999,-0.52,1.6099999999999999,-0.7100000000000001,-3.16,283.190561983044,288.8512230053116,282.90604843154955,288.0467529296875,53565900,0.83,-0.8699999999999999,2.08,-1.08,-2.4299999999999997,310.3918087784963,313.8314514693967,309.66217007606497,313.1112976074219,3047500,1.05,0.16999999999999998,1.35,-0.37,-2.9000000000000004,19.59000015258789,-4.81,1
2023-03-03,383.1808966203792,387.7249046275864,382.5290234904316,387.47564697265625,90120000,1.6,0.48,1.3599999999999999,1.97,-3.02,289.79307686613646,294.2372429494575,289.28291046741515,294.00177001953125,60511500,2.07,0.61,1.72,2.68,-3.8600000000000003,314.13459791954574,316.89199675109387,313.09230665548705,316.68353271484375,3033500,1.1400000000000001,0.33,1.21,1.8599999999999999,-1.67,18.489999771118164,-5.62,1
2023-03-06,388.3000515971973,390.6008283701899,387.3030795348652,387.7440490722656,72795900,0.06999999999999999,0.21,0.8500000000000001,1.69,-1.91,295.2378779090162,298.23989551477433,294.13910413688774,294.3352966308594,56736300,0.11,0.42,1.39,2.07,-2.01,317.0815398867367,318.4933929514291,316.6551269485925,317.12890625,2641700,0.13999999999999999,0.13,0.58,1.71,-1.11,18.610000610351562,0.65,1
2023-03-07,387.69611880425083,387.93578060753197,381.18689603557027,381.8004150390625,108310600,-1.53,-0.01,1.7399999999999998,0.51,-2.82,294.3844034004965,295.3065950596229,290.11681943570414,290.7250671386719,65955800,-1.23,0.02,1.76,0.95,-2.39,317.1193913813202,317.3562809879908,311.4814071756853,311.62353515625,5009200,-1.7399999999999998,-0.0,1.8499999999999999,0.7000000000000001,-2.68,19.59000015258789,5.27,-1
2023-03-08,381.91547162159134,383.1808636899206,380.1898891101756,382.4235534667969,74746600,0.16,0.03,0.7799999999999999,1.06,-3.92,291.14690948879917,292.7754600628296,289.29273602432113,292.1770324707031,50876300,0.5,0.15,1.2,2.27,-3.8899999999999997,311.6709609099193,312.2205321275813,309.47261820488905,311.26348876953125,3169600,-0.12,0.02,0.88,0.45999999999999996,-3.66,19.110000610351562,-2.45,1
2023-03-09,383.2096475110798,384.8777136423342,374.3805144113086,375.367919921875,111945300,-1.8399999999999999,0.21,2.74,-1.5699999999999998,-4.65,292.6772954111653,295.27710774378676,286.3004559856999,287.11474609375,71456700,-1.73,0.16999999999999998,3.0700000000000003,-0.32,-3.85,312.4291031881549,313.1113467124963,305.4929655102178,306.1372985839844,4760900,-1.6500000000000001,0.37,2.45,-2.23,-4.66,22.610000610351562,18.32,-1
2023-03-10,374.8215147441384,376.9017923479486,368.42735335856526,369.95159912109375,189253000,-1.44,-0.15,2.26,-4.52,-5.2,287.2815444320978,288.7727631546609,281.9348271262649,283.0826416015625,98593600,-1.4000000000000001,0.06,2.3800000000000003,-3.71,-4.35,305.6255584912863,307.8333573024738,301.73107761407385,302.9629211425781,7741600,-1.04,-0.16999999999999998,1.9900000000000002,-4.33,-4.99,24.799999237060547,9.69,-1
2023-03-13,366.021130129731,374.24634050095773,364.90909573022645,369.42431640625,157790000,-0.13999999999999999,-1.06,2.52,-4.72,-5.56,281.29716972593775,288.890505837308,279.7863406238493,285.18212890625,97123600,0.74,-0.63,3.2199999999999998,-3.11,-3.01,300.1486482032417,306.22250183010425,300.05388656712324,302.1006164550781,6831600,-0.27999999999999997,-0.9299999999999999,2.04,-4.74,-5.72,26.520000457763672,6.94,-1
2023-03-14,374.3517676052174,377.1797888194533,371.0444227448801,375.5309143066406,149752400,1.6500000000000001,1.3299999999999998,1.66,-1.6400000000000001,-5.11,288.7335168501078,292.28492159284906,287.8898261938066,291.73553466796875,73602500,2.3,1.25,1.54,0.35000000000000003,-2.34,305.31282503770416,306.73416282890173,301.99637019157643,305.29388427734375,4760500,1.06,1.06,1.5699999999999998,-2.03,-5.79,23.729999542236328,-10.52,1
2023-03-15,369.9323910671056,373.38349766674736,367.8425178859198,373.18218994140625,172996900,-0.63,-1.49,1.48,-2.42,-5.66,289.1259187355792,293.59951488700585,287.68377063812324,293.2659606933594,83631500,0.52,-0.89,2.03,0.37,-2.55,300.28138977350847,303.0387894602678,298.4526081575467,302.782958984375,6518000,-0.8200000000000001,-1.6400000000000001,1.5,-2.7199999999999998,-6.18,26.139999389648438,10.16,-1
2023-03-16,370.82395451887174,380.0748950855989,370.31587262158683,379.7297668457031,143254200,1.7500000000000002,-0.63,2.62,1.16,-4.32,292.3536046471147,301.35965816858703,291.5589546269461,300.9966735839844,98198100,2.64,-0.31,3.34,4.83,-0.74,301.0014003830525,306.6014739146769,299.83589315802226,306.2982482910156,6569900,1.16,-0.59,2.23,0.05,-5.2299999999999995,22.989999771118164,-12.049999999999999,1
2023-03-17,378.3979622867853,379.5334763060183,373.9039803951704,375.2897033691406,140553400,-1.17,-0.35000000000000003,1.48,1.44,-4.12,300.90840459728173,303.29235483313954,297.6218729463031,299.57415771484375,89923700,-0.47000000000000003,-0.03,1.8800000000000001,5.83,0.6799999999999999,304.70979616595974,305.06132128541435,301.32751216027987,302.6006164550781,5314900,-1.21,-0.52,1.22,-0.12,-5.19,25.510000228881836,10.96,-1
2023-03-20,376.06916402579844,379.31215983644114,375.3666994576997,378.8983459472656,93055800,0.96,0.21,1.05,2.56,-2.9499999999999997,298.9571102988408,300.9615338726046,296.74632519208114,300.6372985839844,56359500,0.35000000000000003,-0.21,1.41,5.42,1.7500000000000002,303.38916698249795,306.6384547679859,303.38916698249795,306.2109069824219,4695000,1.1900000000000002,0.26,1.0699999999999998,1.3599999999999999,-4.47,24.149999618530273,-5.33,1
2023-03-21,382.26637985609574,384.3545965453815,380.6689485650316,383.8734436035156,91524200,1.31,0.89,0.97,2.22,0.33999999999999997,302.5729571040387,305.383096151372,301.05978916317935,304.9311218261719,49757000,1.43,0.64,1.44,4.52,5.71,309.1752051563189,309.574222724544,307.19902150459063,309.3652038574219,3527300,1.03,0.97,0.7799999999999999,1.3299999999999998,-1.44,21.3799991607666,-11.469999999999999,1
2023-03-22,383.7002319906284,387.3184821097673,377.2912713410689,377.3297424316406,111746600,-1.7000000000000002,-0.05,2.6100000000000003,1.11,-1.24,304.8623321401105,309.75554713715763,300.61764766949733,300.78466796875,75791900,-1.3599999999999999,-0.02,3.0,2.56,4.2,309.39359485037244,311.2082514150068,304.0826502945738,304.1966552734375,4378700,-1.67,0.01,2.3,0.47000000000000003,-2.87,22.260000228881836,4.12,-1
2023-03-23,380.1974338773298,384.239130397535,375.6361133164018,378.3498229980469,119351300,0.27,0.76,2.2800000000000002,-0.36,-1.49,304.51849073355623,308.67474787206635,301.6592048377737,304.3514404296875,74576000,1.1900000000000002,1.24,2.33,1.11,4.52,305.2893827493029,308.79518244044687,302.6006674412422,304.8238525390625,4772600,0.21,0.36,2.04,-0.48,-3.01,22.610000610351562,1.5699999999999998,1
2023-03-24,377.06996076940004,380.9191845780308,374.7219318967555,380.83258056640625,107682400,0.66,-0.33999999999999997,1.6400000000000001,1.48,0.22,303.9288833597356,305.5697602157278,301.6001947767827,305.4715270996094,57195200,0.37,-0.13999999999999999,1.3,1.97,6.69,303.50310260540607,306.3628240192468,302.0399711182809,306.2298278808594,4484900,0.45999999999999996,-0.43,1.4200000000000002,1.2,-1.51,21.739999771118164,-3.85,1
2023-03-27,383.11321049277444,383.8830728135966,380.64970980063305,381.5446472167969,74010400,0.19,0.6,0.8500000000000001,0.7000000000000001,0.06999999999999999,306.169129633849,307.24996373111605,302.5237996194043,303.3786315917969,50287400,-0.69,0.22999999999999998,1.55,0.91,5.2,308.3865046739991,309.31759363553704,307.1608931928802,308.1204833984375,3550900,0.62,0.7000000000000001,0.7000000000000001,0.62,-1.18,20.600000381469727,-5.24,1
2023-03-28,380.8518079845922,381.54466943004763,378.8502245684134,380.688232421875,62871700,-0.22,-0.18,0.7100000000000001,-0.83,0.21,302.79902135948436,302.8284973000927,299.4582548334839,301.7673034667969,48585900,-0.53,-0.19,1.11,-1.04,4.78,307.8166069160808,309.39374420470233,306.72402001568315,307.6455993652344,2536500,-0.15,-0.1,0.8699999999999999,-0.5599999999999999,-0.58,19.969999313354492,-3.06,-1
2023-03-29,384.8550092196648,386.46207306808367,383.6521267894026,386.22149658203125,77497900,1.4500000000000002,1.09,0.74,2.36,2.06,305.4617563282987,307.8887085257983,304.646205395257,307.2696838378906,53274300,1.82,1.22,1.0699999999999998,2.16,7.5600000000000005,310.27724861171913,310.83782157040946,309.0516657543776,310.7522888183594,2531700,1.01,0.86,0.58,2.16,0.29,19.1200008392334,-4.26,1
2023-03-30,388.85819419263817,389.10840312839423,386.6160343292529,388.48291015625,69840000,0.59,0.6799999999999999,0.65,2.68,1.87,309.74576681536263,310.8069606106633,307.3581257544808,310.1781005859375,58354800,0.95,0.8099999999999999,1.1199999999999999,1.91,7.68,312.46251545860014,312.52902805985633,310.4103378629966,312.0824890136719,2487000,0.43,0.5499999999999999,0.6799999999999999,2.3800000000000003,-0.33,19.020000457763672,-0.52,1
2023-03-31,389.40671748046964,394.2567475446969,389.30084855820127,393.95843505859375,112062600,1.41,0.24,1.28,3.45,1.67,310.4040515378781,315.57238531475065,310.0994568842144,315.3365478515625,62138100,1.66,0.06999999999999999,1.76,3.2300000000000004,7.26,313.1370347751126,316.19629520603155,313.06104109102216,316.0157775878906,2837300,1.26,0.33999999999999997,1.0,3.2,-0.21,18.700000762939453,-1.68,1
2023-04-03,393.4387769608017,395.86377728046097,393.04422801384897,395.4596252441406,67391100,0.38,-0.13,0.72,3.65,1.9900000000000002,313.21411571655545,314.83538169382143,311.8876689870604,314.570068359375,47126800,-0.24,-0.67,0.9299999999999999,3.6900000000000004,6.87,316.9373165275445,319.46453386582607,316.86132285312266,319.1415100097656,3450700,0.9900000000000001,0.29,0.8200000000000001,3.58,0.63,18.549999237060547,-0.8,1
2023-04-04,396.10444095509297,396.3931504118375,391.88953544499236,393.2656555175781,66601500,-0.5499999999999999,0.16,1.1400000000000001,3.3000000000000003,3.0,315.01233543509,316.0243825803943,312.2905939967629,313.5090026855469,45875400,-0.33999999999999997,0.13999999999999999,1.1900000000000002,3.8899999999999997,7.84,319.1414958870066,319.4740298104616,316.02523347886074,317.26983642578125,2449900,-0.59,-0.0,1.08,3.1300000000000003,1.81,19.0,2.4299999999999997,-1
2023-04-05,392.5341828254698,393.29441266985214,390.5807031245207,392.2358703613281,65200200,-0.26,-0.19,0.69,1.5599999999999998,2.5700000000000003,312.5559079537238,313.4991679194973,308.5961471761474,310.4139099121094,62795700,-0.9900000000000001,-0.3,1.5599999999999998,1.02,6.239999999999999,317.32685362700886,318.7044818047873,317.0988436091184,318.1059265136719,2566600,0.26,0.02,0.51,2.37,2.1999999999999997,19.079999923706055,0.42,-1
2023-04-06,391.43713711455257,394.04500709302937,390.38822726994033,393.76593017578125,63743300,0.38999999999999996,-0.2,0.9299999999999999,1.3599999999999999,4.9,308.7631205247058,312.99799939754666,307.36788641047167,312.5067138671875,46916500,0.67,-0.53,1.81,0.75,8.84,317.6593217339535,318.5713906106506,316.6427289579496,318.1818542480469,2333300,0.02,-0.13999999999999999,0.61,1.95,3.93,18.399999618530273,-3.56,1
2023-04-10,391.28318728502614,394.2471058980047,390.66732678096605,394.17010498046875,63681000,0.1,-0.63,0.91,0.05,6.550000000000001,309.57870772010875,312.3790415697629,307.7904209826378,312.32989501953125,45134700,-0.06,-0.9400000000000001,1.47,-0.95,10.33,317.32675492202236,319.18890380859375,316.78520230383043,319.18890380859375,2834200,0.32,-0.27,0.76,1.0,5.36,18.969999313354492,3.1,1
2023-04-11,394.7956544202573,395.6809594619992,393.5061679518089,394.2760009765625,59297900,0.03,0.16,0.5499999999999999,-0.3,6.7299999999999995,312.29058179328797,312.34956365032986,309.81451323953195,310.325439453125,40113600,-0.64,-0.01,0.8099999999999999,-1.35,8.82,319.52157877275766,321.0037020709706,319.23656621316155,320.0821228027344,2343100,0.27999999999999997,0.1,0.5499999999999999,0.29,5.949999999999999,19.100000381469727,0.69,1
2023-04-12,396.3449304189456,396.63363981226826,392.0819222861502,392.6689147949219,86420400,-0.41000000000000003,0.52,1.15,-0.15,4.5600000000000005,312.2808267120628,312.8703755060977,307.122327239228,307.5841369628906,62813300,-0.88,0.63,1.8499999999999999,-1.8900000000000001,5.43,321.7067098695649,322.08676522434706,319.18900261197393,319.8065490722656,3363800,-0.09,0.51,0.91,0.8,4.75,19.09000015258789,-0.05,-1
2023-04-13,393.75631259262076,398.2406615136449,392.6111662470231,397.8846130371094,85814800,1.3299999999999998,0.27999999999999997,1.43,1.44,6.619999999999999,309.3428236023274,314.0788231546302,308.1637563599467,313.6072082519531,54613800,1.96,0.5700000000000001,1.92,1.03,6.94,320.243621868304,323.57838450708107,319.2935414253405,323.3788757324219,3040900,1.1199999999999999,0.13999999999999999,1.34,1.66,6.800000000000001,17.799999237060547,-6.76,1
2023-04-14,397.24953269593004,399.44358917464797,394.6031912280039,396.9127197265625,78161500,-0.24,-0.16,1.22,0.8,4.53,312.05483051549567,314.7765423520093,310.10932845345945,313.01776123046875,56278300,-0.19,-0.5,1.49,0.16,3.9899999999999998,322.97032614865066,323.83490277228174,320.47161011442665,321.92523193359375,3107900,-0.44999999999999996,-0.13,1.04,1.18,5.1,17.06999969482422,-4.1000000000000005,-1
2023-04-17,396.8260563212096,398.3561190896004,395.5943060151768,398.3368835449219,66436400,0.36,-0.02,0.7000000000000001,1.06,6.140000000000001,312.60504344461145,313.6367612691698,310.53183245876653,313.28302001953125,43007000,0.08,-0.13,0.9900000000000001,0.31,4.58,322.1913036799463,322.96086658729035,321.117708045362,322.9513854980469,2226400,0.32,0.08,0.5700000000000001,1.18,6.7299999999999995,16.950000762939453,-0.7000000000000001,1
2023-04-18,399.9150645614992,400.04980148093387,397.220619845255,398.5967102050781,63560000,0.06999999999999999,0.4,0.7100000000000001,1.0999999999999999,5.2,315.39549358382044,315.81802195370216,312.1039043269435,313.3026123046875,46746900,0.01,0.67,1.1900000000000002,0.96,4.21,322.9704275556849,323.23644898539345,321.03225485685925,322.83740234375,2191100,-0.04,0.01,0.6799999999999999,0.86,5.43,16.829999923706055,-0.7100000000000001,1
2023-04-19,396.68174813685937,399.43392897608123,396.62401213094887,398.5293884277344,55227300,-0.02,-0.48,0.7000000000000001,1.49,3.82,310.89534126848116,314.2164365542462,310.76760222122994,313.1552429199219,38960100,-0.05,-0.77,1.0999999999999999,1.81,2.7,322.1817540336139,322.6758144032494,321.30769629282577,322.0677490234375,2854700,-0.24,-0.2,0.42,0.7100000000000001,4.109999999999999,16.459999084472656,-2.1999999999999997,-1
2023-04-20,395.7098258250606,398.10598763661955,394.80525587274064,396.3545837402344,75840400,-0.5499999999999999,-0.7100000000000001,0.83,-0.38,5.04,310.18783432889876,313.70542523513507,309.4803820255731,310.7675476074219,62462100,-0.76,-0.95,1.35,-0.91,3.32,320.58562103435185,321.9347479539756,320.0345871621495,321.0796813964844,2179300,-0.31,-0.45999999999999996,0.59,-0.7100000000000001,5.55,17.170000076293945,4.31,-1
2023-04-21,396.65290416377644,397.1244246963598,394.7090566567866,396.66253662109375,73457400,0.08,0.08,0.61,-0.06,4.84,310.4040151510289,311.8680363783544,308.62556400010556,311.091796875,59002300,0.1,-0.12,1.04,-0.62,2.21,321.5492901546699,321.8534594684251,320.17091144472556,321.40667724609375,2470100,0.1,0.15,0.52,-0.16,5.4399999999999995,16.770000457763672,-2.33,1
2023-04-24,396.4604040641478,397.4997108968018,395.1228141148149,397.0762939453125,64332100,0.1,-0.05,0.6,-0.32,4.2700000000000005,310.86585776277883,312.2021401015281,308.2718555959959,310.443359375,44043100,-0.21,-0.06999999999999999,1.26,-0.91,1.63,321.21657683689324,322.1671748462913,320.551146626335,322.01507568359375,2288800,0.19,-0.06,0.5,-0.29,5.1499999999999995,16.889999389648438,0.72,1
2023-04-25,395.103539346267,395.661693208056,390.7154268377835,390.7731628417969,97766700,-1.59,-0.5,1.25,-1.96,2.42,308.81235502938426,309.4804963444167,304.48904712793683,304.5872802734375,57121600,-1.8900000000000001,-0.53,1.6099999999999999,-2.78,0.4,321.4637313577673,321.94851660034533,318.6404541994323,318.7640075683594,2745300,-1.01,-0.16999999999999998,1.03,-1.26,3.45,18.760000228881836,11.07,-1
2023-04-26,391.38903804302885,392.46681590055556,388.55985648339924,389.11798095703125,80447000,-0.42,0.16,1.0,-2.36,2.21,307.97712275751604,309.4509795739338,305.9137172173924,306.4344787597656,55400500,0.61,1.11,1.16,-2.15,1.55,319.02057330151507,319.83807334590347,315.8930989478819,316.5014953613281,3588400,-0.7100000000000001,0.08,1.24,-1.73,2.88,18.84000015258789,0.43,-1
2023-04-27,391.65851488224934,397.1340379925136,391.4083059420538,396.8645935058594,92968400,1.9900000000000002,0.65,1.47,0.13,2.76,310.1977129113469,315.2677534758937,309.5590176982264,314.76666259765625,65430400,2.7199999999999998,1.23,1.8599999999999999,1.29,2.44,317.6707959332277,321.85342084744155,317.33808086972243,321.4922180175781,3066600,1.58,0.37,1.43,0.13,3.46,17.030000686645508,-9.610000000000001,1
2023-04-28,395.97922128699645,400.2614940281978,395.9214852858909,400.2518615722656,89433100,0.8500000000000001,-0.22,1.09,0.8999999999999999,3.0300000000000002,314.5307993238096,317.0265381463464,313.4008486317639,316.9381103515625,59712600,0.69,-0.06999999999999999,1.15,1.8800000000000001,2.18,320.53214125107974,324.19194934519436,320.4751076919984,324.18243408203125,3651100,0.84,-0.3,1.16,0.86,3.88,15.779999732971191,-7.340000000000001,1
2023-05-01,399.8092778572073,401.8782298985706,399.6168049089298,399.8477783203125,62122300,-0.1,-0.11,0.5700000000000001,0.7000000000000001,1.49,316.47635236195066,317.9895203971101,315.4937811676875,316.5746154785156,41013400,-0.11,-0.15,0.79,1.97,0.38999999999999996,324.24893332910375,325.66531484631855,323.4504346141001,323.54547119140625,2296200,-0.2,0.02,0.6799999999999999,0.48,2.3800000000000003,16.079999923706055,1.9,-1
2023-05-02,399.13564578414,399.1837787040956,392.4476367591756,395.3537902832031,103998500,-1.1199999999999999,-0.18,1.68,1.17,-0.03,316.5058341595277,316.83009945162763,312.07442839591636,313.8135986328125,56519400,-0.8699999999999999,-0.02,1.5,3.0300000000000002,-0.24,323.14627854206975,323.2033120998797,317.79440729129476,320.2279357910156,3275800,-1.03,-0.12,1.67,0.45999999999999996,0.33999999999999997,17.780000686645508,10.57,-1
2023-05-03,395.85420490253955,398.2696024994155,392.3995296872918,392.6401062011719,91531800,-0.69,0.13,1.48,0.91,-0.16,314.17712640782753,316.8497211454234,311.65191134615395,311.760009765625,59882100,-0.65,0.12,1.66,1.7399999999999998,-0.5599999999999999,320.4751646298499,321.473281101055,317.4332388919663,317.6043395996094,3924100,-0.8200000000000001,0.08,1.26,0.35000000000000003,0.11,18.34000015258789,3.15,-1
2023-05-04,391.5911170748567,391.9182975436162,388.5213590280541,389.8589782714844,94901900,-0.7100000000000001,-0.27,0.8699999999999999,-1.77,-0.61,311.5339574567819,312.68357871530185,309.6277673265198,310.65948486328125,50224500,-0.35000000000000003,-0.06999999999999999,0.98,-1.3,0.08,316.81537860169306,317.1100617337478,313.09853602163315,314.9617004394531,3576800,-0.83,-0.25,1.26,-2.03,-0.9900000000000001,20.09000015258789,9.54,-1
2023-05-05,393.4965147709688,398.12520386737816,393.23670274642825,397.0762939453125,87891800,1.8499999999999999,0.9299999999999999,1.25,-0.79,0.84,312.91947297286674,318.1172833774698,310.6988523113847,317.262451171875,51806100,2.13,0.73,2.39,0.1,1.52,317.7468706057042,320.8267985889755,317.4426723083586,320.0948486328125,3542700,1.63,0.88,1.0699999999999998,-1.26,0.6,17.190000534057617,-14.44,1
2023-05-08,397.4035614398472,397.6633735212712,395.7772617399376,397.1822204589844,50046800,0.03,0.08,0.47000000000000003,-0.67,0.76,316.8005769349855,318.3923372674187,315.7197427630588,318.0484313964844,36465800,0.25,-0.15,0.84,0.47000000000000003,1.83,320.5132178616202,320.7223506325455,318.53595729833506,319.6101379394531,1789900,-0.15,0.13,0.6799999999999999,-1.22,0.13,16.979999542236328,-1.22,1
2023-05-09,395.6328415851866,396.55664705489033,395.20942462672946,395.44036865234375,49220100,-0.44,-0.38999999999999996,0.33999999999999997,0.02,0.3,316.3879214383984,317.2525888785496,315.7197802294426,316.0342102050781,31768800,-0.63,-0.52,0.48,0.7100000000000001,1.8399999999999999,318.840141107051,320.0473903599131,318.59297629545944,319.1823425292969,1924900,-0.13,-0.24,0.45999999999999996,-0.33,-0.27999999999999997,17.709999084472656,4.3,-1
2023-05-10,398.2791682813285,398.9142936957152,393.45800635276555,397.2879943847656,96142900,0.47000000000000003,0.72,1.38,1.18,1.18,318.4709942009923,320.32806828839847,315.99492540347956,319.4732360839844,60446600,1.09,0.77,1.37,2.4699999999999998,3.8699999999999997,320.73172211026616,321.1595027645126,316.06428299170113,318.91607666015625,3365500,-0.08,0.49,1.6,0.41000000000000003,-0.27999999999999997,16.940000534057617,-4.35,1
2023-05-11,396.42191528238436,396.8838033054011,394.5165390857067,396.5951232910156,70157100,-0.16999999999999998,-0.22,0.6,1.73,-0.32,320.0234543863166,321.0551421602665,318.470975085948,320.5147399902344,44278500,0.33,0.16999999999999998,0.8099999999999999,3.17,2.1999999999999997,317.25257215356226,317.3761545370693,315.0947251037017,316.8628234863281,2744700,-0.64,-0.52,0.72,0.6,-2.01,16.93000030517578,-0.06,-1
2023-05-12,397.8365061605119,398.04821462684833,393.65046974768575,396.0754699707031,70481500,-0.13,0.31,1.11,-0.25,-0.21,321.0453006415859,321.4678290419078,317.3115421183243,319.3651123046875,48432800,-0.36,0.16999999999999998,1.3,0.66,2.03,317.89898850583427,317.92750528477086,314.94261370965137,316.7392578125,2636400,-0.04,0.33,0.9400000000000001,-1.05,-1.6099999999999999,17.030000686645508,0.59,-1
2023-05-15,396.6818170861844,397.846199230762,394.76683736705866,397.4420471191406,54289400,0.35000000000000003,0.15,0.7799999999999999,0.06999999999999999,-0.22,319.83670116748294,321.330198317674,318.31369810053747,321.0943908691406,33375600,0.54,0.15,0.9400000000000001,0.96,2.4899999999999998,317.0339311546329,317.7468796161591,315.46542133131766,317.28106689453125,2171000,0.16999999999999998,0.09,0.72,-0.73,-1.76,17.1200008392334,0.53,1
2023-05-16,396.3353704795069,397.259205466478,394.77643931896347,394.78607177734375,57705500,-0.67,-0.27999999999999997,0.62,-0.16999999999999998,-0.96,320.3771430453496,323.16764148062344,320.33783180381295,321.4579772949219,40019200,0.11,-0.22,0.88,1.72,2.6,316.2734264677506,316.6156568048015,313.9634804799559,314.030029296875,2265200,-1.02,-0.32,0.84,-1.6099999999999999,-2.73,17.989999771118164,5.08,-1
2023-05-17,396.80683197926186,400.1845056184392,395.16129716185526,399.5782775878906,87287000,1.21,0.51,1.27,0.58,0.26,322.51918892551805,325.9287124831827,321.34012137518226,325.3489990234375,47486100,1.21,0.33,1.43,1.8399999999999999,3.8899999999999997,315.73157999709736,318.6118902872901,314.54333269899894,318.07952880859375,3068800,1.29,0.54,1.3,-0.26,-1.24,16.8700008392334,-6.23,1
2023-05-18,399.26074988190857,403.850968255046,399.03943829896787,403.42755126953125,97177200,0.96,-0.08,1.2,1.72,1.78,325.7419701540816,331.6079209983727,325.72232952633465,331.3917541503906,64213500,1.8599999999999999,0.12,1.81,3.39,6.64,317.40468203258774,319.81920919430706,316.31150008073,319.4579772949219,3553500,0.43,-0.21,1.0999999999999999,0.8200000000000001,-0.51,16.049999237060547,-4.859999999999999,1
2023-05-19,404.3321069908471,404.86136352045077,401.6183971431854,402.84051513671875,103793300,-0.15,0.22,0.8,1.71,1.5599999999999998,331.6078588319337,332.3153111121863,329.583765082872,330.64495849609375,61554900,-0.22999999999999998,0.06999999999999999,0.8200000000000001,3.53,6.29,320.0543856767375,320.52120700881324,317.44411685447386,318.3681945800781,3706700,-0.33999999999999997,0.19,0.96,0.51,-0.95,16.809999465942383,4.74,-1
2023-05-22,402.85981035962357,404.54384591155565,401.61842735851235,403.004150390625,60745400,0.04,0.0,0.73,1.4000000000000001,1.49,330.38955227178974,332.76738767069196,330.37971696477655,331.7553405761719,43015900,0.33999999999999997,-0.08,0.72,3.32,6.87,318.3014628377869,319.2826974928884,316.30087914185196,317.13922119140625,2555100,-0.38999999999999996,-0.02,0.9400000000000001,-0.04,-1.51,17.209999084472656,2.3800000000000003,1
2023-05-23,401.358516825221,402.93671253841774,398.0866827611539,398.4812316894531,86383500,-1.1199999999999999,-0.41000000000000003,1.2,0.9400000000000001,1.97,330.0358914741905,331.1854831140824,327.19624599717673,327.5499572753906,48216700,-1.27,-0.52,1.2,1.9,7.539999999999999,316.05309695752874,317.32965223856235,314.4526131210446,314.95751953125,2526200,-0.69,-0.33999999999999997,0.91,0.3,-1.1900000000000002,18.530000686645508,7.670000000000001,-1
2023-05-24,396.8742743622671,397.25919090910776,394.4300087705914,395.5943908691406,89213700,-0.72,-0.4,0.7100000000000001,-1.0,1.66,325.59457124075004,327.107739087204,323.81611999977775,325.86968994140625,62891200,-0.51,-0.6,1.0,0.16,6.34,314.37645837938743,314.6050865003827,311.97577589068095,312.4806823730469,2978300,-0.79,-0.18,0.83,-1.76,-1.27,20.030000686645508,8.09,-1
2023-05-25,399.1067761340057,400.4732635587891,396.8646161031706,399.0201721191406,90961600,0.8699999999999999,0.89,0.91,-1.09,0.54,333.22919419234955,335.0665974450739,330.8022422525077,333.799072265625,66862800,2.4299999999999997,2.26,1.31,0.73,6.05,312.5378891515832,313.1666456571547,310.3944129578082,312.2330322265625,3499900,-0.08,0.02,0.89,-2.26,-2.88,19.139999389648438,-4.44,1
2023-05-26,399.6744966018046,404.90944304818487,399.5975250513779,404.1877136230469,93830000,1.3,0.16,1.3299999999999998,0.33,0.98,334.82096116751046,343.1629807974881,334.722698053465,342.3277893066406,63007000,2.56,0.31,2.53,3.53,8.01,312.595067781169,315.9198284480873,312.39501812963823,315.1767578125,3580000,0.9400000000000001,0.12,1.13,-1.0,-2.78,17.950000762939453,-6.22,1
2023-05-30,406.1220384996148,406.651295102881,402.95604323669613,404.3417663574219,72216000,0.04,0.48,0.91,0.33,1.1199999999999999,346.56261821624497,347.7613560675024,342.4554785237535,343.8802185058594,72652200,0.44999999999999996,1.24,1.55,3.65,8.63,314.995676093886,315.6339683562692,313.34759994858985,314.871826171875,3474500,-0.1,-0.06,0.73,-0.7100000000000001,-2.68,17.459999084472656,-2.73,1
2023-05-31,402.513393949465,403.41796403198254,400.5310457347356,402.099609375,110811800,-0.5499999999999999,-0.44999999999999996,0.7100000000000001,0.91,1.71,342.2982780436562,344.4894223193903,340.47071025093595,341.9248962402344,65105400,-0.5700000000000001,-0.45999999999999996,1.17,4.390000000000001,8.959999999999999,313.8525561406198,314.5384696788474,312.18540800616796,313.9192199707031,3067600,-0.3,-0.32,0.75,-0.33,-1.97,17.940000534057617,2.75,-1
2023-06-01,402.3304796935779,406.9784337458306,401.0794937409788,405.9198913574219,88865000,0.95,0.06,1.47,2.6100000000000003,3.38,341.6694746335876,347.20132498528426,340.6181163131397,345.8748779296875,50488600,1.16,-0.06999999999999999,1.9300000000000002,6.140000000000001,10.94,313.3380821778633,316.2627430167927,311.823362656908,315.27197265625,3081300,0.43,-0.19,1.41,0.89,-0.73,15.649999618530273,-12.76,1
2023-06-02,408.4989090066005,412.5790771690053,407.96965243794403,411.7900085449219,91426200,1.4500000000000002,0.64,1.1400000000000001,3.2,5.63,347.6336805484104,349.62829889635873,345.8748996800786,348.4688720703125,53372100,0.75,0.51,1.09,4.390000000000001,12.17,317.4631079038219,322.4740882685294,317.3392579597882,322.064453125,5584700,2.15,0.69,1.63,3.15,2.26,14.600000381469727,-6.710000000000001,1
2023-06-05,412.13636840253633,413.4258547804784,410.298360615152,411.0008544921875,65460200,-0.19,0.08,0.76,1.69,3.51,348.2526679224413,351.26916839727164,347.6827898779061,348.7144775390625,47266200,0.06999999999999999,-0.06,1.03,1.87,9.91,322.19778983931104,322.45502557562946,320.0543137580175,320.2162780761719,3415600,-0.5700000000000001,0.04,0.75,1.6,0.04,14.729999542236328,0.89,-1
2023-06-06,410.58706057707866,412.4250389550156,409.9326702630217,411.8957824707031,64022200,0.22,-0.1,0.61,1.87,3.6999999999999997,348.10528017352283,349.6184480290235,346.7788032216218,348.655517578125,41390400,-0.02,-0.16999999999999998,0.8099999999999999,1.39,9.62,320.12100873040583,320.7973863800658,318.63486763024173,320.25439453125,2824900,0.01,-0.03,0.6799999999999999,1.71,0.2,13.960000038146973,-5.2299999999999995,1
2023-06-07,412.2903604628489,413.4258744271593,410.0481711705742,410.4715881347656,85373300,-0.35000000000000003,0.1,0.8200000000000001,2.08,3.8,348.9404690538599,350.89577588867536,342.11158811981494,342.7404479980469,69225900,-1.7000000000000002,0.08,2.52,0.24,8.450000000000001,320.60685332781776,321.5404375865426,320.0257180591441,321.20703125,2739000,0.3,0.11,0.47000000000000003,2.32,0.63,13.9399995803833,-0.13999999999999999,-1
2023-06-08,410.53897877639116,413.40666121291997,409.7691457275,412.9543762207031,61952800,0.6,0.02,0.89,1.73,3.94,343.03523458791426,347.4568047564389,342.809262414588,346.9949951171875,47153900,1.24,0.09,1.3599999999999999,0.32,8.61,321.2641645912652,323.19805493526115,320.80687928600344,322.76934814453125,2700300,0.49,0.02,0.74,2.3800000000000003,1.21,13.649999618530273,-2.08,1
2023-06-09,413.75310954996445,415.7065896969759,412.7041994579485,413.69537353515625,85742800,0.18,0.19,0.73,0.45999999999999996,4.31,348.4492112149935,351.4264005957321,346.87709138014355,348.32147216796875,53196900,0.38,0.42,1.31,-0.04,8.68,322.54076928548517,324.15076035307413,322.30260527043066,323.2076110839844,3162300,0.13999999999999999,-0.06999999999999999,0.5700000000000001,0.35000000000000003,2.0,13.829999923706055,1.32,1
2023-06-12,414.6769171108834,417.5253346663892,413.9551876062376,417.4483337402344,76104300,0.91,0.24,0.86,1.5699999999999998,5.4,349.98198769312216,354.3052943529786,349.00925194071897,354.20703125,44606500,1.69,0.48,1.52,1.58,10.91,323.65528868385894,325.1414294817805,323.1694539705668,325.0176086425781,2035500,0.5599999999999999,0.13999999999999999,0.61,1.5,2.6100000000000003,15.010000228881836,8.53,1
2023-06-13,418.9110140981565,420.8452289997208,418.2470206735575,420.20050048828125,95899700,0.66,0.35000000000000003,0.62,2.02,5.7299999999999995,356.9582479049561,357.76393338304973,353.75505666181834,356.92877197265625,57097800,0.77,0.7799999999999999,1.13,2.37,11.16,325.56064490339196,327.3611786583094,325.4272881841869,326.39898681640625,3259300,0.43,0.16999999999999998,0.6,1.92,2.87,14.609999656677246,-2.6599999999999997,1
2023-06-14,420.53735216092747,422.5100677032549,417.2462527373111,420.700927734375,100612100,0.12,0.08,1.25,2.4899999999999998,6.5600000000000005,356.93862957320954,359.8077506752878,354.1383256374959,359.5227966308594,69525600,0.73,0.0,1.59,4.9,11.84,325.2272696894743,325.8464903204179,322.32165123234523,324.3031921386719,3766000,-0.64,-0.36,1.08,0.96,3.27,13.880000114440918,-5.0,1
2023-06-15,419.8829487810575,427.1676119841462,419.7867416783568,425.9166259765625,110303100,1.24,-0.19,1.7500000000000002,3.1399999999999997,6.59,358.2552123333636,365.29042457474895,357.636217766432,363.8067626953125,71138800,1.1900000000000002,-0.35000000000000003,2.13,4.84,11.82,324.2365114008254,329.21888422724516,324.07454707083764,328.4472351074219,4722500,1.28,-0.02,1.59,1.76,3.26,14.5,4.47,1
2023-06-16,427.904413934663,428.474279953013,423.9926092848296,424.46588134765625,114165800,-0.33999999999999997,0.47000000000000003,1.05,2.6,5.21,366.2239501258424,366.35168918348165,361.0752864749284,361.5174255371094,80932000,-0.63,0.66,1.4500000000000002,3.7900000000000005,9.09,329.741935265548,330.1047658526463,327.23079328063517,327.4504089355469,5576800,-0.3,0.38999999999999996,0.88,1.31,2.5,13.539999961853027,-6.619999999999999,-1
2023-06-20,422.52444796434224,423.41304154167295,420.1870041214196,422.2636413574219,76160400,-0.52,-0.45999999999999996,0.76,1.15,4.82,360.0652033270036,362.3970867681533,358.0383324018878,360.9999084472656,49204700,-0.13999999999999999,-0.4,1.21,1.92,9.180000000000001,325.8750309868968,326.17101829315436,323.678990494338,325.072998046875,3387200,-0.73,-0.48,0.76,0.02,2.11,13.880000114440918,2.5100000000000002,-1
2023-06-21,421.2784119248558,422.08007971224396,419.510834231047,420.10003662109375,76982300,-0.51,-0.22999999999999998,0.61,-0.02,4.24,359.8584755456989,360.291402247806,355.15534457900924,356.0802307128906,53378300,-1.3599999999999999,-0.32,1.4200000000000002,-0.24,7.33,324.27089283321806,325.50259953081684,323.37337373739734,324.0894775390625,3050700,-0.3,-0.25,0.65,-0.7100000000000001,2.19,13.199999809265137,-4.9,-1
2023-06-22,419.1438339963334,421.722718296799,418.80576994281824,421.6164855957031,70637200,0.36,-0.22999999999999998,0.69,0.22,5.81,354.8306667482636,360.438986288893,354.4272564085089,360.2815856933594,47603000,1.18,-0.35000000000000003,1.69,0.21,9.99,323.6216543308482,324.5669020888941,322.9532790819561,324.0035705566406,2605500,-0.03,-0.13999999999999999,0.5,-0.09,2.87,12.90999984741211,-2.1999999999999997,1
2023-06-23,418.1586317913709,420.21596194306784,417.71433502111864,418.4290771484375,92074500,-0.76,-0.8200000000000001,0.59,-1.76,5.7700000000000005,356.38528138026277,359.01235823948906,355.01764962720034,356.7099914550781,48922900,-0.9900000000000001,-1.08,1.11,-1.95,9.46,321.8838577466386,322.90550609240637,321.02453907214675,321.92205810546875,3721600,-0.64,-0.65,0.58,-1.9900000000000002,3.02,13.4399995803833,4.109999999999999,-1
2023-06-26,417.8592143297431,419.78130707914215,416.47801229853,416.719482421875,72823600,-0.41000000000000003,-0.13999999999999999,0.79,-1.82,4.44,356.17866827388485,358.9729945543616,351.8395819991526,351.9281311035156,52685500,-1.34,-0.15,2.0,-2.65,5.43,321.578416724759,322.80056635591916,320.7668555220059,321.903076171875,2301900,-0.01,-0.11,0.63,-1.69,3.1,14.25,6.03,-1
2023-06-27,417.59844581995696,421.9062646558956,417.1444807996532,421.2881164550781,72813700,1.0999999999999999,0.21,1.1400000000000001,-0.22999999999999998,4.2299999999999995,353.47285182722567,358.7073073891835,352.74476147658174,357.97918701171875,49428100,1.72,0.44,1.69,-0.84,4.569999999999999,321.8648806028671,324.2996225241432,321.8648806028671,323.89862060546875,1778800,0.62,-0.01,0.76,-0.36,2.77,13.739999771118164,-3.58,1
2023-06-28,420.20627410375766,422.5147425065915,419.5881259491554,421.5005798339844,75636000,0.05,-0.26,0.69,0.33,4.24,356.15899579339106,360.62596625050804,356.0802654616045,358.6778259277344,46498000,0.2,-0.51,1.27,0.73,4.3,323.4211394130722,323.62164032372556,322.1798753100462,323.3256530761719,2305000,-0.18,-0.15,0.44999999999999996,-0.24,2.68,13.430000305175781,-2.26,1
2023-06-29,421.0852281845511,423.32607787868903,420.67957490667465,423.161865234375,67882300,0.38999999999999996,-0.1,0.63,0.37,5.24,358.38264216689817,359.0222135298197,356.3164363159426,357.9595642089844,46151000,-0.2,-0.08,0.75,-0.64,4.6899999999999995,323.11561880873927,325.9609486851742,322.82915977674475,325.7413330078125,2902700,0.75,-0.06,0.97,0.54,3.7699999999999996,13.539999961853027,0.8200000000000001,1
2023-06-30,426.3783313417032,429.14073568910436,426.05957423925753,428.1555480957031,104964000,1.18,0.76,0.73,2.32,5.48,361.63944672812863,364.53217123255274,361.32461544214715,363.4794006347656,58712500,1.54,1.03,0.8999999999999999,1.9,5.09,327.7082824405926,329.0068036867898,327.26908015300774,328.309814453125,3027500,0.79,0.6,0.53,1.9800000000000002,4.14,13.59000015258789,0.37,1
2023-07-03,427.8078209721531,428.92821645735074,427.5277073626863,428.64813232421875,32793400,0.12,-0.08,0.33,2.86,4.09,364.1188942951923,364.96505018225037,363.0365774410757,364.3353576660156,19432900,0.24,0.18,0.53,3.53,4.55,327.49815743263156,328.9590081063747,327.2880991398817,328.5198059082031,1698400,0.06,-0.25,0.51,2.06,2.0,13.569999694824219,-0.15,1
2023-07-05,426.83224475721846,428.7446987114959,426.8225765200303,428.0106201171875,58418400,-0.15,-0.42,0.44999999999999996,1.6,4.14,362.7709217894503,366.0276910481875,362.73155662470873,364.32550048828125,34460900,-0.0,-0.43,0.8999999999999999,1.77,4.4799999999999995,326.90627417149534,328.20479551581064,326.78214480862886,327.31683349609375,2717000,-0.37,-0.49,0.43,1.06,2.22,14.180000305175781,4.5,-1
2023-07-06,424.42725571135543,425.0840474287703,422.1477622241082,424.6590576171875,80658300,-0.7799999999999999,-0.84,0.69,0.75,3.1,360.6161373160052,361.99361781521185,358.6581182234109,361.55084228515625,49374700,-0.76,-1.02,0.9199999999999999,0.8,3.6999999999999997,324.8629541687976,325.46448618515535,322.43776962503387,323.89862060546875,3742400,-1.04,-0.75,0.9199999999999999,0.18,1.1400000000000001,15.4399995803833,8.89,-1
2023-07-07,423.6642315383372,427.53742235269715,423.3454744191098,423.5869445800781,86134200,-0.25,-0.22999999999999998,0.9900000000000001,0.1,3.2,361.32456403843355,364.5223006013329,360.1241817275953,360.3504638671875,47133700,-0.33,-0.06,1.22,0.67,5.140000000000001,322.6955346393645,325.01570442617617,321.9507877026715,322.179931640625,2852200,-0.53,-0.37,0.95,-1.09,0.3,14.829999923706055,-3.95,-1
2023-07-10,423.2295437531058,424.83290904656155,422.659677750378,424.6590576171875,62443500,0.25,-0.08,0.51,-0.8200000000000001,2.83,360.0749747976582,361.14744286263704,357.565993456182,360.4685363769531,48498800,0.03,-0.08,0.9900000000000001,-0.83,3.88,322.1511981284924,324.29950935819414,321.9316116291023,324.232666015625,2560200,0.64,-0.01,0.73,-1.24,0.44999999999999996,15.069999694824219,1.6199999999999999,1
2023-07-11,425.422125413234,427.85613393293494,424.4465765671181,427.363525390625,64463800,0.64,0.18,0.8,-0.3,3.3000000000000003,360.89166814029903,362.70207554585426,358.7565506409738,362.2494812011719,38214100,0.49,0.12,1.09,-0.5700000000000001,4.0,325.3403570701271,327.42185482347514,324.58608184309315,327.1545104980469,2477100,0.8999999999999999,0.33999999999999997,0.8699999999999999,-0.42,1.22,14.84000015258789,-1.53,1
2023-07-12,431.15940249157063,432.21220867974904,429.72988876678727,430.802001953125,91924500,0.8,0.89,0.58,0.65,3.2,366.35235412152997,368.17261006456084,364.34515118816057,366.82464599609375,61975400,1.26,1.13,1.06,0.69,3.56,329.3217278387617,330.2669752687181,327.64126206254565,328.0995788574219,4140200,0.29,0.66,0.8,0.24,0.95,13.539999961853027,-8.76,1
2023-07-13,432.617887210663,435.0132815571351,432.18325865422753,434.22125244140625,72425200,0.79,0.42,0.66,2.25,3.34,370.0027017557936,373.8793447436065,369.4221931900927,373.0528564453125,46960000,1.7000000000000002,0.8699999999999999,1.22,3.18,4.52,328.777649853291,329.29325286830027,328.16658962001827,328.37664794921875,2472300,0.08,0.21,0.33999999999999997,1.38,0.61,13.609999656677246,0.52,1
2023-07-14,435.1098740968055,435.9598242076378,433.18775178790105,433.9508056640625,69815800,-0.06,0.2,0.64,2.45,3.15,373.48577863924965,376.70318269282194,372.0984493610609,372.9741516113281,55148500,-0.02,0.12,1.23,3.5000000000000004,3.74,330.0856726665063,330.286202723006,328.9399239958258,329.5700988769531,3293400,0.36,0.52,0.41000000000000003,2.29,1.6199999999999999,13.34000015258789,-1.9800000000000002,-1
2023-07-17,433.8059330908804,436.51038682135163,433.7576213779186,435.45758056640625,52680200,0.35000000000000003,-0.03,0.63,2.54,2.2399999999999998,373.6923742197424,377.3328860436692,373.21026358279346,376.4571838378906,40868900,0.9299999999999999,0.19,1.11,4.44,3.4799999999999995,328.9876839777069,331.0309811330829,328.6630536997986,330.2193908691406,2860000,0.2,-0.18,0.72,1.8499999999999999,0.54,13.479999542236328,1.05,1
2023-07-18,435.12919667930265,439.3404218148386,434.69453863237396,438.69329833984375,80668200,0.74,-0.08,1.0699999999999998,2.65,3.35,375.8177134466004,380.90458816742535,373.889240508332,379.53692626953125,55262000,0.8200000000000001,-0.16999999999999998,1.8599999999999999,4.77,4.9799999999999995,330.0283544080961,334.09583318008384,329.6464382218931,333.7807312011719,4617200,1.08,-0.06,1.35,2.03,1.9300000000000002,13.300000190734863,-1.34,1
2023-07-19,439.48533409064345,440.8568680135883,438.61601798371265,439.6688537597656,65891700,0.22,0.18,0.51,2.06,4.12,380.59953211345845,381.74088168868525,378.12003716399835,379.4483337402344,54093000,-0.02,0.27999999999999997,0.95,3.44,5.11,334.56367455620193,336.52104233825355,334.56367455620193,334.840576171875,5864300,0.32,0.22999999999999998,0.59,2.0500000000000003,3.0,13.760000228881836,3.46,1
2023-07-20,438.6740145693688,439.57227647249636,436.0371498627965,436.75189208984375,70591600,-0.66,-0.22999999999999998,0.8,0.58,3.9600000000000004,376.45725746507355,377.92331728400615,369.67807074965657,370.70135498046875,71941700,-2.31,-0.79,2.17,-0.63,4.109999999999999,335.56617148092255,337.8958976133105,335.4706851695956,336.5018615722656,4561300,0.5,0.22,0.72,2.4699999999999998,3.83,13.989999771118164,1.67,-1
2023-07-21,438.4711584160143,438.6740145693688,436.742253327544,436.75189208984375,71275600,0.0,0.38999999999999996,0.44,0.65,3.5900000000000003,373.0824393896282,373.81055994627815,369.1566117654522,369.58953857421875,60499600,-0.3,0.64,1.26,-0.91,2.58,337.1211163841209,337.6084468530534,336.0700257454976,336.4809265136719,2971700,-0.01,0.18,0.45999999999999996,2.1,3.85,13.600000381469727,-2.79,0
2023-07-24,437.9012750217946,439.5143085643416,436.86777572408096,438.7029724121094,54023400,0.44999999999999996,0.26,0.61,0.75,4.8500000000000005,370.56358341647297,371.508137285771,368.32024921012385,370.17987060546875,40380100,0.16,0.26,0.86,-1.67,3.7800000000000002,337.02568713281096,338.80299183514995,336.8536983695106,338.3252258300781,3073700,0.5499999999999999,0.16,0.58,2.45,5.1,13.90999984741211,2.2800000000000002,1
2023-07-25,438.43253737447066,441.1562982796933,438.38422565839835,439.9006652832031,55191200,0.27,-0.06,0.63,0.27999999999999997,5.56,370.8883145604773,374.35169896231974,370.8686169614239,372.6888732910156,38894400,0.6799999999999999,0.19,0.9400000000000001,-1.7999999999999998,5.8999999999999995,338.0671611654333,339.38579980088696,337.82827819989507,338.5640563964844,2548700,0.06999999999999999,-0.08,0.45999999999999996,1.43,5.18,13.859999656677246,-0.36,1
2023-07-26,438.9637376866275,441.39774607749916,437.91093141721467,439.96826171875,71052900,0.02,-0.21,0.79,0.06999999999999999,4.43,371.6458924939192,373.141438590873,369.14672978193954,371.4490966796875,47075700,-0.33,-0.27999999999999997,1.0699999999999998,-2.11,3.7600000000000002,337.43647882705164,340.43683320418114,337.4173495303066,339.45263671875,3084700,0.26,-0.33,0.89,1.38,4.8,13.1899995803833,-4.83,1
2023-07-27,443.3584372254405,443.764119987392,436.1433090250335,437.0512390136719,92194400,-0.66,0.77,1.73,0.06999999999999999,3.6900000000000004,376.9098266210042,378.52343803042015,369.27460621894454,370.56353759765625,63940200,-0.24,1.47,2.4899999999999998,-0.04,3.3099999999999996,340.03553657677537,340.51330248271285,336.3854272174057,337.08294677734375,4771000,-0.7000000000000001,0.16999999999999998,1.22,0.16999999999999998,4.25,14.40999984741211,9.25,-1
2023-07-28,440.3255847201604,442.1607516818026,437.0512358426156,441.3301086425781,80011800,0.98,0.75,1.17,1.05,4.29,374.6173651030642,378.3365782645745,374.1057379580816,377.3133239746094,56902900,1.82,1.09,1.1400000000000001,2.09,5.41,338.7455532123912,339.73928518750296,337.7135626437192,338.7168884277344,3219000,0.48,0.49,0.6,0.66,3.9800000000000004,13.329999923706055,-7.489999999999999,1
2023-07-31,441.8034013690048,442.52781174126136,440.4897885662861,442.1704406738281,62040400,0.19,0.11,0.45999999999999996,0.79,3.27,377.61822593609173,378.6906938853008,376.1915315849783,377.5099792480469,44019900,0.05,0.08,0.66,1.9800000000000002,3.8600000000000003,338.8028606937013,339.7870571167724,338.43975400471186,339.7583923339844,2201400,0.31,0.03,0.4,0.42,3.49,13.630000114440918,2.25,1
2023-08-01,440.70232573811046,441.64889932682564,439.94894005773267,440.9051818847656,55291500,-0.29,-0.33,0.38,0.22999999999999998,2.86,376.1620160000835,377.3919145719304,374.56807225526126,376.6343078613281,41060600,-0.22999999999999998,-0.36,0.75,1.06,3.38,339.47171549224225,340.83814790042607,339.34752087378143,340.3603820800781,2581900,0.18,-0.08,0.44,0.53,3.5999999999999996,13.930000305175781,2.1999999999999997,-1
2023-08-02,437.7853934206833,438.0461705780349,434.01846487725106,434.7718505859375,93933400,-1.39,-0.7100000000000001,0.91,-1.18,1.58,373.1611264871784,373.1611264871784,367.12969826236815,368.36944580078125,72687100,-2.19,-0.9199999999999999,1.6,-0.83,1.11,338.71687466038424,339.4048586246976,336.4522401224899,337.0542297363281,5061000,-0.97,-0.48,0.8699999999999999,-0.7100000000000001,2.97,16.09000015258789,15.509999999999998,-1
2023-08-03,432.7531252299224,435.4092967139093,432.10597229878186,433.52581787109375,64276100,-0.29,-0.45999999999999996,0.76,-0.8099999999999999,2.09,365.95876640392834,369.9042904601288,365.79148699360036,367.7790222167969,47666400,-0.16,-0.65,1.1199999999999999,-0.75,1.72,335.9649737426507,337.67538376356737,335.50630799857095,336.3376159667969,3307000,-0.21,-0.32,0.64,-0.22,3.84,15.920000076293945,-1.06,-1
2023-08-04,435.34169055011716,437.44730311288595,431.0435102343316,431.5650939941406,100128900,-0.44999999999999996,0.42,1.48,-2.21,1.8800000000000001,369.70755141474365,372.0197669898347,365.55541217782184,366.0572204589844,61702800,-0.47000000000000003,0.52,1.76,-2.98,1.58,337.4173237106882,339.1754984064102,334.62718768766604,335.0571594238281,4269400,-0.38,0.32,1.35,-1.08,4.0,17.100000381469727,7.41,-1
2023-08-07,433.4002700753938,435.48657568112884,432.7048348734821,435.33203125,58357500,0.8699999999999999,0.43,0.64,-1.55,2.5100000000000002,367.8675933356882,369.25492255094605,365.5357104091049,369.1565246582031,37230400,0.8500000000000001,0.49,1.02,-2.21,2.41,336.385388015941,339.08952989778624,336.2324994445962,338.85064697265625,2390800,1.13,0.4,0.8500000000000001,-0.27,4.51,15.770000457763672,-7.779999999999999,1
2023-08-08,432.7917203880473,435.3223520518387,430.0775985479417,433.4388732910156,71361300,-0.43,-0.58,1.2,-1.69,1.4200000000000002,366.6475447598164,366.6672123277019,362.88896744301724,366.017822265625,44726500,-0.8500000000000001,-0.6799999999999999,1.02,-2.82,1.04,336.748512139784,337.63714966869225,334.3596827649673,337.3218078613281,3033600,-0.44999999999999996,-0.62,0.97,-0.89,3.11,15.989999771118164,1.4000000000000001,-1
2023-08-09,433.7093468244431,433.87355948928627,429.77820586959297,430.541259765625,78789600,-0.67,0.06,0.9400000000000001,-0.97,-0.06,366.3030989569799,366.46052955122065,361.23592368879343,361.9935302734375,51150900,-1.0999999999999999,0.08,1.43,-1.73,-1.32,337.1785329265471,337.95251142361377,334.95215645632845,335.65924072265625,2873300,-0.49,-0.04,0.89,-0.41000000000000003,2.3,15.960000038146973,-0.19,-1
2023-08-10,432.8980072622996,436.28825743462227,429.527093565885,430.69580078125,93005500,0.04,0.5499999999999999,1.5699999999999998,-0.65,-0.8099999999999999,365.00445187431194,368.3399218462108,361.13765720689037,362.6627197265625,72035300,0.18,0.83,1.9900000000000002,-1.39,-2.79,337.4460461748292,340.0928878987494,335.5732120293289,336.2420959472656,4133500,0.16999999999999998,0.53,1.35,-0.03,2.4,15.850000381469727,-0.69,1
2023-08-11,428.82202974443834,431.45889450819044,428.2231884627009,430.4447021484375,68690900,-0.06,-0.44,0.75,-0.26,-0.8099999999999999,360.10448413157985,362.0821708144487,358.82540151714943,360.3504638671875,48707200,-0.64,-0.7100000000000001,0.8999999999999999,-1.5599999999999998,-3.38,335.57322410382227,337.99071845572666,335.0189993151862,337.302734375,2602600,0.32,-0.2,0.88,0.67,2.35,14.84000015258789,-6.370000000000001,-1
2023-08-14,429.5270825673996,432.8207092285156,429.2179937241371,432.8207092285156,47867400,0.5499999999999999,-0.21,0.84,-0.58,-0.61,359.5535144676342,364.5124746558894,358.83527281179767,364.3944091796875,42130800,1.1199999999999999,-0.22,1.58,-1.29,-3.2,337.0447508382998,337.7804998451268,336.1274192915215,337.5033874511719,3134100,0.06,-0.08,0.49,-0.4,2.21,14.819999694824219,-0.13,1
2023-08-15,431.0435212704258,431.40092184966306,427.2089741403311,427.77886962890625,75707500,-1.16,-0.41000000000000003,0.97,-1.31,-2.4899999999999998,363.42031268537795,364.2173147115886,359.8585306581353,360.5276184082031,45539900,-1.06,-0.27,1.2,-1.5,-5.01,336.03189900401094,336.3663118235782,333.65260486493264,334.0634765625,2818700,-1.02,-0.44,0.8,-0.97,0.08,16.459999084472656,11.07,-1
2023-08-16,427.3635314579317,429.02484730566357,424.5335083117714,424.6397705078125,80107200,-0.73,-0.1,1.05,-1.37,-3.42,359.9864284102872,361.5213395998945,356.6115935528061,356.7099914550781,53190500,-1.06,-0.15,1.3599999999999999,-1.46,-5.99,333.76722975005396,335.8885114087152,332.2479377616299,332.3052673339844,3586800,-0.53,-0.09,1.09,-1.0,-0.76,16.780000686645508,1.94,-1
2023-08-17,426.1078556541094,426.3686327842003,420.8824384802807,421.4040222167969,95711300,-0.76,0.35000000000000003,1.29,-2.16,-3.51,358.1071176846967,358.4514953081847,352.4004000236627,352.8136291503906,62604300,-1.09,0.38999999999999996,1.7000000000000002,-2.7199999999999998,-4.83,333.4327606492066,333.786302672519,329.48641050907867,329.7157287597656,4804100,-0.7799999999999999,0.33999999999999997,1.29,-1.94,-2.02,17.889999389648438,6.619999999999999,-1
2023-08-18,418.58363133261804,422.6403412596287,418.2359284981317,421.6068420410156,98852000,0.05,-0.67,1.05,-2.0500000000000003,-3.47,349.54703769092396,353.63029511668526,349.0058642803443,352.3708801269531,61191400,-0.13,-0.9299999999999999,1.31,-2.21,-4.66,328.18458282689903,331.01713429585647,327.9261887634374,330.2611389160156,3525400,0.16999999999999998,-0.45999999999999996,0.9400000000000001,-2.09,-1.8499999999999999,17.299999237060547,-3.3000000000000003,1
2023-08-21,422.6210106803204,425.09366245894176,420.4671159807588,424.3499450683594,68719000,0.65,0.24,1.0999999999999999,-1.96,-3.27,353.8368936889085,358.72697159737027,353.37445062617115,358.0480651855469,50696500,1.6099999999999999,0.42,1.52,-1.7399999999999998,-3.2800000000000002,330.4335095308868,330.835439782502,327.7444930585895,329.8306579589844,3176500,-0.13,0.05,0.9400000000000001,-2.27,-2.5100000000000002,17.1299991607666,-0.98,1
2023-08-22,426.12717844156236,426.12717844156236,422.64036376815267,423.2005615234375,64994200,-0.27,0.42,0.8200000000000001,-1.0699999999999998,-3.8,360.6554747243955,360.6653235223592,356.84771323850873,357.5364685058594,44530200,-0.13999999999999999,0.73,1.0699999999999998,-0.83,-4.07,329.9455028788549,330.2804399042127,327.8210810539657,328.19427490234375,2816000,-0.5,0.03,0.75,-1.76,-3.06,16.969999313354492,-0.9299999999999999,-1
2023-08-23,424.263004912033,428.53220964419495,424.1181287339091,427.9140319824219,68441000,1.11,0.25,1.04,0.77,-2.74,358.71719481869087,364.26651268565723,358.5007314261463,363.1743469238281,51770600,1.58,0.33,1.6099999999999999,1.81,-2.23,328.73971579442485,330.52920045528595,328.47177203563837,329.9837341308594,2605400,0.5499999999999999,0.16999999999999998,0.63,-0.7000000000000001,-2.79,15.979999542236328,-5.83,1
2023-08-24,429.5173761658402,430.0292916211122,421.95451579727023,421.9835205078125,88517300,-1.39,0.37,1.8900000000000001,0.13999999999999999,-3.45,366.64752965497684,366.7458975171732,355.20454878191777,355.4111633300781,66842500,-2.1399999999999997,0.96,3.18,0.74,-4.09,329.495681337472,332.0315826092214,326.2899061281238,326.3473205566406,3840800,-1.0999999999999999,-0.15,1.7399999999999998,-1.02,-3.18,17.200000762939453,7.630000000000001,-1
2023-08-25,423.71247141677657,426.24307373449807,420.1580380770201,424.9584655761719,102325100,0.7000000000000001,0.41000000000000003,1.44,0.79,-3.71,356.24754426125236,359.85851002139935,352.8136466802501,358.1661682128906,69960500,0.7799999999999999,0.24,1.9800000000000002,1.6400000000000001,-5.07,327.7157967993868,329.71581090985103,325.6966542777032,328.7110290527344,3868500,0.72,0.42,1.23,-0.47000000000000003,-2.9499999999999997,15.680000305175781,-8.84,1
2023-08-28,427.1509825528838,428.2714074691659,424.95844443108183,427.65325927734375,61595400,0.63,0.52,0.7799999999999999,0.7799999999999999,-3.2800000000000002,361.08837318531505,361.7967959662991,358.39244511479126,360.8620910644531,40910000,0.75,0.8200000000000001,0.95,0.79,-4.41,330.3473631198856,331.74452548685855,329.6679395492233,330.8258361816406,2382700,0.64,0.5,0.63,0.3,-2.63,15.079999923706055,-3.83,1
2023-08-29,427.54703833096477,434.1150440450923,427.3635186603017,433.8349304199219,83081900,1.4500000000000002,-0.02,1.58,2.5100000000000002,-1.6,360.66532013496044,369.0975125611246,360.3406401002619,368.7432861328125,58492400,2.18,-0.05,2.4299999999999997,3.1300000000000003,-2.1,330.68231227611267,333.7349728587711,330.52919738627355,333.6105651855469,3107700,0.84,-0.04,0.97,1.6500000000000001,-1.9800000000000002,14.449999809265137,-4.18,1
2023-08-30,434.1730052474849,436.2593109157671,433.4679017861337,435.621826171875,69053900,0.41000000000000003,0.08,0.64,1.7999999999999998,0.2,368.8515423053,371.38022122369233,367.8479257549835,370.7996826171875,41731500,0.5599999999999999,0.03,0.96,2.1,0.66,334.06986146918007,335.6296881545849,333.5148164234449,334.35693359375,2792900,0.22,0.13999999999999999,0.63,1.3299999999999998,-0.8,13.880000114440918,-3.94,1
2023-08-31,436.23991629050073,437.3796481914474,434.80076379653127,434.9842834472656,66084600,-0.15,0.13999999999999999,0.59,3.08,0.33999999999999997,370.87842661191354,373.6137202039194,370.8095450761535,371.9115295410156,35730700,0.3,0.02,0.76,4.64,1.1199999999999999,335.81147465925426,336.1559611722437,332.7683644428215,332.8353576660156,2901400,-0.45999999999999996,0.44,1.01,1.9900000000000002,-1.04,13.569999694824219,-2.23,-1
2023-09-01,437.7080777747482,438.1910180232257,434.3371347964679,435.7956237792969,58944100,0.19,0.63,0.89,2.55,0.98,374.28269263146836,374.7057704944691,370.03215635533934,371.51788330078125,39801200,-0.11,0.64,1.26,3.73,1.49,334.8641594457954,335.27563928164,332.7780238465247,333.955078125,2533200,0.33999999999999997,0.61,0.75,1.6,-0.33,13.09000015258789,-3.54,1
2023-09-05,435.35138309753785,435.6701107330132,433.8446116862524,433.9122009277344,55166200,-0.43,-0.1,0.42,1.46,-0.33,370.71115217182,373.210314848442,369.7862659063022,371.9902648925781,32344200,0.13,-0.22,0.9199999999999999,3.08,0.77,334.05076236174915,334.24216328076636,331.96462668138986,332.04119873046875,1906900,-0.5700000000000001,0.03,0.6799999999999999,0.37,-2.01,14.010000228881836,7.03,-1
2023-09-06,433.1008518755981,433.2071140684911,428.6674634922226,430.9952392578125,70758500,-0.67,-0.19,1.05,-0.65,-0.5599999999999999,371.2129381611802,371.5573157971025,366.70660260739953,368.7137756347656,42998700,-0.88,-0.21,1.3,-0.01,0.74,331.53391500797284,331.59132942503345,328.672626940655,330.1463317871094,2748400,-0.5700000000000001,-0.15,0.88,-1.04,-2.13,14.449999809265137,3.1399999999999997,-1
2023-09-07,427.9912839614794,430.3480346831722,427.6435811384425,429.67193603515625,70355400,-0.31,-0.7000000000000001,0.63,-1.37,-0.2,364.25658739214424,366.8541475571886,363.2136358180395,366.07684326171875,52060700,-0.72,-1.21,0.9900000000000001,-1.27,1.13,329.6296474366633,331.33301033689094,329.52439738278736,330.80670166015625,2378600,0.2,-0.16,0.5499999999999999,-1.06,-1.4500000000000002,14.399999618530273,-0.35000000000000003,-1
2023-09-08,429.72025057240546,431.85483833340237,429.3628794853081,430.319091796875,61659700,0.15,0.01,0.58,-1.0699999999999998,-0.09,366.0276900079968,368.82201616025327,365.6242796443045,366.5885009765625,35800100,0.13999999999999999,-0.01,0.8699999999999999,-1.43,1.08,330.8832401789164,332.09858040780455,330.60574683849705,331.5914001464844,1665900,0.24,0.02,0.44999999999999996,-0.37,-1.38,13.84000015258789,-3.8899999999999997,1
2023-09-11,432.94631377147886,433.4582293140434,431.2367157088773,433.149169921875,60180100,0.66,0.61,0.52,-0.61,0.63,369.618997042065,371.4195555120843,367.65115913843493,370.9079284667969,39936600,1.18,0.83,1.03,-0.16,2.93,333.0363768105083,333.58184310556584,331.59140803370383,332.41436767578125,1722900,0.25,0.44,0.6,-0.45999999999999996,-1.4500000000000002,13.800000190734863,-0.29,1
2023-09-12,431.70030728737913,433.2263855290798,430.19353604446763,430.7730407714844,67565400,-0.5499999999999999,-0.33,0.7000000000000001,-0.72,-0.47000000000000003,369.2353273170604,370.8883343036588,366.5098820907688,366.79522705078125,41391000,-1.11,-0.44999999999999996,1.18,-1.4000000000000001,0.66,331.7158238814979,334.26127491384835,331.447850926852,332.2612609863281,1813800,-0.05,-0.21,0.8500000000000001,0.06999999999999999,-1.55,14.229999542236328,3.1199999999999997,-1
2023-09-13,430.99521597971284,432.4343685526933,429.8940980148542,431.27532958984375,60199300,0.12,0.05,0.59,0.06,0.8200000000000001,367.031304560014,369.79611455684034,365.8998037117071,368.19232177734375,46300700,0.38,0.06,1.06,-0.13999999999999999,2.13,332.59622473105026,333.5053353183633,330.93114765921473,331.62969970703125,2025200,-0.19,0.1,0.77,0.44999999999999996,-0.73,13.479999542236328,-5.27,1
2023-09-14,433.747962382289,435.6893621396805,432.4440178145085,434.9939270019531,83430800,0.86,0.5700000000000001,0.75,1.24,2.44,369.943709831268,372.18704403891024,367.87750387101744,371.203125,48039400,0.8200000000000001,0.48,1.17,1.4000000000000001,4.06,333.64891964816593,335.5341051357166,332.75896654687523,334.8738098144531,3489400,0.98,0.61,0.84,1.23,0.77,12.819999694824219,-4.9,1
2023-09-15,433.4072542770486,433.7368084981918,429.3168595859164,429.7530212402344,111848900,-1.2,-0.36,1.02,-0.13,1.9800000000000002,369.8649465958127,370.2683569363539,363.91221940703196,364.8469543457031,69811200,-1.71,-0.36,1.71,-0.48,3.4099999999999997,334.1474592963447,334.7135471955353,331.5952470397293,332.1133728027344,3581700,-0.8200000000000001,-0.22,0.9299999999999999,0.16,0.73,13.789999961853027,7.57,-1
2023-09-18,429.4428320631367,431.3038771522312,428.96789063501143,430.0050354003906,55752200,0.06,-0.06999999999999999,0.54,-0.73,1.9900000000000002,363.9069691189676,366.3407681012067,363.6212111624308,365.2273254394531,36903500,0.1,-0.26,0.75,-1.53,3.65,332.247600429202,333.06316150474436,331.31690683116545,332.12286376953125,2122800,0.0,0.04,0.53,-0.09,0.5599999999999999,14.0,1.52,1
2023-09-19,429.08420380682946,429.6754845917088,426.42836539622306,429.11328125,66514600,-0.21,-0.21,0.76,-0.38999999999999996,1.1199999999999999,363.9069867992095,365.24703922410754,361.4239024926307,364.44891357421875,37621700,-0.21,-0.36,1.05,-0.64,1.79,331.4703631309125,331.79658164246365,329.08127590404956,331.0865783691406,2740900,-0.31,-0.2,0.8200000000000001,-0.35000000000000003,0.38,14.109999656677246,0.79,-1
2023-09-20,430.3734047367829,430.79019131325117,424.9647632633325,425.1683349609375,82562600,-0.9199999999999999,0.29,1.3599999999999999,-1.4200000000000002,0.45999999999999996,365.51307505644786,365.86778417760956,359.1181771883691,359.197021484375,45514200,-1.44,0.29,1.8499999999999999,-2.44,0.45999999999999996,332.01745874009737,333.57180693307555,330.2520244171519,330.3671569824219,3411400,-0.22,0.27999999999999997,1.0,-0.38,0.66,15.140000343322754,7.3,-1
2023-09-21,422.31858757052555,422.5802845540439,417.98587113932,418.1409606933594,104095800,-1.6500000000000001,-0.67,1.08,-3.8699999999999997,-2.2800000000000002,355.511779290519,356.30007181454954,352.44737667602703,352.6148681640625,69734800,-1.83,-1.03,1.0699999999999998,-5.01,-2.91,329.2636656446574,329.7241957679041,326.6730665777618,326.7785949707031,3483700,-1.09,-0.33,0.9199999999999999,-2.42,-0.97,17.540000915527344,15.85,-1
2023-09-22,419.16842775985725,420.7677463582612,416.78395900410345,417.2007751464844,100829700,-0.22,0.25,0.95,-2.92,-1.13,354.359006723338,356.49718479026586,352.3488980230887,352.6642150878906,51589700,0.01,0.49,1.18,-3.34,-0.77,326.8841261824823,327.5941295856166,325.56964776061216,325.819091796875,3376400,-0.29,0.03,0.62,-1.9,-0.16,17.200000762939453,-1.94,-1
2023-09-25,415.9891218304828,418.993889361631,415.55293063128704,418.95513916015625,70874500,0.42,-0.29,0.8200000000000001,-2.5700000000000003,-1.41,351.6985209907401,354.42794074320403,350.7131778472453,354.3392333984375,39168000,0.47000000000000003,-0.27,1.05,-2.98,-1.0699999999999998,325.00359586184766,326.28929129517536,324.0057317640005,326.20294189453125,3104700,0.12,-0.25,0.7000000000000001,-1.78,-0.76,16.899999618530273,-1.7399999999999998,1
2023-09-26,415.91157553365485,416.6191660672769,411.96656825523684,412.8001708984375,96168400,-1.47,-0.73,1.11,-3.8,-3.47,351.75768571572956,352.29964255853133,348.03308934331926,349.0184326171875,53657700,-1.5,-0.73,1.2,-4.2299999999999995,-3.2800000000000002,324.1784678496431,325.01320809945037,321.9524743295487,322.4226379394531,4657300,-1.16,-0.62,0.9400000000000001,-2.62,-2.54,18.940000534057617,12.07,-1
2023-09-27,413.97306378830854,414.5352671969368,409.3204948453692,412.9649963378906,104705800,0.04,0.27999999999999997,1.26,-2.87,-4.81,350.1713473809382,351.74790285785804,346.21024761051166,349.8363342285156,56066000,0.22999999999999998,0.33,1.59,-2.6100000000000003,-5.13,323.22853327783207,323.48758146004946,319.438588390624,321.8372802734375,4442200,-0.18,0.25,1.26,-2.58,-3.53,18.219999313354492,-3.8,1
2023-09-28,412.412517717301,417.03600913362396,411.82123687227,415.359130859375,92258300,0.58,-0.13,1.26,-0.67,-4.65,348.91986332461573,354.89107073347196,348.0626195587254,352.7627258300781,56453300,0.84,-0.26,1.95,0.04,-4.859999999999999,321.7318176548834,323.98659434183816,321.0122099429348,322.9791259765625,4053600,0.35000000000000003,-0.03,0.9199999999999999,-1.16,-3.4000000000000004,17.34000015258789,-4.83,1
2023-09-29,418.4123608156291,418.5868254716406,412.8292551807975,414.3510437011719,115111300,-0.24,0.74,1.39,-0.6799999999999999,-4.74,356.24101262154477,357.6303502343073,351.78724181658674,353.0189208984375,64829600,0.06999999999999999,0.9900000000000001,1.66,0.1,-5.08,325.05152246082105,325.09948458452226,320.37887551317806,321.3767395019531,3786500,-0.5,0.64,1.46,-1.3599999999999999,-3.44,17.520000457763672,1.04,-1
2023-10-02,413.51743802249865,415.436637965525,411.4237734247356,414.1862487792969,83798600,-0.04,-0.2,0.97,-1.1400000000000001,-4.96,353.2849835180275,357.3642890085675,352.6740755034777,355.9651184082031,51625100,0.83,0.08,1.3299999999999998,0.45999999999999996,-4.19,320.74351229974235,321.4439116340695,318.6230474588851,320.5516052246094,4192600,-0.26,-0.2,0.88,-1.73,-4.01,17.610000610351562,0.51,-1
2023-10-03,412.00533549021924,414.2443872113326,407.27520783651096,408.64190673828125,103760600,-1.34,-0.53,1.68,-1.01,-5.82,353.52142785074375,355.7187539856784,348.1020403157793,349.718017578125,60478500,-1.7500000000000002,-0.69,2.1399999999999997,0.2,-5.99,319.35224379722905,320.35010783413384,315.70624379290655,316.608154296875,4871100,-1.23,-0.37,1.4500000000000002,-1.7999999999999998,-4.65,19.780000686645508,12.32,-1
2023-10-04,409.107224446792,412.3640165843667,407.64359070503724,411.61767578125,87453000,0.73,0.11,1.16,-0.33,-4.5,350.55552674978816,355.3245840567301,350.0924142597397,354.4772033691406,54786700,1.3599999999999999,0.24,1.5,1.3299999999999998,-3.8600000000000003,316.7520126215986,318.0281036078583,315.29358945912816,317.5771484375,4877100,0.31,0.05,0.86,-1.32,-3.81,18.579999923706055,-6.069999999999999,1
2023-10-05,411.3268404794052,412.3058303467078,408.23484048426144,411.4625549316406,70142700,-0.04,-0.06999999999999999,0.9900000000000001,-0.9400000000000001,-4.24,354.46733754416096,354.87133184681437,349.934783079885,353.4327392578125,45897400,-0.29,-0.0,1.39,0.19,-3.45,317.4141772054149,318.30648375717936,316.04213217021834,317.75,3172200,0.05,-0.05,0.7100000000000001,-1.6199999999999999,-3.95,18.489999771118164,-0.48,-1
2023-10-06,409.01026454136644,417.8889419596687,407.68234534407696,416.3477783203125,113273300,1.1900000000000002,-0.6,2.48,0.48,-3.25,350.4373013348461,360.54693213939856,349.6490388068552,359.35467529296875,75049100,1.68,-0.8500000000000001,3.08,1.79,-1.97,316.9631197598192,322.03875947822485,315.1689030946812,320.5611572265625,4491300,0.88,-0.25,2.16,-0.25,-3.3300000000000005,17.450000762939453,-5.62,1
2023-10-09,414.44797038266114,419.5852123041229,413.8954989431742,419.0133361816406,80374400,0.64,-0.45999999999999996,1.37,1.17,-3.26,356.9898065431507,361.7293046269779,355.492095800062,361.1873779296875,45304800,0.51,-0.66,1.7399999999999998,1.47,-2.62,319.45789934277263,322.74889863633877,319.1124723745519,322.47064208984375,3756300,0.6,-0.33999999999999997,1.13,0.6,-2.9899999999999998,17.700000762939453,1.43,1
2023-10-10,419.643378299873,423.7919280682824,419.2459668319729,421.1942443847656,78607300,0.52,0.15,1.08,3.0700000000000003,-2.22,361.52245052391424,365.8382589863909,361.0199458890347,363.18768310546875,46968800,0.5499999999999999,0.09,1.3299999999999998,3.85,-0.98,323.5355824647586,325.2722330969652,322.41298174669805,323.77545166015625,3769400,0.4,0.33,0.89,2.26,-2.55,17.030000686645508,-3.7900000000000005,1
2023-10-11,422.2604167519184,423.17151977952034,419.8759482263836,422.9195251464844,62451700,0.41000000000000003,0.25,0.7799999999999999,2.75,-1.94,364.51787564233524,365.9663313882023,362.7935249958405,365.77911376953125,38215100,0.7100000000000001,0.37,0.8699999999999999,3.19,-0.66,324.48552056215254,325.1091747398052,322.53778347387237,324.3320007324219,2773900,0.16999999999999998,0.22,0.79,2.13,-2.1999999999999997,16.09000015258789,-5.52,1
2023-10-12,423.5302119190894,423.90821868639375,417.9858858829249,420.34124755859375,81154200,-0.61,0.13999999999999999,1.4000000000000001,2.16,-3.37,366.2816620389047,368.2621815500544,362.1136492104433,364.5080261230469,49587900,-0.35000000000000003,0.13999999999999999,1.68,3.1300000000000003,-1.7999999999999998,325.04194148582326,325.04194148582326,321.01215653787244,322.64324951171875,3315000,-0.52,0.22,1.24,1.54,-3.65,16.690000534057617,3.73,-1
2023-10-13,421.8436069564154,423.0455435777595,416.67731756779995,418.24755859375,95143100,-0.5,0.36,1.52,0.45999999999999996,-2.68,365.1385902255916,365.7199390309394,358.526916547061,359.9261169433594,52469900,-1.26,0.16999999999999998,1.97,0.16,-1.35,323.8042812328135,325.847942474744,321.9236853889246,323.03668212890625,5154600,0.12,0.36,1.22,0.77,-2.73,19.31999969482422,15.76,-1
2023-10-16,420.4963128780658,423.71435449669224,420.25399100160854,422.64813232421875,75433200,1.05,0.54,0.83,0.8699999999999999,-1.71,361.24655031919855,365.04999103567854,361.0987548405133,363.99566650390625,44201100,1.13,0.37,1.0999999999999999,0.7799999999999999,-0.33999999999999997,325.0419993917863,327.0952941422483,324.6966017408188,326.11663818359375,3969300,0.95,0.62,0.74,1.13,-1.81,17.209999084472656,-10.92,1
2023-10-17,419.51731856642147,424.68363748247594,419.1683892665842,422.62872314453125,75324700,-0.0,-0.74,1.3,0.33999999999999997,-1.51,360.4483905820312,364.498166736826,358.32990873374644,362.8033752441406,50999100,-0.33,-0.97,1.69,-0.11,-0.44999999999999996,324.61975896296263,327.68049216640094,324.5621926998998,326.2124938964844,3777800,0.03,-0.45999999999999996,0.96,0.75,-1.47,17.8799991607666,3.8899999999999997,0
2023-10-18,420.8549059158796,421.81449099292604,415.9115341735624,416.99713134765625,93559800,-1.3299999999999998,-0.42,1.4000000000000001,-1.4000000000000001,-1.92,360.31049708114347,362.5176564466025,356.7139699865063,358.044189453125,54280500,-1.31,-0.69,1.6,-2.11,-0.32,325.972729152767,326.193419419158,322.3842942945012,322.98876953125,4141200,-0.9900000000000001,-0.06999999999999999,1.17,-0.41000000000000003,-2.23,19.219999313354492,7.489999999999999,-1
2023-10-19,417.71448112410957,419.52704410810907,412.6547989345063,413.3332824707031,121323000,-0.88,0.16999999999999998,1.6500000000000001,-1.67,-1.15,359.46308875026443,360.655345729828,353.8959050901614,354.69403076171875,72274200,-0.9400000000000001,0.4,1.8900000000000001,-2.69,0.59,323.0463072055203,324.8980907521771,320.23504667747693,320.5804443359375,5201800,-0.75,0.02,1.44,-0.64,-1.9,21.399999618530273,11.34,-1
2023-10-20,412.8971069121286,413.4399055549237,408.14757441721036,408.25421142578125,123919900,-1.23,-0.11,1.28,-2.39,-2.1399999999999997,354.1915254225126,354.7630414262583,349.17613119180925,349.40277099609375,72559700,-1.49,-0.13999999999999999,1.58,-2.92,-0.9199999999999999,320.0495772498172,320.86559527760977,317.8895450395315,317.9471435546875,3960800,-0.8200000000000001,-0.16999999999999998,0.9299999999999999,-1.58,-2.42,21.709999084472656,1.4500000000000002,-1
2023-10-23,406.72273053416484,411.4141082592817,404.9683224528733,407.546630859375,92035100,-0.16999999999999998,-0.38,1.58,-3.5700000000000003,-2.7199999999999998,348.08238082629725,353.99444057612124,345.9737317484537,350.4570617675781,60665200,0.3,-0.38,2.3,-3.7199999999999998,-1.0999999999999999,316.7086507647862,319.04147803351447,315.7294469142512,316.15185546875,3898300,-0.5599999999999999,-0.38999999999999996,1.04,-3.06,-3.08,20.3700008392334,-6.17,-1
2023-10-24,409.6693807564813,411.7727477741345,407.8180379697815,410.6192932128906,78564200,0.75,0.52,0.97,-2.8400000000000003,-0.53,352.27008172327623,354.6348995548222,350.5752900977818,353.8663330078125,47082100,0.97,0.52,1.16,-2.46,1.39,317.7646642099636,319.3966998840425,316.6606538644655,318.18707275390625,3583900,0.64,0.51,0.8699999999999999,-2.46,-1.31,18.969999313354492,-6.87,1
2023-10-25,408.9327472697519,408.9618247136512,404.21229195450024,404.72601318359375,94223200,-1.44,-0.41000000000000003,1.16,-2.94,-2.0,351.47196873068145,351.6493233086152,344.62382073653515,345.2051696777344,71190500,-2.45,-0.6799999999999999,1.9900000000000002,-3.5900000000000003,-1.32,318.93593853081154,319.3871464047649,316.6414903874097,317.1407165527344,3836300,-0.33,0.24,0.86,-1.81,-1.46,20.190000534057617,6.43,-1
2023-10-26,403.6598844594217,404.51283280900935,398.95883308233743,399.879638671875,115156800,-1.2,-0.26,1.37,-3.25,-3.73,344.00301231388727,344.9391003796654,337.3322496918458,338.623046875,78621400,-1.91,-0.35000000000000003,2.1999999999999997,-4.53,-4.01,316.9582519396674,317.78384998516515,314.27019493922506,314.7118225097656,4882600,-0.77,-0.06,1.11,-1.83,-2.56,20.68000030517578,2.4299999999999997,-1
2023-10-27,401.46919469761593,401.8666061249316,396.64213226616755,398.0669860839844,107367700,-0.44999999999999996,0.4,1.31,-2.5,-3.93,341.35238923096387,343.7270696151947,339.03682702474015,340.2488098144531,63476700,0.48,0.8099999999999999,1.39,-2.62,-3.62,314.731004674244,314.7694134397377,310.2861349063943,311.2269592285156,4757300,-1.11,0.01,1.4200000000000002,-2.11,-3.16,21.270000457763672,2.85,-1
2023-10-30,400.85854988329856,403.88272225418063,399.5597081383843,402.8262023925781,86562700,1.2,0.7000000000000001,1.09,-1.16,-2.74,342.73193313591645,345.4022350230032,341.37218469520366,344.0818786621094,55298500,1.13,0.73,1.18,-1.82,-3.34,313.33905386625673,316.82388085885464,313.3198348316687,316.06549072265625,4617200,1.55,0.6799999999999999,1.13,-0.03,-1.4000000000000001,19.75,-7.1499999999999995,1
2023-10-31,403.39806888205027,405.67590044700427,401.48857130380884,405.3560485839844,79665200,0.63,0.13999999999999999,1.04,-1.28,-0.8,344.1114391570496,346.1018217264424,341.5396775996275,345.7273864746094,47671900,0.48,0.01,1.3299999999999998,-2.3,-1.1400000000000001,316.0174668930071,317.4574881910402,314.7310513824412,317.2655029296875,3645800,0.38,-0.02,0.86,-0.29,0.21,18.139999389648438,-8.15,1
2023-11-01,406.32535052662286,410.4932751362608,405.7922246289102,409.6790771484375,98068100,1.0699999999999998,0.24,1.16,1.22,-0.47000000000000003,346.5649298772897,352.2897717671252,346.46638953800874,351.7281188964844,58992700,1.7399999999999998,0.24,1.68,1.8900000000000001,-0.7799999999999999,317.6879581609873,320.0303661961555,316.9007393711361,319.3775634765625,4546200,0.67,0.13,0.9900000000000001,0.7100000000000001,0.5700000000000001,16.8700008392334,-7.000000000000001,1
2023-11-02,413.478629395965,417.68536297988317,413.45925429578176,417.5302734375,94938900,1.92,0.9299999999999999,1.03,4.41,1.47,356.2410433454478,358.3496624788827,355.0191971430768,358.1131896972656,58162400,1.82,1.28,0.95,5.76,1.32,321.3935558812491,324.98399964960385,321.0383553113071,324.8592224121094,5356300,1.72,0.63,1.24,3.2199999999999998,2.2399999999999998,15.65999984741211,-7.17,1
2023-11-03,419.83715494952713,422.89040431666723,419.71114285578454,421.33953857421875,100167800,0.91,0.5499999999999999,0.76,5.8500000000000005,1.2,359.40394905155324,363.6113538875242,359.17730927962293,362.320556640625,53280500,1.17,0.36,1.24,6.49,0.83,326.5199894312946,327.9600105743568,325.8191978919464,326.9903869628906,4046900,0.66,0.51,0.66,5.06,2.01,14.90999984741211,-4.79,1
2023-11-06,422.095684981768,422.7547934702101,420.3606518433794,422.3089294433594,67831700,0.22999999999999998,0.18,0.5700000000000001,4.84,0.79,363.08910516190724,364.3602063061445,361.5322761410514,363.7985534667969,38848700,0.41000000000000003,0.21,0.7799999999999999,5.7299999999999995,0.72,327.2304344510049,327.9792736714187,326.2992487787971,327.40325927734375,2766000,0.13,0.06999999999999999,0.51,3.5900000000000003,1.53,14.890000343322754,-0.13,1
2023-11-07,422.308896123232,424.1505365569555,421.1651439105342,423.51080322265625,64256100,0.27999999999999997,-0.0,0.7100000000000001,4.4799999999999995,0.5499999999999999,364.8429895831266,368.10447293479405,363.6408697628244,367.2373962402344,50777400,0.95,0.29,1.23,6.22,1.1199999999999999,327.1056306313384,328.3920460717646,326.69280228245674,327.88323974609375,2793700,0.15,-0.09,0.52,3.35,1.27,14.8100004196167,-0.54,1
2023-11-08,424.11175832141294,424.6351818841711,421.5140747704494,423.82098388671875,61746000,0.06999999999999999,0.13999999999999999,0.74,3.45,0.21,367.611839886679,368.3114552322413,365.1879039548286,367.4739074707031,35663400,0.06,0.1,0.8500000000000001,4.4799999999999995,0.45999999999999996,328.42092718401443,328.8913248578334,326.3472925953726,327.4801025390625,2787900,-0.12,0.16,0.7799999999999999,2.54,0.97,14.449999809265137,-2.4299999999999997,1
2023-11-09,424.9647429571584,425.0035227425126,420.08922765476564,420.5157165527344,83174400,-0.7799999999999999,0.27,1.16,0.72,0.04,368.1636480202756,369.30661967147313,364.15329397571884,364.6459655761719,53859400,-0.77,0.19,1.4000000000000001,1.82,0.04,328.33447977440994,328.3728592499677,325.2240137129638,325.5504150390625,3940700,-0.59,0.26,0.96,0.21,0.8999999999999999,15.289999961853027,5.81,-1
2023-11-10,422.58998243152627,427.38793789386506,420.5059906051338,427.0777587890625,89462200,1.5599999999999998,0.49,1.6400000000000001,1.3599999999999999,2.11,366.3703726487038,372.9918811822183,365.8382788185189,372.8440856933594,58309800,2.25,0.47000000000000003,1.96,2.9000000000000004,3.5900000000000003,327.1824515769067,329.57287766511234,325.70402144050706,329.29449462890625,3268600,1.15,0.5,1.1900000000000002,0.7000000000000001,1.94,14.170000076293945,-7.33,1
2023-11-13,425.74020750909324,427.7756878254619,424.95508691156584,426.67071533203125,52236100,-0.1,-0.31,0.66,1.03,0.95,371.26750810516944,372.735659990496,369.74020795754484,371.68133544921875,40733500,-0.31,-0.42,0.8,2.17,2.11,328.68970343252704,330.532914497235,328.54570714580166,329.8321228027344,2624500,0.16,-0.18,0.6,0.74,1.1400000000000001,14.760000228881836,4.16,-1
2023-11-14,432.61240832792026,436.23753414765645,432.3894615518305,434.9483947753906,97176900,1.94,1.39,0.8999999999999999,2.7,2.92,378.08609110217253,380.59873470474736,377.56386032576404,379.6823425292969,67792600,2.15,1.72,0.8200000000000001,3.39,4.65,333.6240925263883,335.5441207438919,332.8081039717938,334.4881286621094,4815500,1.41,1.15,0.83,2.01,2.54,14.15999984741211,-4.07,1
2023-11-15,436.28601873814944,437.51703289700214,435.01625437389265,435.8692321777344,77327600,0.21,0.31,0.5700000000000001,2.8400000000000003,4.53,381.5741623572847,382.066833967817,378.6082696393877,379.9680480957031,54141400,0.08,0.5,0.91,3.4000000000000004,6.12,335.3233649992864,336.7537767688302,335.02576294384187,336.26416015625,3149400,0.53,0.25,0.52,2.68,4.109999999999999,14.180000305175781,0.13999999999999999,1
2023-11-16,435.42338430911985,436.7222261657172,434.3571620148054,436.4023742675781,66665800,0.12,-0.1,0.54,3.7800000000000002,5.58,379.1994663227181,380.52968563166974,377.93822825333365,380.293212890625,45343500,0.09,-0.2,0.6799999999999999,4.29,7.22,335.6017003588568,336.7729186775096,334.80490158425135,336.02410888671875,3848000,-0.06999999999999999,-0.2,0.59,3.2199999999999998,4.82,14.319999694824219,0.9900000000000001,1
2023-11-17,436.41200351038174,437.55578526494025,435.4911981146269,436.94512939453125,83133200,0.12,0.0,0.47000000000000003,2.31,7.03,379.56407573006413,381.3968298638466,378.65757675359185,380.3819274902344,46571900,0.02,-0.19,0.72,2.02,8.870000000000001,336.47340966275567,336.89667320623033,335.4633662810945,336.13671875,2059200,0.03,0.13,0.43,2.08,5.72,13.800000190734863,-3.63,1
2023-11-20,436.69311009341754,441.1518386514175,436.6834077524104,440.3085632324219,69936200,0.77,-0.06,1.02,3.2,8.04,380.3917383769215,385.6731936771707,380.3917383769215,385.01300048828125,44429600,1.22,0.0,1.39,3.5900000000000003,9.86,335.8192359744048,338.83976606137446,335.7903784351109,338.14715576171875,2904300,0.6,-0.09,0.91,2.52,6.959999999999999,13.40999984741211,-2.83,1
2023-11-21,439.2617666852585,440.1826017776666,438.07923457831345,439.3489990234375,49244600,-0.22,-0.24,0.48,1.01,7.000000000000001,383.30836938457026,383.5251460922471,381.03222898910747,382.7762756347656,43337000,-0.58,-0.44,0.65,0.8099999999999999,8.17,337.7527623559626,337.84896394271334,337.0312944902358,337.47381591796875,1849500,-0.2,-0.12,0.24,0.89,6.0600000000000005,13.350000381469727,-0.44999999999999996,-1
2023-11-22,441.0064463302394,442.3634429416601,439.94992648347943,441.0451965332031,59394900,0.38999999999999996,0.38,0.5499999999999999,1.1900000000000002,8.97,384.84549118485205,387.3088491230448,383.3379173294895,384.34295654296875,44121000,0.41000000000000003,0.54,1.04,1.15,11.34,338.5032100475074,339.70565682049164,338.12803256316323,339.147705078125,3486200,0.5,0.31,0.47000000000000003,0.86,6.94,12.850000381469727,-3.75,1
2023-11-24,441.09367216063396,441.51045868866237,440.7641179584505,441.31658935546875,29737400,0.06,0.01,0.16999999999999998,1.13,10.36,383.9390188541122,384.53023086052497,382.80588004949124,383.80108642578125,15718800,-0.13999999999999999,-0.11,0.44999999999999996,0.9199999999999999,13.34,339.7247862812743,340.4847406399246,339.60935612180384,340.3404235839844,1245100,0.35000000000000003,0.16999999999999998,0.26,1.28,8.14,12.460000038146973,-3.04,1
2023-11-27,440.68658238826873,441.5007803874619,440.13408138085987,440.5218200683594,50506000,-0.18,-0.13999999999999999,0.31,0.8200000000000001,10.67,383.3084059170349,385.4170249378711,382.58909448430353,383.466064453125,34139700,-0.09,-0.13,0.74,0.8099999999999999,12.7,340.17695807077297,340.66756567833215,339.3592885103765,339.8787536621094,2532400,-0.13999999999999999,-0.05,0.38,1.11,9.21,12.6899995803833,1.8499999999999999,-1
2023-11-28,440.13404650216097,442.2567884526749,439.5718727783306,440.95794677734375,62115000,0.1,-0.09,0.61,0.15,9.47,382.7172203824897,385.0524793485773,382.3624811341902,384.47113037109375,35491100,0.26,-0.2,0.7000000000000001,-0.13999999999999999,11.74,340.0421716773193,341.62942421792565,339.6573947473473,340.6385803222656,2759600,0.22,0.05,0.58,0.74,7.7700000000000005,12.6899995803833,0.0,1
2023-11-29,443.10982596571546,444.24390548723534,440.2504452581405,440.6478271484375,63146000,-0.06999999999999999,0.49,0.91,0.3,8.709999999999999,386.934473278994,388.36323313049917,383.7518035091755,384.0966796875,38811700,-0.1,0.64,1.2,0.33999999999999997,11.1,341.4659754637743,342.5818494268179,340.8887952268061,341.15814208984375,2736300,0.15,0.24,0.5,1.09,7.53,12.979999542236328,2.29,-1
2023-11-30,441.4910541020233,442.7317408428034,439.41676478055234,442.3827819824219,79752700,0.38999999999999996,0.19,0.75,0.3,7.9799999999999995,384.3626910552762,384.82580359682476,380.16514915622366,383.1310119628906,52834400,-0.25,0.06999999999999999,1.21,-0.32,8.93,343.1397485033428,346.4777411996542,342.88965959098294,346.3045959472656,4094300,1.51,0.58,1.05,2.11,8.43,12.920000076293945,-0.45999999999999996,1
2023-12-01,441.77216442546705,445.53300475365734,441.18091323402564,444.9999084472656,89183400,0.59,-0.13999999999999999,0.98,0.83,6.58,382.0668274225255,384.8159433818808,380.4114580563647,384.2247314453125,40490100,0.29,-0.27999999999999997,1.15,0.11,7.290000000000001,346.3237359261594,349.4308674910826,346.16981928898764,349.23846435546875,5852500,0.8500000000000001,0.01,0.9400000000000001,2.6100000000000003,7.5,12.630000114440918,-2.2399999999999998,1
2023-12-04,441.60739008872554,445.019271433423,440.3860783753154,442.6639099121094,72430900,-0.52,-0.76,1.04,0.49,5.06,380.43116662675254,380.93370129993264,377.05144654193924,380.6578063964844,51186900,-0.9299999999999999,-0.9900000000000001,1.01,-0.73,5.06,347.41081064637706,349.14235108944473,347.28575152277415,348.8441467285156,4211000,-0.11,-0.52,0.53,2.64,6.68,13.079999923706055,3.56,-1
2023-12-05,441.277788081457,443.53621469221554,440.8997517995739,442.5766296386719,69793500,-0.02,-0.31,0.6,0.37,4.8,378.7560667953098,382.80581269666436,378.57868217539163,381.6135559082031,42933000,0.25,-0.5,1.11,-0.74,4.9,348.09391332149704,348.4787197918225,346.9780684987117,348.14202880859375,5372700,-0.2,-0.22,0.43,2.1999999999999997,6.329999999999999,12.850000381469727,-1.76,-1
2023-12-06,444.718815610949,444.7478930540511,440.35702166378525,440.793212890625,69124700,-0.4,0.48,0.9900000000000001,0.03,4.08,384.5498955042343,384.64843584230624,379.061556510073,379.4064025878906,41994100,-0.58,0.77,1.46,-1.22,3.3099999999999996,349.0076577004207,349.7194965696864,347.1029720489513,347.4781494140625,5583700,-0.19,0.25,0.75,1.8499999999999999,5.9799999999999995,12.970000267028809,0.9299999999999999,-1
2023-12-07,442.87721048702326,444.8060833872283,442.2762568948173,444.15667724609375,66995400,0.76,0.47000000000000003,0.5700000000000001,0.4,4.8,382.3821847930193,385.5352653367791,381.28843808447164,384.70758056640625,49593500,1.4000000000000001,0.7799999999999999,1.1199999999999999,0.41000000000000003,4.6899999999999995,348.1900310608963,348.57480808191775,347.1992162873785,348.0649719238281,3295600,0.16999999999999998,0.2,0.4,0.51,6.29,13.0600004196167,0.69,1
2023-12-08,443.4102636541943,446.5992278993257,443.16794177253433,446.0661315917969,83194400,0.43,-0.16999999999999998,0.77,0.24,6.08,382.9733568864543,386.8654445057405,382.786139271799,386.42205810546875,46687500,0.44999999999999996,-0.44999999999999996,1.06,0.5700000000000001,5.970000000000001,347.9976300449461,349.8445713442181,347.6320816287186,349.3058776855469,2930400,0.36,-0.02,0.64,0.02,7.3,12.350000381469727,-5.4399999999999995,1
2023-12-11,445.5717979195869,447.97564170163525,445.358553474564,447.8011474609375,65002200,0.38999999999999996,-0.11,0.59,1.16,4.8500000000000005,385.998334821996,389.9889928166888,385.7914211700645,389.7229309082031,41198000,0.8500000000000001,-0.11,1.09,2.3800000000000003,4.53,349.76766274492667,350.9893378867508,349.190482522329,350.8161926269531,3673200,0.43,0.13,0.51,0.5700000000000001,6.54,12.630000114440918,2.27,1
2023-12-12,447.45223299144266,449.94330918636626,446.45386796122364,449.84637451171875,68327600,0.45999999999999996,-0.08,0.7799999999999999,1.6400000000000001,5.43,389.7623492734944,392.9450185979474,388.6292106206721,392.8267822265625,39221200,0.8,0.01,1.11,2.94,5.6899999999999995,351.508806897425,352.73048205271556,350.56607821157024,352.47076416015625,3239600,0.47000000000000003,0.2,0.62,1.24,6.859999999999999,12.069999694824219,-4.43,1
2023-12-13,450.2243768877482,456.3018289230582,449.8657452173365,456.0498046875,93278000,1.38,0.08,1.43,3.46,4.8500000000000005,393.7628698170913,398.4333872596561,392.99430327502,397.8224792480469,55408100,1.27,0.24,1.38,4.8500000000000005,4.78,352.65348656973566,357.5979309082031,352.0763064255865,357.5979309082031,4304800,1.4500000000000002,0.05,1.5699999999999998,2.91,6.909999999999999,12.1899995803833,0.9900000000000001,1
2023-12-14,457.98836917003774,459.1806035101216,454.83818462019093,457.513427734375,119026000,0.32,0.43,0.95,3.01,4.97,399.04429214654004,400.34492229164994,394.47228535433857,397.47760009765625,55447800,-0.09,0.31,1.48,3.32,4.61,358.531093618194,359.4545937540776,357.1362731605604,359.12750244140625,5507000,0.43,0.26,0.65,3.18,6.800000000000001,12.479999542236328,2.3800000000000003,1
2023-12-15,456.9158807196401,458.09349529466084,454.91105501868043,456.7601623535156,141553700,-0.16,-0.13,0.7000000000000001,2.4,4.66,398.25604602017006,400.58147183446255,397.6550010435614,399.3990478515625,62896600,0.48,0.2,0.74,3.36,5.0200000000000005,358.39772754879425,359.98853030323346,358.00243948550565,359.25579833984375,6948400,0.04,-0.2,0.5499999999999999,2.85,6.909999999999999,12.279999732971191,-1.6,-1
2023-12-18,458.3659919459903,460.3124269591709,457.30518842783584,459.3294677734375,70375300,0.5599999999999999,0.35000000000000003,0.66,2.5700000000000003,5.12,399.7919595715153,402.8131297549099,399.4661600981629,401.9146728515625,46610000,0.63,0.1,0.84,3.1300000000000003,5.66,359.8920414233349,360.4512113628263,359.381065136087,359.5931701660156,3403200,0.09,0.18,0.3,2.5,6.98,12.5600004196167,2.2800000000000002,1
2023-12-19,459.8743983485583,462.2004020971749,459.7965540277921,462.1225280761719,55761800,0.61,0.12,0.52,2.73,4.95,402.3689135561145,404.0868258236816,402.18132197168427,403.9683532714844,35711900,0.51,0.11,0.47000000000000003,2.8400000000000003,4.92,359.84381067371874,362.08054922848504,359.72812237299866,362.022705078125,3749200,0.6799999999999999,0.06999999999999999,0.65,2.71,7.06,12.529999732971191,-0.24,1
2023-12-20,461.26613266046417,463.15417688283,455.2905929826461,455.71881103515625,102921000,-1.39,-0.19,1.7000000000000002,-0.06999999999999999,3.73,403.1686352259005,405.26173067173573,397.78777579004617,397.9654846191406,54042400,-1.49,-0.2,1.8499999999999999,0.04,3.9699999999999998,361.2224875453381,362.83253200938805,357.3081805855643,357.4913635253906,4564700,-1.25,-0.22,1.53,-0.03,5.93,13.670000076293945,9.1,-1
2023-12-21,458.7065232314146,460.31235562864003,456.2832215195996,460.03985595703125,86667500,0.95,0.66,0.88,0.5499999999999999,4.31,401.89499509252914,402.9613083279881,399.33786206115974,402.5959777832031,45568900,1.16,0.9900000000000001,0.91,1.29,4.75,359.5064185026259,360.7019035803335,357.83850027142466,360.46087646484375,3837500,0.83,0.5599999999999999,0.8,0.37,6.279999999999999,13.649999618530273,-0.15,1
2023-12-22,461.16881437336167,462.64812393044707,459.06669078214355,460.9644470214844,67160400,0.2,0.25,0.7799999999999999,0.9199999999999999,4.45,403.81030931871925,404.7680024555693,401.32229576593045,403.19818115234375,34314000,0.15,0.3,0.86,0.95,5.050000000000001,360.2294660619027,361.8395105658998,359.2074841196065,360.3836975097656,3330700,-0.02,-0.06,0.73,0.31,5.89,13.029999732971191,-4.54,1
2023-12-26,461.37315728833744,463.8159126462135,461.29528326802847,462.91082763671875,55387000,0.42,0.09,0.5499999999999999,0.7799999999999999,5.08,404.05715114237404,406.3378378440753,403.95841398590886,405.6664733886719,22722500,0.61,0.21,0.59,0.9299999999999999,5.79,360.2680387347822,362.59154363124344,360.17162200527764,361.87811279296875,2217800,0.41000000000000003,-0.03,0.67,0.64,6.47,12.989999771118164,-0.31,1
2023-12-27,462.7064835048319,463.8938099220547,462.1712258143802,463.7478332519531,68000300,0.18,-0.04,0.37,0.35000000000000003,5.17,405.9490452519644,406.77881943678676,405.08960720527585,406.4923400878906,31980500,0.2,0.06999999999999999,0.42,0.62,5.7299999999999995,361.63702682873475,363.26637219876596,361.29958304151074,363.04461669921875,3061200,0.32,-0.06999999999999999,0.54,0.27999999999999997,6.58,12.430000305175781,-4.31,1
2023-12-28,464.10794836189996,464.75998742977106,463.5045582870676,463.92303466796875,77158100,0.04,0.08,0.27,1.7999999999999998,5.28,407.6481227170023,407.8950804007767,405.9391646926511,406.2947692871094,27029200,-0.05,0.27999999999999997,0.48,2.09,5.779999999999999,363.00600658761573,364.13402612030603,363.00600658761573,363.4977111816406,2620400,0.12,-0.01,0.31,1.68,6.550000000000001,12.470000267028809,0.32,1
2023-12-29,463.7283454487912,464.25389115635505,460.62377959337147,462.5799560546875,122283100,-0.29,-0.04,0.7799999999999999,0.5499999999999999,4.569999999999999,406.2750297554996,406.6306645016134,402.620043921107,404.53643798828125,42662100,-0.43,-0.0,0.9900000000000001,0.48,5.59,363.42068152719355,363.9123568153963,361.8009570169399,363.3435363769531,3364400,-0.04,-0.02,0.58,0.8,4.92,12.449999809265137,-0.16,-1
2024-01-02,459.5143439023402,460.9839117212058,457.8890577311239,459.9912109375,123623700,-0.5599999999999999,-0.66,0.67,-0.21,3.37,400.90124598022527,401.1482036788243,395.3693875023656,397.6907958984375,58026900,-1.69,-0.8999999999999999,1.43,-1.37,3.5000000000000004,361.34784739978517,364.2594738465963,361.34784739978517,363.5556640625,5776300,0.06,-0.5499999999999999,0.8,0.88,4.1000000000000005,13.199999809265137,6.02,-1
2024-01-03,457.83068032303305,458.570335093064,455.6312290704376,456.234619140625,103585900,-0.8200000000000001,-0.47000000000000003,0.64,-1.44,3.0700000000000003,395.06310955186376,396.12009559564825,393.04795670596747,393.4825744628906,47002800,-1.06,-0.66,0.77,-3.0,3.37,362.09019440670284,362.62044225129563,360.48012045266603,360.77899169921875,6393600,-0.76,-0.4,0.59,-0.3,3.42,14.039999961853027,6.36,-1
2024-01-04,455.75768568069975,458.34644746704663,454.54116395968543,454.7650146484375,84232200,-0.32,-0.1,0.83,-1.94,2.75,391.61557604906113,394.7272364938344,391.2401955875345,391.45751953125,39432800,-0.51,-0.47000000000000003,0.89,-3.6999999999999997,2.58,361.38638871952384,363.68097141650776,360.96217867021994,361.09716796875,4251900,0.09,0.16999999999999998,0.75,-0.54,3.7199999999999998,14.130000114440918,0.64,-1
2024-01-05,454.9694333616534,457.8404368275673,453.9378252017517,455.387939453125,86118900,0.13999999999999999,0.04,0.86,-1.8399999999999999,3.3099999999999996,391.6254768256185,394.6976157049845,390.52896911808637,391.92181396484375,44922800,0.12,0.04,1.06,-3.54,3.3000000000000003,360.99111955727807,362.7458039960887,359.8149060724138,361.193603515625,5381700,0.03,-0.03,0.8099999999999999,-0.63,3.95,13.350000381469727,-5.52,1
2024-01-08,455.884242835596,462.0349842457667,455.7577198150965,461.8890075683594,74879100,1.43,0.11,1.38,-0.15,3.9899999999999998,393.14674065665804,400.30851341401365,392.99857207712546,400.0220642089844,42473800,2.07,0.31,1.87,-1.1199999999999999,3.9800000000000004,359.99800998705575,363.4398834561653,359.10139638754777,363.3145446777344,4604900,0.59,-0.33,1.2,-0.01,4.38,13.079999923706055,-2.02,1
2024-01-09,459.2320864754785,462.21012932199153,458.72602412321226,461.1882629394531,65931400,-0.15,-0.58,0.75,0.26,3.39,397.01905052593867,401.74088018825046,396.82147232234684,400.81231689453125,39132900,0.2,-0.75,1.23,0.7799999999999999,3.7199999999999998,361.34774550060166,362.11904972229496,360.3354436485483,361.714111328125,3230900,-0.44,-0.54,0.49,-0.51,3.55,12.760000228881836,-2.45,-1
2024-01-10,461.4607928330298,464.66268658164086,461.1785514545196,463.7965087890625,67310600,0.5700000000000001,0.06,0.76,1.66,3.5700000000000003,401.1283874203117,404.53638497432706,400.2393458908381,403.52880859375,33962800,0.6799999999999999,0.08,1.0699999999999998,2.55,3.54,362.0708790690903,363.9219800468581,361.8202309052247,363.420654296875,2718700,0.47000000000000003,0.1,0.58,0.73,3.5900000000000003,12.6899995803833,-0.5499999999999999,1
2024-01-11,464.7989126874992,465.3147167416708,459.6116768106503,463.5921325683594,77940700,-0.04,0.22,1.23,1.94,3.06,404.80317822236947,406.196023220601,399.32069938087903,404.3685302734375,54536200,0.21,0.32,1.7000000000000002,3.3000000000000003,2.94,364.21122349067764,364.54866731866264,360.8175724791443,363.6327819824219,4095700,0.06,0.22,1.03,0.7000000000000001,3.17,12.4399995803833,-1.97,-1
2024-01-12,465.0422353972928,465.78189018349474,462.50215203979474,463.9132995605469,58026400,0.06999999999999999,0.31,0.7100000000000001,1.87,1.72,405.4056713013919,406.24533333874797,403.1830524563775,404.5758972167969,39595000,0.05,0.26,0.76,3.2300000000000004,1.7000000000000002,363.93159525647013,364.6739480219672,361.280297551089,362.4179382324219,3816700,-0.33,0.08,0.9299999999999999,0.33999999999999997,1.35,12.699999809265137,2.09,1
2024-01-16,462.5312613474479,463.8450809361397,460.39017141732785,462.2100830078125,85014900,-0.37,-0.3,0.74,0.06999999999999999,1.03,403.34117122141964,406.1169732179159,401.8791708584222,404.53643798828125,43903000,-0.01,-0.31,1.05,1.13,1.78,361.5116671821491,362.0515654416528,358.68683710613,360.2486877441406,4471600,-0.6,-0.25,0.9299999999999999,-0.84,0.31,13.84000015258789,8.98,-1
2024-01-17,459.18345575970955,460.1274778564824,457.28566988777015,459.640869140625,68843900,-0.5599999999999999,-0.65,0.61,-0.33999999999999997,0.63,401.22719441535935,402.62989707760573,398.0167447545256,402.2545166015625,54386000,-0.5599999999999999,-0.8200000000000001,1.1400000000000001,0.36,0.7100000000000001,358.40725153969584,360.33546809135527,358.01196361593566,359.3424377441406,4361000,-0.25,-0.51,0.64,-0.66,0.02,14.789999961853027,6.859999999999999,-1
2024-01-18,461.314802822399,464.28310409945385,459.7673906749951,463.7283630371094,91856200,0.89,0.36,0.98,-0.01,0.96,405.5242294407698,408.54698883190395,404.1807942207987,407.96417236328125,59562500,1.4200000000000002,0.8099999999999999,1.09,1.0999999999999999,1.51,358.87003545975296,361.85874758831534,358.0312365419228,361.357421875,3953400,0.5599999999999999,-0.13,1.0699999999999998,-0.5700000000000001,0.49,14.130000114440918,-4.46,1
2024-01-19,464.85726900395974,469.7914881784232,463.7770119836413,469.5092468261719,110834500,1.25,0.24,1.3,1.28,1.6,410.1670120974889,416.21253038631954,409.58419567643597,416.0544738769531,70325100,1.9800000000000002,0.54,1.6199999999999999,2.8899999999999997,2.9899999999999998,362.49871604758175,365.96183028284787,361.22536205919204,365.21905517578125,5218600,1.0699999999999998,0.32,1.31,0.44,0.88,13.300000190734863,-5.87,1
2024-01-22,471.0469830334159,472.22456782073624,469.8499148891261,470.5019836425781,75844900,0.21,0.33,0.51,1.4200000000000002,3.2399999999999998,418.2573876461551,419.5613313657799,415.9952469706817,416.59783935546875,44880600,0.13,0.53,0.86,2.97,4.68,366.27044972464256,367.6113070278278,365.6819939178195,366.63702392578125,5433400,0.38999999999999996,0.29,0.53,1.16,2.56,13.1899995803833,-0.83,1
2024-01-23,471.0469649925702,472.1174803762762,469.956966252641,471.8741760253906,49945300,0.29,0.12,0.45999999999999996,2.09,2.5700000000000003,417.28929780686303,418.5438620366408,415.4519472523529,418.3265380859375,33003800,0.41000000000000003,0.16999999999999998,0.74,3.4099999999999997,3.91,365.9521308876818,366.4248326624624,364.62092944570605,365.6434631347656,3110100,-0.27,-0.19,0.49,1.5,1.44,12.550000190734863,-4.8500000000000005,1
2024-01-24,474.74521482696895,475.679495288325,471.89369474893255,472.3900451660156,81765000,0.11,0.61,0.8,2.77,2.48,422.23837238038595,424.6190480726647,420.1540338505478,420.64794921875,46948000,0.5499999999999999,0.9400000000000001,1.0699999999999998,4.569999999999999,4.33,366.772118289652,367.1676310721616,364.58235816301146,364.72705078125,3967200,-0.25,0.31,0.7100000000000001,1.5,1.21,13.140000343322754,4.7,1
2024-01-25,474.52132983790426,475.23178923650255,472.3900110425858,474.95928955078125,72525000,0.54,0.44999999999999996,0.6,2.42,2.6,423.14710962158966,423.8188573538376,418.820436831776,421.1615905761719,44367200,0.12,0.59,1.1900000000000002,3.2300000000000004,3.82,365.67242329020377,367.1097523564853,364.5630739701012,367.0325927734375,3539100,0.63,0.26,0.7000000000000001,1.5699999999999998,1.4200000000000002,13.449999809265137,2.36,1
2024-01-26,474.5310374710035,476.02005880762255,473.50917114792156,474.3558654785156,76641600,-0.13,-0.09,0.53,1.03,2.29,419.274865020307,421.02331450792843,418.0005549754572,418.65252685546875,37137000,-0.6,-0.44999999999999996,0.72,0.62,2.9899999999999998,366.5502170091035,368.6242227634561,366.52127848933054,367.6209716796875,3221000,0.16,-0.13,0.5700000000000001,0.66,1.26,13.260000228881836,-1.41,-1
2024-01-29,474.6672893815564,478.2584636321044,474.1222900638797,478.1124572753906,61322800,0.79,0.06999999999999999,0.8699999999999999,1.6199999999999999,3.06,419.10690942510337,423.1372754590085,418.45493756237755,422.939697265625,38694700,1.02,0.11,1.1199999999999999,1.52,4.1000000000000005,367.5341578570324,369.85898375305794,367.09042407208864,369.76251220703125,2730900,0.58,-0.02,0.75,0.8500000000000001,1.72,13.600000381469727,2.56,1
2024-01-30,477.4214974259143,478.45310543351826,476.9835377414516,477.74267578125,58618400,-0.08,-0.13999999999999999,0.31,1.24,3.2800000000000002,421.9025030173065,422.47543156579263,419.21560227550077,420.1243896484375,36739000,-0.67,-0.25,0.77,0.43,3.85,369.289797016405,371.3445200083295,368.9714438953855,370.9007568359375,2747900,0.31,-0.13,0.64,1.44,2.08,13.3100004196167,-2.13,-1
2024-01-31,475.5334936248827,475.98116532447904,469.9277517507619,469.9472351074219,126011100,-1.63,-0.45999999999999996,1.27,-0.52,2.16,415.72853974147705,417.7239468242111,411.7179496692199,411.895751953125,64010600,-1.96,-1.05,1.43,-2.08,3.5700000000000003,371.5953913991665,372.18384728214284,367.86217475841414,367.89111328125,4476600,-0.8099999999999999,0.19,1.17,0.8699999999999999,1.1900000000000002,14.350000381469727,7.8100000000000005,-1
2024-02-01,471.65038103588824,476.1271872790658,470.8425939142762,476.0979919433594,91891600,1.31,0.36,1.1199999999999999,0.24,4.35,413.69357879209707,417.2398869717804,412.7254939669641,416.7459716796875,51008600,1.18,0.44,1.0999999999999999,-1.05,5.91,367.92001666240316,371.5374788662921,367.5052213950464,371.4892578125,3652500,0.98,0.01,1.0999999999999999,1.21,2.97,13.880000114440918,-3.2800000000000002,1
2024-02-02,476.53591254829524,482.7644982110768,476.1952805049677,481.11004638671875,99228200,1.05,0.09,1.38,1.4200000000000002,5.79,418.64262610680913,425.0042580366374,417.6449376290023,423.78924560546875,59602400,1.69,0.45999999999999996,1.77,1.23,8.260000000000002,370.41834462448986,374.0744000608978,369.69485243580334,372.7624816894531,3344800,0.33999999999999997,-0.29,1.18,1.4000000000000001,3.2300000000000004,13.850000381469727,-0.22,1
2024-02-05,480.4774696836803,481.1392504253947,477.1004039249224,479.3582458496094,75757100,-0.36,-0.13,0.84,0.26,5.26,423.84847308382064,424.3818798903596,419.8279953986802,423.23602294921875,39889200,-0.13,0.01,1.0699999999999998,0.06999999999999999,7.99,372.34786718198876,372.34786718198876,368.614650092565,370.0230407714844,3761600,-0.73,-0.11,1.0,0.06999999999999999,2.44,13.670000076293945,-1.3,-1
2024-02-06,480.3022375794468,481.0808293147646,478.871606822303,480.74993896484375,55918600,0.29,0.2,0.45999999999999996,0.63,4.08,424.3819121925699,424.9845045666784,420.0453513036871,422.3865051269531,35846100,-0.2,0.27,1.17,0.54,5.59,370.35096446714766,371.74969883463785,369.9457957533268,371.4699401855469,2507800,0.38999999999999996,0.09,0.49,0.15,2.2399999999999998,13.0600004196167,-4.46,1
2024-02-07,482.9981222525648,485.17811995237605,482.0930074037672,484.7596435546875,70556500,0.83,0.47000000000000003,0.64,3.15,5.11,425.1722119616388,427.56274535553325,423.8682682124962,426.73297119140625,37712700,1.03,0.66,0.8699999999999999,3.5999999999999996,6.47,372.73368150656427,373.75621515760105,372.0198155969659,373.0037841796875,2797600,0.41000000000000003,0.33999999999999997,0.47000000000000003,1.39,3.1199999999999997,12.829999923706055,-1.76,1
2024-02-08,484.759615339305,485.3532637246949,483.9421162494583,484.9737243652344,52343600,0.04,-0.0,0.29,1.8599999999999999,4.569999999999999,426.8515370812875,428.28390374796925,426.16996158844313,427.5232849121094,29889900,0.19,0.03,0.5,2.59,5.949999999999999,373.7754830822942,373.95877018606916,371.8847644443326,373.65972900390625,2549800,0.18,0.21,0.5599999999999999,0.58,2.82,12.789999961853027,-0.31,1
2024-02-09,485.47983301227384,488.214571917586,485.1392009339813,487.7766418457031,63979400,0.58,0.1,0.63,1.39,5.220000000000001,428.65927564991955,432.5216974781875,427.8690231128558,431.7314147949219,36943900,0.98,0.27,1.09,1.87,6.77,373.5053306238636,373.8043717661583,372.12587897534587,373.05194091796875,3526300,-0.16,-0.04,0.44999999999999996,0.08,2.59,12.930000305175781,1.09,1
2024-02-12,487.7473831666172,490.01496666720067,486.84226840178366,487.5624694824219,56502300,-0.04,-0.01,0.65,1.71,5.1,431.62271030244636,433.7959497087528,429.3605697585453,430.04217529296875,33203300,-0.38999999999999996,-0.03,1.03,1.6099999999999999,6.29,372.83017460734436,375.6469852457203,372.78195354586364,374.3929138183594,2412200,0.36,-0.06,0.77,1.18,3.3000000000000003,13.930000305175781,7.7299999999999995,-1
2024-02-13,481.28515815868167,483.77659211196044,477.5772025602381,480.8471984863281,113099200,-1.38,-1.29,1.27,0.02,4.03,422.08030471765994,426.0217396052204,420.15402277397357,423.3348388671875,64491700,-1.5599999999999998,-1.8499999999999999,1.3599999999999999,0.22,4.65,371.46033336157194,371.54714892507553,367.0132510155525,369.28985595703125,5325300,-1.3599999999999999,-0.7799999999999999,1.21,-0.59,2.5100000000000002,15.850000381469727,13.780000000000001,-1
2024-02-14,483.4847151074999,485.70364975049426,481.1587110987094,485.217041015625,68387800,0.91,0.5499999999999999,0.95,0.09,5.56,426.0118584018304,428.3727579939155,423.66081661689094,427.947998046875,45092700,1.09,0.63,1.11,0.27999999999999997,6.39,370.42809659624464,370.9586458965066,368.56631661360314,370.7078552246094,3465200,0.38,0.31,0.65,-0.62,3.16,14.380000114440918,-9.27,1
2024-02-15,485.9177581862181,488.74982458371477,485.4408614304675,488.5649108886719,61683000,0.69,0.13999999999999999,0.6799999999999999,0.74,5.36,428.6395040700747,429.6866021844067,426.0809960674444,429.2223205566406,38796100,0.3,0.16,0.84,0.4,5.21,371.57598592270904,374.60499158695444,371.2769448060185,374.52783203125,3497200,1.03,0.22999999999999998,0.8999999999999999,0.22999999999999998,3.64,14.010000228881836,-2.5700000000000003,1
2024-02-16,488.2632457352468,489.40189361100556,485.3922421472117,486.13189697265625,75532900,-0.5,-0.06,0.8200000000000001,-0.33999999999999997,3.54,429.59769698417165,429.6964559347723,424.6190219381849,425.33026123046875,53716500,-0.91,0.09,1.18,-1.48,2.23,374.0757728833409,375.1192338893914,372.65548767606043,373.12890625,3772300,-0.37,-0.12,0.66,0.02,2.17,14.239999771118164,1.6400000000000001,-1
2024-02-20,484.3897552215933,485.06127758934093,481.20734508331265,483.4554748535156,71736700,-0.5499999999999999,-0.36,0.79,-0.84,2.75,423.3348244505183,424.8462041800542,418.34629159155463,422.11981201171875,53999500,-0.75,-0.47000000000000003,1.53,-1.8399999999999999,1.3299999999999998,372.4718772331265,373.4960251683565,371.53468191668486,372.6457824707031,3295700,-0.13,-0.18,0.53,-0.47000000000000003,1.6400000000000001,15.420000076293945,8.290000000000001,-1
2024-02-21,482.15136438471933,484.0491204434422,480.3411646253707,483.8934020996094,59293400,0.09,-0.27,0.77,0.63,2.55,419.3835049137998,420.51953431757676,416.49905619784107,420.43060302734375,49779000,-0.4,-0.65,0.95,-0.69,0.5,371.9404287403108,373.1095270915286,370.3559097921116,372.9935607910156,3027600,0.09,-0.19,0.74,1.0,2.01,15.34000015258789,-0.52,1
2024-02-22,490.51134795574427,494.87134322560775,489.5478424615369,493.9078674316406,76402500,2.07,1.37,1.0999999999999999,1.79,4.5600000000000005,429.2025325203063,433.7761932856845,428.43202581368143,432.7389831542969,53887800,2.93,2.09,1.27,1.1199999999999999,2.87,375.22543248986375,378.23026587529154,374.79066943392036,377.33172607421875,4990700,1.16,0.6,0.9199999999999999,1.79,3.46,14.539999961853027,-5.220000000000001,1
2024-02-23,495.6303650235551,496.467347347948,493.51850010895726,494.2484130859375,61321800,0.06999999999999999,0.35000000000000003,0.6,1.16,4.06,434.29976044260496,435.22832371062657,430.48674841765705,431.4646911621094,39853900,-0.29,0.36,1.0999999999999999,0.52,2.45,378.5201714986167,379.5539907477321,377.69894242650554,378.0467529296875,3451600,0.19,0.31,0.49,0.9400000000000001,3.0,13.75,-5.43,1
2024-02-26,494.6864234153272,495.12438315275733,492.3117704350963,492.43829345703125,50386700,-0.37,0.09,0.5700000000000001,1.3,3.81,432.27469754338847,433.26252819127274,431.0497670405967,431.2374572753906,33043200,-0.05,0.19,0.51,1.39,3.01,378.2109645361059,379.13848856944145,377.0418661503172,377.4959716796875,1914100,-0.15,0.04,0.5499999999999999,1.17,2.69,13.739999771118164,-0.06999999999999999,-1
2024-02-27,493.1292978892794,493.5769696039291,491.2315119659273,493.3531188964844,48854500,0.19,0.13999999999999999,0.48,2.0500000000000003,3.19,432.34390514465196,432.6599880790419,429.73601744906733,432.2747497558594,33713200,0.24,0.26,0.6799999999999999,2.41,2.21,377.1578143042963,377.24479640623156,375.6022794671117,376.48150634765625,2370900,-0.27,-0.09,0.44,1.03,1.82,13.430000305175781,-2.26,1
2024-02-28,491.7959350516518,493.28495648375826,491.4358493661455,492.7010498046875,56506600,-0.13,-0.32,0.37,1.82,3.1300000000000003,430.1311095062372,431.3560400595294,429.0148560047162,429.9730529785156,32938800,-0.53,-0.5,0.54,2.27,2.34,374.8197222848647,376.5588337980647,374.49122475394745,376.423583984375,3313900,-0.02,-0.44,0.5499999999999999,0.9199999999999999,1.49,13.84000015258789,3.05,-1
2024-02-29,494.46257806109645,496.0878345083775,491.815425510208,494.4722900390625,83924800,0.36,0.36,0.8699999999999999,0.11,5.220000000000001,432.89706552748044,434.73441618907316,429.7261072238398,433.6576843261719,42495200,0.86,0.6799999999999999,1.16,0.21,5.28,377.47668216539626,377.8824610553122,375.312449457953,376.76171875,3026900,0.09,0.27999999999999997,0.6799999999999999,-0.15,2.41,13.399999618530273,-3.18,1
2024-03-01,495.3482154895911,499.54275051356746,494.9394511031337,499.1145324707031,76844800,0.9400000000000001,0.18,0.9299999999999999,0.98,4.83,434.5467204654234,441.1454223300951,434.487453034906,440.1872253417969,43853000,1.51,0.21,1.54,2.02,5.62,376.66513064006267,378.3655867206337,375.72793522952793,378.07574462890625,3857500,0.35000000000000003,-0.03,0.7000000000000001,0.01,1.77,13.109999656677246,-2.16,1
2024-03-04,498.3165563504212,500.4284215717115,498.2873313148722,498.57928466796875,49799300,-0.11,-0.16,0.43,1.25,3.63,440.1871630922779,440.6119531458478,438.3695584723158,438.61651611328125,34325700,-0.36,-0.0,0.51,1.71,3.5000000000000004,376.1820448056544,378.0177802054061,376.1820448056544,377.03228759765625,3048500,-0.27999999999999997,-0.5,0.49,-0.12,1.15,13.489999771118164,2.9000000000000004,-1
2024-03-05,496.5744479650044,497.0221493633574,491.38721217314117,493.5964050292969,72855600,-1.0,-0.4,1.13,0.05,2.97,435.57409820043125,435.5839861548268,428.37280351125247,430.74359130859375,57917100,-1.79,-0.69,1.6400000000000001,-0.35000000000000003,1.77,375.83419736602855,376.12406894054277,371.9018687590624,373.12890625,4132400,-1.04,-0.32,1.1199999999999999,-0.89,0.84,14.460000038146973,7.19,-1
2024-03-06,496.8761267293977,498.3554361707815,494.8031986362925,496.0975646972656,68382400,0.51,0.66,0.72,0.69,3.19,434.9616055413098,436.61126586958386,431.5733535962779,433.4502258300781,46234500,0.63,0.98,1.17,0.8099999999999999,2.62,375.3511116462472,375.9694807569055,373.07094189298425,374.0854187011719,3039100,0.26,0.6,0.7799999999999999,-0.62,0.7000000000000001,14.5,0.27999999999999997,1
2024-03-07,499.396838146908,502.07318625015404,496.1560072661152,501.0220947265625,58652100,0.9900000000000001,0.67,1.1900000000000002,1.32,3.35,437.0361097630394,441.28377008588006,435.4950660018203,440.02923583984375,44526700,1.52,0.83,1.34,1.47,3.1199999999999997,375.91143497151546,376.53944569902075,374.71335243755976,375.3124084472656,2965700,0.33,0.49,0.49,-0.38,0.62,14.4399995803833,-0.41000000000000003,1
2024-03-08,501.6547157196658,504.34074613282087,497.4406672975321,498.0148620605469,86532500,-0.6,0.13,1.38,-0.22,2.69,440.38477719851295,443.18035480422833,433.0056810784902,433.6773986816406,72096000,-1.44,0.08,2.31,-1.48,1.44,375.1095869105021,377.21588100715786,374.5975128630937,374.8680419921875,4256900,-0.12,-0.05,0.7000000000000001,-0.8500000000000001,0.32,14.739999771118164,2.08,-1
2024-03-11,496.80801634913047,498.1705147342669,494.881035254285,497.5865783691406,62557200,-0.09,-0.24,0.66,-0.2,2.01,432.1857650703702,433.3217642038406,430.1409485424055,432.0672302246094,45860000,-0.37,-0.33999999999999997,0.73,-1.49,0.08,373.8342692422121,375.505741282671,372.4622810698547,375.2835388183594,3396000,0.11,-0.27999999999999997,0.8099999999999999,-0.45999999999999996,0.6,15.220000267028809,3.26,-1
2024-03-12,499.6984700657358,503.5232071984046,497.17781094345105,502.9393005371094,73114400,1.08,0.42,1.28,1.8900000000000001,3.15,434.3788187851117,438.6165909215912,431.14859299678636,438.260986328125,55300900,1.43,0.54,1.73,1.7500000000000002,1.91,376.0757680670769,378.2013751508147,374.72312241627276,377.5733642578125,3275800,0.61,0.21,0.9299999999999999,1.1900000000000002,0.8500000000000001,13.84000015258789,-9.07,1
2024-03-13,503.2604525888654,503.43562459877114,500.7106276661075,502.1509704589844,55104100,-0.16,0.06,0.54,1.22,4.43,437.2632743369456,437.2830502454642,433.7762330042358,434.8924865722656,37928700,-0.77,-0.22999999999999998,0.8,0.33,2.73,378.4428445506949,379.5056478804782,376.8679672736692,377.9887390136719,2788700,0.11,0.22999999999999998,0.7000000000000001,1.04,2.36,13.75,-0.65,-1
2024-03-14,503.1241533654222,503.27990140830235,498.1121195690471,501.1582946777344,110171800,-0.2,0.19,1.03,0.03,3.29,436.12722530080464,436.6507743314446,431.0794252267283,433.79595947265625,52195200,-0.25,0.27999999999999997,1.28,-1.4200000000000002,1.37,378.9066072504384,379.13848088270686,374.72303372703476,376.87762451171875,4471900,-0.29,0.24,1.17,0.42,1.66,14.399999618530273,4.73,-1
2024-03-15,498.08807852140865,499.5426983558434,496.04773772547895,497.71710205078125,107646300,-0.69,-0.61,0.7000000000000001,-0.06,1.87,430.76335642102964,433.5292704242378,427.47386318721965,428.6395263671875,73069800,-1.1900000000000002,-0.7000000000000001,1.4000000000000001,-1.16,-0.13999999999999999,375.5245998886436,376.99673260817696,373.8781745525207,374.80792236328125,4372300,-0.5499999999999999,-0.36,0.83,-0.02,0.06999999999999999,14.40999984741211,0.06999999999999999,-1
2024-03-18,501.78800868482955,503.23282668542583,500.26507469946,500.6750793457031,88893300,0.59,0.8200000000000001,0.6,0.62,2.9899999999999998,433.96402116042105,436.24892486952547,432.4901867270838,432.72760009765625,47323800,0.95,1.24,0.88,0.15,1.7399999999999998,376.1154163865364,376.60932923374395,375.27282962044274,375.51495361328125,2060600,0.19,0.35000000000000003,0.36,0.06,0.64,14.329999923706055,-0.5599999999999999,1
2024-03-19,499.9819809876235,503.7404859733711,498.9764238973626,503.4573974609375,60755300,0.5599999999999999,-0.13999999999999999,0.95,0.1,4.14,430.71965347253405,434.2113053461235,428.6226579939233,433.8057556152344,43004100,0.25,-0.45999999999999996,1.29,-1.02,2.77,375.93138310445715,378.76906908111744,375.263118549387,378.5850524902344,3303800,0.8200000000000001,0.11,0.9299999999999999,0.27,1.59,13.819999694824219,-3.56,1
2024-03-20,503.51601611982346,508.2507627953458,502.84240721032234,508.11407470703125,69594600,0.9199999999999999,0.01,1.0699999999999998,1.1900000000000002,5.01,435.00260289372903,439.28555217441175,433.3012863034724,438.9492492675781,43653500,1.1900000000000002,0.27999999999999997,1.38,0.9299999999999999,4.3999999999999995,377.8586566455808,382.76893778535407,377.6068678183105,382.5461730957031,4823900,1.05,-0.19,1.3599999999999999,1.21,2.56,13.039999961853027,-5.64,1
2024-03-21,510.9549118204902,511.6577769054798,509.5100342818405,509.7931823730469,60256100,0.33,0.5599999999999999,0.42,1.72,3.2199999999999998,444.0038011516447,444.45879569880725,440.82867997846824,441.0264892578125,39345700,0.47000000000000003,1.15,0.83,1.67,1.92,383.82472347064936,386.2556583704362,383.34047537467,385.2193603515625,4348400,0.7000000000000001,0.33,0.76,2.21,2.09,12.920000076293945,-0.9199999999999999,1
2024-03-22,509.70524142108957,510.1933619854548,508.59231223392965,508.82666015625,79070800,-0.19,-0.02,0.31,2.23,2.9499999999999997,440.51210455310553,442.62884172673427,439.6614311607801,441.5309143066406,28253900,0.11,-0.12,0.67,3.01,2.33,385.22905288547526,385.5195899191772,382.06205143733393,382.1007995605469,3156100,-0.8099999999999999,0.0,0.8999999999999999,1.95,1.0699999999999998,13.0600004196167,1.08,-1
2024-03-25,507.4501546887545,508.57285588251494,507.26466648069925,507.4208984375,48512100,-0.27999999999999997,-0.27,0.26,1.35,3.04,438.7316504748345,441.4122331500876,437.73264275386543,439.92852783203125,27789200,-0.36,-0.63,0.83,1.66,2.02,381.5099990456059,381.73273423402617,380.4446474178715,380.570556640625,2535600,-0.4,-0.15,0.33999999999999997,1.35,0.8099999999999999,13.1899995803833,1.0,-1
2024-03-26,508.84619067556724,509.1879108526766,506.0834709315648,506.48370361328125,65463700,-0.18,0.27999999999999997,0.61,0.6,2.6599999999999997,441.4517895723345,442.371709837362,438.2766685525834,438.5041809082031,34142000,-0.32,0.35000000000000003,0.9299999999999999,1.08,1.44,381.27753259549286,381.8489417403223,380.2606235261813,380.47369384765625,3395400,-0.03,0.19,0.42,0.5,1.06,13.239999771118164,0.38,-1
2024-03-27,509.31480779780867,510.7791695687557,507.14752139258985,510.7400817871094,82999800,0.84,0.5599999999999999,0.72,0.52,3.66,441.5902677606485,441.68918748510794,437.12925080626644,439.99774169921875,41359200,0.33999999999999997,0.7000000000000001,1.04,0.24,2.33,382.5559308544569,385.05463760064697,382.0426291421388,385.0352783203125,4427300,1.2,0.5499999999999999,0.79,0.65,2.29,12.779999732971191,-3.47,1
2024-03-28,510.7792051650659,512.1459071621757,510.359428578344,510.64251708984375,96294900,-0.02,0.01,0.35000000000000003,0.16999999999999998,3.27,439.9483005564888,440.79897397057766,438.83057105161373,439.1866760253906,36839600,-0.18,-0.01,0.44999999999999996,-0.42,1.27,385.51954090301217,386.00378893505194,384.5316855578666,385.22900390625,3155000,0.05,0.13,0.38,0.0,2.25,13.010000228881836,1.7999999999999998,-1
2024-04-01,511.38454694008556,511.9214677906554,508.59245126403925,509.7541809082031,62477500,-0.16999999999999998,0.15,0.65,0.18,2.13,440.13622694821476,442.6684148785135,438.2073980092949,440.116455078125,38729000,0.21,0.22,1.02,-0.32,-0.02,385.2871246979743,385.509859884516,382.29447530268413,382.87554931640625,3825200,-0.61,0.02,0.83,0.2,1.27,13.649999618530273,4.92,-1
2024-04-02,505.9272809933223,506.6496900205949,504.20908677438206,506.5130615234375,74230300,-0.64,-0.75,0.48,-0.18,1.59,435.2993359937669,436.63467679175466,433.2716175055322,436.3181457519531,44259700,-0.86,-1.09,0.76,-0.8200000000000001,-0.52,379.62136882527574,379.7860261458722,377.9846082616441,379.2920837402344,4034900,-0.9400000000000001,-0.8500000000000001,0.47000000000000003,-0.33999999999999997,0.6,14.609999656677246,7.03,-1
2024-04-03,505.41957743973774,508.5728771082824,505.3707772955882,507.0694274902344,59155800,0.11,-0.22,0.63,0.12,2.73,434.1914896972789,439.17674771806725,434.1816188556079,437.2973937988281,39949800,0.22,-0.49,1.1400000000000001,-0.27999999999999997,1.52,379.34043699709997,380.5413919162366,377.7036766911431,378.9336853027344,3547000,-0.09,0.01,0.75,-0.4,1.5599999999999998,14.329999923706055,-1.92,1
2024-04-04,511.08186037390533,511.4235209921689,500.5774945359362,500.880126953125,96858100,-1.22,0.79,2.1399999999999997,-1.9300000000000002,0.96,441.48144434714544,442.09473456067286,430.38332749747076,430.61083984375,57267700,-1.53,0.96,2.68,-2.13,-0.66,381.6165506190949,381.8199265422344,373.452134872471,373.85888671875,5041200,-1.34,0.7100000000000001,2.21,-2.9000000000000004,-0.06,16.350000381469727,14.099999999999998,-1
2024-04-05,502.23711314886503,508.0750169684766,501.7977926534172,506.1127624511719,74546500,1.04,0.27,1.25,-0.89,1.02,432.0352324148125,438.35583196490023,431.2241328775379,435.6851501464844,54744600,1.18,0.33,1.66,-0.8,-0.9900000000000001,374.17843959408066,378.1492791486389,373.91692675528964,376.6093444824219,4423500,0.74,0.09,1.13,-2.2399999999999998,0.35000000000000003,16.030000686645508,-1.96,1
2024-04-08,506.8156796872345,507.8211772121714,505.58560615213537,506.3958435058594,48401800,0.06,0.13999999999999999,0.44,-0.66,1.68,436.6149191708532,437.6930747609312,434.42893509137633,435.813720703125,28144900,0.03,0.21,0.75,-0.98,0.49,376.7933848553026,377.8490715828236,376.32852565684664,376.8418273925781,2431300,0.06,0.05,0.4,-1.58,0.53,15.1899995803833,-5.24,1
2024-04-09,508.1335553906493,508.3776156958321,502.12964804913753,506.9815979003906,68049200,0.12,0.33999999999999997,1.23,0.09,1.8900000000000001,438.1480760138876,438.42503314049435,432.6880511524698,437.426025390625,39443600,0.37,0.54,1.32,0.25,1.24,377.34545264502,377.69412661658913,373.5780181164107,376.59002685546875,4003900,-0.06999999999999999,0.13,1.09,-0.7100000000000001,0.35000000000000003,14.979999542236328,-1.38,1
2024-04-10,501.28031218136,503.8966314464908,499.9233821983309,501.9051208496094,82652800,-1.0,-1.1199999999999999,0.7799999999999999,-1.02,-0.21,432.2528279423145,434.46848495231853,431.54064816251855,433.6079406738281,61502200,-0.8699999999999999,-1.18,0.67,-0.84,-1.06,372.7934797145068,373.81038865491985,370.9630081543818,372.3963928222656,5173100,-1.11,-1.01,0.76,-1.73,-1.37,15.800000190734863,5.47,-1
2024-04-11,503.42798467532776,507.1376888010953,499.913540679343,505.69287109375,70099000,0.75,0.3,1.44,0.96,0.7100000000000001,435.4774158620286,441.4814538292868,433.20238290855747,440.5318908691406,45474600,1.6,0.43,1.91,2.3,1.3,373.3262314821041,373.9169999772839,369.96554848508487,372.425537109375,3972800,0.01,0.25,1.06,-0.38,-1.47,14.90999984741211,-5.63,1
2024-04-12,502.14915720623463,503.56471879538526,496.98483316388626,498.7127990722656,92561100,-1.38,-0.7000000000000001,1.3,-1.46,-0.49,436.30830763057895,437.43590803860127,432.1341485615993,433.509033203125,53665000,-1.59,-0.96,1.2,-0.5,-0.06999999999999999,370.2657206049524,370.8661834238767,366.87598444740206,367.902587890625,5305100,-1.21,-0.58,1.0699999999999998,-2.31,-2.3800000000000003,17.309999465942383,16.1,-1
2024-04-15,502.89118522807627,503.0571295651305,491.61558034670605,492.4649353027344,92101400,-1.25,0.84,2.29,-2.75,-1.06,437.2578557574557,437.3468744561604,425.5365774509986,426.3773498535156,63453600,-1.6500000000000001,0.86,2.7199999999999998,-2.17,-0.53,371.25358396800914,371.72816713852507,364.7356243598919,365.4232482910156,4870700,-0.67,0.91,1.9,-3.0300000000000002,-2.5,19.229999542236328,11.09,-1
2024-04-16,492.9432762462562,494.4662102656471,490.2781268160622,491.5667724609375,73484000,-0.18,0.1,0.8500000000000001,-3.04,-1.82,426.2190306875889,429.0479775633437,425.0320846681734,426.4168701171875,47619000,0.01,-0.04,0.9400000000000001,-2.52,-1.46,367.7766764855773,367.9606930975265,365.1617549133033,366.0721435546875,4383500,0.18,0.64,0.77,-2.79,-2.5100000000000002,18.399999618530273,-4.32,-1
2024-04-17,494.0268893119992,494.1928634388067,487.2615443714678,488.6575622558594,75910300,-0.59,0.5,1.41,-2.64,-2.94,428.39522482332507,428.41499669560693,420.2842896502012,421.2140808105469,56880500,-1.22,0.45999999999999996,1.91,-2.86,-2.9000000000000004,367.2634321228695,368.2125690297741,364.29017128072206,365.55889892578125,4584900,-0.13999999999999999,0.33,1.0699999999999998,-1.8399999999999999,-3.44,18.209999084472656,-1.03,-1
2024-04-18,490.0536135988177,492.15252641432477,486.7148552774961,487.65203857421875,74548100,-0.21,0.29,1.11,-3.5700000000000003,-4.03,421.85695293006614,423.5879423660009,418.23670854458396,418.8104248046875,46549400,-0.5700000000000001,0.15,1.27,-4.93,-4.590000000000001,367.1083647011676,368.92914175006825,364.97769142218897,365.9364929199219,4579200,0.1,0.42,1.08,-1.7399999999999998,-4.34,18.0,-1.15,-1
2024-04-19,487.5739105371773,488.569665842459,482.12646792132756,483.3955993652344,102212600,-0.8699999999999999,-0.02,1.32,-3.0700000000000003,-5.18,417.63337275699286,418.1576140935352,408.58277638390166,410.1455993652344,75231000,-2.07,-0.27999999999999997,2.29,-5.390000000000001,-7.000000000000001,366.952068850986,369.21953430229684,366.2059465352717,368.02764892578125,5078600,0.5700000000000001,0.27999999999999997,0.8200000000000001,0.03,-4.46,18.709999084472656,3.94,-1
2024-04-22,486.00221013520326,490.4441260798556,483.65923689240304,487.8473205566406,67961000,0.9199999999999999,0.54,1.4000000000000001,-0.9400000000000001,-4.12,412.7766879173197,416.6046426178408,409.44330163156485,414.2702941894531,47807700,1.01,0.64,1.7500000000000002,-2.8400000000000003,-6.17,369.897858270999,372.5238504809801,368.03735782741205,370.51800537109375,4129000,0.6799999999999999,0.51,1.22,1.39,-3.0300000000000002,16.940000534057617,-9.46,1
2024-04-23,489.85833417865257,494.0659315908711,487.6617913619136,493.6363830566406,64633600,1.1900000000000002,0.41000000000000003,1.31,0.42,-2.7199999999999998,416.1991163771081,421.6492702748659,414.3197623321765,420.4524230957031,44384700,1.49,0.47000000000000003,1.77,-1.4000000000000001,-4.43,371.79711427025916,373.63821579323115,371.04129239991687,373.08587646484375,3126400,0.69,0.35000000000000003,0.7000000000000001,1.92,-1.97,15.6899995803833,-7.380000000000001,1
2024-04-24,494.52477110173174,495.31552414024065,491.1762707245871,493.402099609375,55928100,-0.05,0.18,0.84,0.97,-2.58,423.5483830821884,425.06176115461966,419.59183594526394,421.8767395019531,48440300,0.33999999999999997,0.74,1.3,0.16,-3.7900000000000005,372.94049877761296,373.5219069890964,371.14783578039317,372.5238342285156,3575800,-0.15,-0.04,0.64,1.91,-2.09,15.970000267028809,1.78,-1
2024-04-25,487.32011244956163,492.2891769636512,485.67026231159537,491.5277099609375,69122400,-0.38,-1.23,1.34,0.79,-3.7600000000000002,414.6857171994804,420.6996860627022,413.59769082942586,419.8391418457031,57392200,-0.48,-1.7000000000000002,1.68,0.25,-4.58,368.01799694324575,369.72342368685446,365.77960031529204,369.11297607421875,4682800,-0.9199999999999999,-1.21,1.06,0.8699999999999999,-4.14,15.369999885559082,-3.7600000000000002,-1
2024-04-26,494.3197628446228,497.7658932650639,493.6852119906925,496.18438720703125,64306100,0.95,0.5700000000000001,0.83,2.65,-2.83,422.97467541823426,427.851112618701,422.2822977668712,426.3179626464844,41874900,1.54,0.75,1.3299999999999998,3.94,-2.93,368.9482257042767,371.4579421939558,368.7350436687384,370.4598693847656,4252400,0.36,-0.04,0.74,0.66,-3.83,15.029999732971191,-2.21,1
2024-04-29,497.97090591945084,498.61522873285696,495.1983842873063,497.9416198730469,46415400,0.35000000000000003,0.36,0.69,2.07,-2.32,428.42482700907794,429.0479880228406,425.309052126324,428.0489501953125,30022200,0.41000000000000003,0.49,0.88,3.3300000000000005,-2.74,371.22534060979535,372.1265069954159,370.227267935349,371.90362548828125,3265900,0.38999999999999996,0.21,0.51,0.37,-2.87,14.670000076293945,-2.4,1
2024-04-30,496.4772431240589,497.45348436502843,490.0535888671875,490.0535888671875,77483600,-1.58,-0.29,1.49,-0.73,-3.25,426.46633524230674,427.8610217852048,419.8984824336748,419.97760009765625,43665900,-1.8900000000000001,-0.37,1.8599999999999999,-0.11,-3.75,370.6052282773692,370.88624769219547,366.3609864070627,366.4094543457031,3463600,-1.48,-0.35000000000000003,1.22,-1.79,-3.4000000000000004,15.649999618530273,6.68,-1
2024-05-01,489.46786865773555,496.11606953951656,487.9937347584278,488.46234130859375,80242800,-0.32,-0.12,1.66,-1.0,-3.6700000000000004,418.5532463597159,425.4673333739,416.0903052961823,416.9409484863281,52251700,-0.72,-0.33999999999999997,2.23,-1.17,-4.66,366.65170308548534,371.5936289258307,366.26410743699114,367.1459045410156,5731600,0.2,0.06999999999999999,1.4500000000000002,-1.44,-3.11,15.390000343322754,-1.66,-1
2024-05-02,492.17203084435516,493.8707109149056,487.68131503899394,493.0311279296875,62550200,0.9400000000000001,0.76,1.27,0.31,-1.5699999999999998,420.6798568179414,423.1625997737883,416.0606049995212,422.2624816894531,36559000,1.28,0.8999999999999999,1.7000000000000002,0.58,-1.94,369.3357227170797,371.0411785459804,367.15546457875973,370.38226318359375,3535600,0.88,0.6,1.06,0.33999999999999997,-0.9299999999999999,14.680000305175781,-4.61,1
2024-05-03,499.0154483809272,500.37240813782097,496.4772153379588,499.1423645019531,72756700,1.24,1.21,0.79,0.6,-1.38,429.72058738697507,431.7384348809257,427.9203511932158,430.7492980957031,48515300,2.01,1.77,0.8999999999999999,1.04,-1.13,375.14017248307897,375.9638021153828,373.1246278730486,374.7816162109375,4471100,1.1900000000000002,1.28,0.77,1.17,-0.49,13.489999771118164,-8.110000000000001,1
2024-05-06,501.54389828336633,504.3359337135483,501.10457784231613,504.2969055175781,47264700,1.03,0.48,0.65,1.28,-0.41000000000000003,432.5495633066614,435.55654799740194,431.7780377160311,435.467529296875,30227200,1.0999999999999999,0.42,0.88,1.73,-0.08,376.2836011776743,376.69056625515157,374.839765259361,376.4095764160156,2596100,0.43,0.4,0.49,1.21,-0.11,13.489999771118164,0.0,1
2024-05-07,505.2634592637331,506.2494725384783,504.17984569021877,504.85345458984375,52561300,0.11,0.19,0.41000000000000003,3.02,-0.42,435.9126505391316,437.1688435542686,434.80479183797706,435.5367736816406,30996100,0.02,0.1,0.54,3.6999999999999997,-0.43,377.1072764441609,377.6692857179866,376.30298661361564,376.6905822753906,2428600,0.06999999999999999,0.19,0.36,2.81,0.03,13.229999542236328,-1.9300000000000002,1
2024-05-08,503.017991979403,505.439050807753,502.90084781577497,504.9021301269531,42047200,0.01,-0.36,0.5,3.37,0.6,432.9155804465462,436.6841897959982,432.79685865672997,435.27960205078125,24896700,-0.06,-0.6,0.89,4.3999999999999995,0.38999999999999996,376.30293508901667,378.7932819717064,376.1575904322088,378.3766174316406,2855100,0.44999999999999996,-0.1,0.7000000000000001,3.06,1.6099999999999999,13.0,-1.7399999999999998,1
2024-05-09,505.08770969254925,507.8504891521531,504.4336447297941,507.8114013671875,43643700,0.58,0.04,0.6799999999999999,3.0,0.42,435.54661913008255,436.8028422580396,433.69693803654405,436.2291259765625,24580100,0.22,0.06,0.7100000000000001,3.3099999999999996,-0.98,378.0180670392184,382.039456560319,377.92119031427853,381.7875061035156,4141200,0.8999999999999999,-0.09,1.09,3.08,2.5100000000000002,12.6899995803833,-2.3800000000000003,1
2024-05-10,509.4125016902763,510.2227987029079,507.2452744718461,508.465576171875,52233200,0.13,0.32,0.59,1.87,1.96,437.7325784814677,439.4833396327271,435.7147310930948,437.2577819824219,27116600,0.24,0.33999999999999997,0.86,1.51,0.86,382.9987760881743,383.62862268354,381.8844275622733,382.9309387207031,3505600,0.3,0.32,0.45999999999999996,2.17,4.08,12.550000190734863,-1.0999999999999999,1
2024-05-13,510.1446047910038,510.2519770237958,507.3915974260266,508.5337829589844,36716400,0.01,0.33,0.5599999999999999,0.84,3.26,439.1669029109842,439.2658226427781,436.8523260801147,438.26678466796875,22994200,0.22999999999999998,0.44,0.5499999999999999,0.64,2.79,384.09374623103105,384.3165981880269,381.85534972985755,382.2332458496094,2635800,-0.18,0.3,0.64,1.55,4.6,13.600000381469727,8.37,1
2024-05-14,508.7290945781237,511.3845019246286,508.19217377481715,510.8670654296875,57535900,0.45999999999999996,0.04,0.63,1.1900000000000002,3.93,437.84150815561975,441.6200189227352,437.6535697016592,441.08587646484375,34478300,0.64,-0.1,0.91,1.27,3.44,382.3107997351712,383.96778809268216,381.6034162557926,383.31854248046875,2702700,0.27999999999999997,0.02,0.62,1.76,4.71,13.420000076293945,-1.32,1
2024-05-15,513.3369504006804,517.4859756907869,512.7023697575905,517.193115234375,59504900,1.24,0.48,0.9400000000000001,2.4299999999999997,5.84,443.5586593238126,448.22738676768705,442.04528105207277,447.9801025390625,41464700,1.5599999999999998,0.5599999999999999,1.4000000000000001,2.92,6.35,384.92709342544157,387.1170516662568,384.6364040888961,386.90386962890625,3421200,0.9400000000000001,0.42,0.65,2.25,5.84,12.449999809265137,-7.23,1
2024-05-16,517.2906967075278,518.8917465910545,515.9825072697596,516.1289672851562,50244800,-0.21,0.02,0.5599999999999999,1.6400000000000001,5.84,447.7921494818684,449.75065137557704,446.90193232511433,447.0700988769531,34780400,-0.2,-0.04,0.64,2.4899999999999998,6.75,387.35926886697075,388.5705236163985,386.7584912427185,386.83599853515625,2877200,-0.02,0.12,0.47000000000000003,1.32,5.71,12.420000076293945,-0.24,-1
2024-05-17,516.2461019816988,516.9392546781255,514.7915121402848,516.8709106445312,59187600,0.13999999999999999,0.02,0.42,1.6500000000000001,6.93,447.1986823210974,447.80207154432486,444.65662335588394,446.8525085449219,35803700,-0.05,0.03,0.7000000000000001,2.19,8.95,387.3154434618897,388.198554596359,386.6652599598897,388.1306457519531,2702900,0.33,0.12,0.4,1.3599999999999999,5.46,11.989999771118164,-3.46,1
2024-05-20,516.9881429675341,518.9308537358257,516.5976225904213,517.4664916992188,37764200,0.12,0.02,0.44999999999999996,1.76,6.069999999999999,447.07009790490423,450.6309665241783,446.88215948281277,449.96826171875,24474200,0.7000000000000001,0.05,0.84,2.67,8.62,387.95592796236434,388.877865270024,386.08297071176975,386.3352966308594,2094800,-0.45999999999999996,-0.05,0.72,1.0699999999999998,4.2700000000000005,12.149999618530273,1.3299999999999998,1
2024-05-21,516.7049349793422,518.8917055815594,516.4999028909981,518.7354736328125,33437000,0.25,-0.15,0.45999999999999996,1.54,5.08,448.11857455171366,451.03651019690585,447.92073510394465,450.84857177734375,23167700,0.2,-0.41000000000000003,0.69,2.21,7.23,386.5487500380789,387.26687188704045,386.0149860128466,386.9951477050781,1618300,0.16999999999999998,0.06,0.32,0.96,3.73,11.859999656677246,-2.39,1
2024-05-22,518.0424072439434,518.7550442398426,515.064823969773,517.2418823242188,48390000,-0.29,-0.13,0.7100000000000001,0.01,4.83,451.1057559416888,451.85750961813636,448.15811721893635,450.7595520019531,25120000,-0.02,0.06,0.8200000000000001,0.62,6.8500000000000005,386.18972167309926,387.06311878763427,383.8218266239137,384.9378356933594,2647200,-0.53,-0.21,0.84,-0.51,3.3300000000000005,12.289999961853027,3.63,-1
2024-05-23,520.2975559093766,520.4049281460258,512.2532779910508,513.4638671875,57211200,-0.73,0.59,1.58,-0.52,4.46,455.5469794693014,455.57665236835396,446.9415066973637,448.7318420410156,40899200,-0.44999999999999996,1.06,1.92,0.37,6.88,385.3259718297736,385.3550840769336,378.7172251830246,379.1151123046875,3361200,-1.51,0.1,1.72,-2.0,2.71,12.770000457763672,3.91,-1
2024-05-24,515.3088952889863,517.6714419020187,514.3619699226733,516.8611450195312,41291100,0.66,0.36,0.64,-0.0,4.17,450.34414249793184,454.24134425420493,448.6428258419646,452.9752502441406,29669500,0.95,0.36,1.25,1.37,6.25,379.6585803220555,380.6581403472616,378.6299080481819,379.0957336425781,2072200,-0.01,0.13999999999999999,0.53,-2.33,2.33,11.930000305175781,-6.58,1
2024-05-28,517.6715045678355,517.9057929513657,514.5865486245773,517.222412109375,36269600,0.06999999999999999,0.16,0.64,-0.05,3.8699999999999997,454.19186344679855,454.7457776824367,451.7289222852623,454.6864318847656,26216800,0.38,0.27,0.67,1.05,6.22,378.29026139889385,378.68814855798485,375.58270369546426,377.11602783203125,2176100,-0.52,-0.21,0.8200000000000001,-2.39,1.4000000000000001,12.920000076293945,8.3,1
2024-05-29,513.1905202395113,514.7817983278129,512.8878878194378,513.6005249023438,45190300,-0.7000000000000001,-0.7799999999999999,0.37,-0.9900000000000001,4.8,450.5321263962479,453.26212395802764,450.39363272854433,451.481689453125,29739200,-0.7000000000000001,-0.91,0.63,0.13999999999999999,7.5,373.9232202340975,374.32110736553744,372.8848340336847,373.21478271484375,2715000,-1.03,-0.8500000000000001,0.38,-3.56,1.8599999999999999,14.279999732971191,10.530000000000001,-1
2024-05-30,512.0580745471788,512.7219114405311,508.94386260650384,510.19342041015625,46377600,-0.66,-0.3,0.74,-1.3599999999999999,4.45,450.5518476128299,450.69034126496246,445.31930507978444,446.6447448730469,30536800,-1.0699999999999998,-0.21,1.1900000000000002,-0.91,7.12,370.09965624502547,371.0992162498272,369.16803469096635,370.2064208984375,4063400,-0.8099999999999999,-0.83,0.52,-3.83,0.83,14.470000267028809,1.3299999999999998,-1
2024-05-31,511.15017117084983,514.9672481577884,506.0443890267406,514.84033203125,90785800,0.91,0.19,1.7500000000000002,0.27,4.42,446.8722875838762,447.5646955194597,438.24701222029506,445.81390380859375,55941300,-0.19,0.05,2.09,-0.65,5.58,370.6916331663098,376.15522898836423,370.00259395729915,376.0776062011719,4748400,1.59,0.13,1.66,-0.8,1.54,12.920000076293945,-10.71,1
2024-06-03,516.4511159966606,516.7342044816085,510.18360486685094,515.2600708007812,46835700,0.08,0.31,1.27,-0.31,3.2300000000000004,449.63194002907153,450.63094770967405,443.03438403283286,448.20758056640625,32997500,0.54,0.86,1.7000000000000002,-1.05,4.05,376.4075486174713,376.42697652573224,371.6135345598172,374.8257141113281,3614300,-0.33,0.09,1.28,-1.13,0.01,13.109999656677246,1.47,1
2024-06-04,513.9519821715993,516.5780734778808,512.4876203186922,515.8361206054688,34632700,0.11,-0.25,0.79,-0.27,2.29,447.9503768344026,450.6309291046102,446.22928846559876,449.43408203125,23767400,0.27,-0.06,0.98,-1.16,3.2099999999999995,373.62236382187706,376.9024817804378,373.17596617308703,376.0581970214844,2822500,0.33,-0.32,0.9900000000000001,-0.27999999999999997,-0.09,13.15999984741211,0.38,1
2024-06-05,518.1595530381444,521.9864018010747,516.1679828855217,521.9668579101562,47610400,1.1900000000000002,0.44999999999999996,1.13,1.63,3.39,453.004931151471,458.5737465768754,449.47370515181433,458.49462890625,33817400,2.02,0.79,2.02,1.55,5.27,377.1160341592671,377.4750951192787,374.56375161771314,377.048095703125,2181400,0.26,0.27999999999999997,0.77,1.03,0.09,12.630000114440918,-4.03,1
2024-06-06,522.2696187618435,522.6991673724779,520.0242754001383,521.9572143554688,30808500,-0.0,0.06,0.51,2.31,3.38,459.1770760089335,459.4936070223535,457.16912955826757,458.3363037109375,21966800,-0.03,0.15,0.51,2.62,5.3,377.3197187436672,379.0471142401453,376.3298728801942,377.8243408203125,2241900,0.21,0.06999999999999999,0.72,2.06,-0.15,12.579999923706055,-0.4,0
2024-06-07,520.980911626184,524.1342115774243,519.8875261250549,521.3226318359375,43224500,-0.12,-0.19,0.8099999999999999,1.26,2.6599999999999997,457.97039057899616,460.6806160602475,456.8229881379394,457.9308166503906,25829700,-0.09,-0.08,0.84,2.7199999999999998,4.97,377.38776622237515,380.0467838654486,376.4270323238932,377.00927734375,1952000,-0.22,-0.12,0.96,0.25,-1.25,12.220000267028809,-2.86,-1
2024-06-10,520.5122296802525,523.2554648254413,519.9167369014993,522.9332885742188,35686100,0.31,-0.16,0.64,1.49,2.85,456.8032358696626,460.13662257873057,456.5163777005726,459.780517578125,20660800,0.4,-0.25,0.79,2.58,5.1499999999999995,376.5628099492035,377.8534923253667,375.7476374565142,377.78558349609375,1380600,0.21,-0.12,0.5599999999999999,0.79,-1.34,12.739999771118164,4.26,1
2024-06-11,521.3812301755825,524.2513821567796,519.4092035615838,524.1928100585938,36383400,0.24,-0.3,0.9299999999999999,1.6199999999999999,3.08,458.50450772730306,463.0545433124852,457.0109014117994,462.9358215332031,22053300,0.69,-0.27999999999999997,1.31,3.0,5.63,376.2037717263259,376.7278217945427,373.52532650623397,376.5046081542969,2522600,-0.33999999999999997,-0.42,0.8500000000000001,0.12,-1.5,12.850000381469727,0.86,1
2024-06-12,528.7615289974312,531.1923600659605,527.4631115100716,528.4979248046875,63251300,0.8200000000000001,0.8699999999999999,0.7100000000000001,1.25,3.45,466.86269781638856,471.32371472336234,466.17032012465427,468.9992370605469,34532600,1.31,0.8500000000000001,1.11,2.29,6.329999999999999,380.00790587635043,380.3281702093484,375.26243191685955,376.2328796386719,3866700,-0.06999999999999999,0.9299999999999999,1.35,-0.22,-1.8499999999999999,12.039999961853027,-6.3,1
2024-06-13,530.2454535391702,530.4211698122318,526.7700371068663,529.5620727539062,44760900,0.2,0.33,0.69,1.46,2.39,472.530457651749,473.1931926237643,469.26631811797995,471.54132080078125,25859000,0.54,0.75,0.84,2.88,5.26,375.3886443947496,376.2135309902833,373.2245350278795,375.4468688964844,3136100,-0.21,-0.22,0.79,-0.63,-2.96,11.9399995803833,-0.83,1
2024-06-14,528.0293950539849,529.9135335983043,527.0238379218912,529.88427734375,40089900,0.06,-0.29,0.5499999999999999,1.6400000000000001,2.67,471.34345800959795,474.0537133735269,470.8785625052279,473.9844665527344,23372600,0.52,-0.04,0.67,3.51,6.02,373.25368596567347,375.11695906146525,372.29295197175327,375.039306640625,2884300,-0.11,-0.58,0.75,-0.52,-3.05,12.65999984741211,6.03,1
2024-06-17,529.2008719569648,535.4976399183048,528.7420075865693,534.1015625,55839500,0.8,-0.13,1.27,2.1399999999999997,3.3300000000000005,474.2515381397125,481.57114467660335,472.94590045979214,479.79071044921875,37054500,1.22,0.06,1.82,4.35,7.37,373.86501003417186,377.7079749792413,373.6029997932749,377.0965881347656,2025300,0.5499999999999999,-0.31,1.09,-0.18,-2.8400000000000003,12.75,0.7100000000000001,1
2024-06-18,534.16013957423,535.585473259027,533.7403629842298,535.4585571289062,41376400,0.25,0.01,0.35000000000000003,2.15,3.4799999999999995,479.74130815889504,480.6216243226489,478.17845491806946,479.9391174316406,24438600,0.03,-0.01,0.51,3.6700000000000004,6.660000000000001,377.4167705266112,378.65894223989,376.5530579679944,377.6399841308594,1848700,0.13999999999999999,0.08,0.5599999999999999,0.3,-2.25,12.300000190734863,-3.53,1
2024-06-20,536.385998334327,537.0498352385172,532.2272010481894,534.0039672851562,70328200,-0.27,0.16999999999999998,0.8999999999999999,1.04,2.94,481.1360166714005,481.5514372932592,474.40986718554024,476.2397766113281,33918700,-0.77,0.25,1.49,1.54,5.63,377.25182159630606,381.49267321883144,376.90247464709444,380.4834289550781,3588000,0.75,-0.1,1.22,1.13,-1.68,13.279999732971191,7.969999999999999,-1
2024-06-21,533.1803062748603,534.4045446160707,531.828742363983,533.2880249023438,64338600,-0.13,-0.15,0.48,0.7000000000000001,3.1,475.9628136184934,477.29815454447134,473.4701993597817,474.9637756347656,37456800,-0.27,-0.06,0.8,0.73,5.37,380.9445150524369,381.7225959659418,379.767628342264,380.62353515625,2592100,0.04,0.12,0.51,1.38,-1.1199999999999999,13.199999809265137,-0.6,-1
2024-06-24,533.1117619254674,535.6777608035513,531.4369822915095,531.5545043945312,45528700,-0.33,-0.03,0.8,0.32,3.52,473.7372817505667,475.47102271790493,469.4178044814247,469.5564880371094,37751000,-1.1400000000000001,-0.26,1.27,-0.9299999999999999,4.64,381.7225940372637,384.75715113923866,381.1681958062033,383.1912536621094,3096600,0.67,0.29,0.9400000000000001,2.17,1.08,13.329999923706055,0.98,-1
2024-06-25,532.7787868983022,533.9638712753774,531.2607431275164,533.6015014648438,37936200,0.38999999999999996,0.22999999999999998,0.51,-0.09,3.2399999999999998,471.64684204643737,475.2232870328967,470.70565640050626,474.92608642578125,29014700,1.1400000000000001,0.44999999999999996,0.96,-1.01,4.8500000000000005,382.7827392547533,383.3176661661651,379.14516502063174,380.3122863769531,2879100,-0.75,-0.11,1.09,0.8500000000000001,0.32,12.84000015258789,-3.6799999999999997,1
2024-06-26,532.4849577215607,534.9823921713983,531.8385861304241,534.2674560546875,38550600,0.12,-0.21,0.59,-0.22,3.3000000000000003,474.10379318229053,476.45179897488026,473.6877123216575,475.9068908691406,22737100,0.21,-0.16999999999999998,0.58,-0.84,4.67,379.4077731673421,381.0028776600667,378.35736094380223,380.5262756347656,1501900,0.06,-0.24,0.7000000000000001,0.76,0.8999999999999999,12.550000190734863,-2.26,1
2024-06-27,534.1302894973802,535.6875469780335,533.3859430174333,535.1096801757812,35041500,0.16,-0.03,0.43,0.21,4.19,475.65922915173917,478.611553035427,474.84684046619515,477.1353759765625,26222100,0.26,-0.05,0.79,0.19,5.680000000000001,379.9134968836314,381.6447817460049,379.4758375211349,380.8374938964844,1601100,0.08,-0.16,0.5700000000000001,0.09,2.04,12.239999771118164,-2.4699999999999998,1
2024-06-28,535.883439640916,538.9391939081404,531.76024266257,533.0040283203125,76144500,-0.38999999999999996,0.13999999999999999,1.34,-0.05,4.47,477.92795786872324,482.67346269795496,474.0146450158968,474.6585998535156,34881600,-0.52,0.16999999999999998,1.81,-0.06,6.2700000000000005,380.6526687991899,383.5218974922592,378.5421089803354,380.41925048828125,3624400,-0.11,-0.05,1.31,-0.05,2.76,12.4399995803833,1.63,-1
2024-07-01,534.3849539324244,534.6298016081159,531.3390631933655,534.1009521484375,40297800,0.21,0.26,0.62,0.48,3.74,475.5799670851858,478.00718604712443,471.83508819375936,477.4425048828125,24898300,0.59,0.19,1.3,1.68,7.090000000000001,381.34325151949,383.4927541563121,379.5731130352436,380.740234375,2536500,0.08,0.24,1.03,-0.64,1.24,12.220000267028809,-1.77,1
2024-07-02,532.4947501316359,537.6953125,532.4457925507478,537.6953125,40434800,0.67,-0.3,0.98,0.77,4.35,475.94653963864454,482.51494549553286,475.8177426243462,482.45550537109375,26723600,1.05,-0.31,1.4000000000000001,1.59,7.64,380.0886320100086,382.5201721191406,379.9913644692661,382.5201721191406,1711600,0.47000000000000003,-0.16999999999999998,0.66,0.58,2.0500000000000003,12.029999732971191,-1.55,1
2024-07-03,537.3818563773293,540.457157354787,537.3427022712717,540.0947875976562,32789900,0.44999999999999996,-0.06,0.58,1.09,4.7,481.70258851623953,486.6066107434774,481.70258851623953,486.4778137207031,18064900,0.83,-0.16,1.02,2.22,8.24,382.94804034353257,383.2689905064938,381.4015847400512,382.0726623535156,2319100,-0.12,0.11,0.49,0.41000000000000003,1.6,12.09000015258789,0.5,1
2024-07-05,540.3984429341523,543.6108134486142,539.7618150479054,543.2092895507812,41488400,0.58,0.06,0.7100000000000001,1.51,4.07,487.31985444021234,491.986085268142,487.0226236059382,491.5501708984375,28495900,1.04,0.16999999999999998,1.02,3.02,7.21,382.4229016358503,383.21071825059636,380.92506462922194,382.9189453125,2011000,0.22,0.09,0.6,0.5499999999999999,1.5599999999999998,12.479999542236328,3.2300000000000004,1
2024-07-08,543.9927968223914,544.786100933334,542.7685583933277,543.8361206054688,36110500,0.12,0.13999999999999999,0.37,2.03,4.19,491.916766364616,493.27403293388477,490.8963372463012,492.71923828125,22109400,0.24,0.06999999999999999,0.48,3.8,7.5,383.609482919336,385.8659591794439,382.024114078673,382.68548583984375,3374500,-0.06,0.18,1.0,0.6,1.29,12.369999885559082,-0.88,1
2024-07-09,544.795863484972,545.6968861634513,544.0711239537649,544.3649291992188,27289700,0.1,0.18,0.3,1.92,4.42,494.2350803266272,495.3545865296313,491.6295103640342,493.1452941894531,25614500,0.09,0.31,0.76,3.29,7.6899999999999995,382.4520187600071,384.2221867909939,380.74994096449245,382.1796875,3821600,-0.13,-0.06,0.91,0.38,1.37,12.510000228881836,1.13,1
2024-07-10,545.5892370725392,550.0944108163902,545.2954317896393,549.7516479492188,38701200,0.9900000000000001,0.22,0.88,2.2399999999999998,5.13,495.0672133936126,498.84181247432565,493.7595004189231,498.2870178222656,28046900,1.04,0.38999999999999996,1.03,3.2800000000000002,8.37,382.1797008062516,386.5759140656798,381.87819224652765,386.38140869140625,4234300,1.0999999999999999,0.0,1.23,1.01,2.2800000000000002,12.850000381469727,2.7199999999999998,1
2024-07-11,549.8690906630567,550.7407626908513,544.3747234457534,545.0112915039062,53054200,-0.86,0.02,1.16,0.91,3.9699999999999998,498.3960104304496,498.6040508659988,486.1706643474196,487.3594970703125,49966600,-2.19,0.02,2.5,0.18,5.28,386.6147661390963,387.9667162981795,385.45735100553844,386.7412109375,4020700,0.09,0.06,0.65,1.22,2.7199999999999998,12.920000076293945,0.54,-1
2024-07-12,546.1376877405125,552.0531865568831,545.667599292853,548.4490356445312,53084400,0.63,0.21,1.17,0.96,3.7800000000000002,487.934120777822,494.97804756604864,487.4684863179307,490.22265625,37109400,0.59,0.12,1.54,-0.27,4.53,387.9375947989863,391.66273061716913,387.2178684733556,389.3576354980469,4711800,0.6799999999999999,0.31,1.15,1.68,3.49,12.460000038146973,-3.56,1
2024-07-15,550.4469707289841,553.1990561394715,548.0964091939553,549.957275390625,40584300,0.27999999999999997,0.36,0.9299999999999999,1.13,3.85,491.9960314409882,496.3551756664707,489.49945539424647,491.5403137207031,31151400,0.27,0.36,1.4000000000000001,-0.24,4.24,391.44873902795104,392.5283284753404,390.4080328472526,391.34173583984375,4433500,0.51,0.54,0.54,2.26,4.2299999999999995,13.119999885559082,5.3,1
2024-07-16,551.2696499606263,553.5124331903285,550.51549997726,553.2186279296875,36475300,0.59,0.24,0.54,1.63,4.3999999999999995,492.9966525685197,493.80904127855604,488.56818172649724,491.7285461425781,25950600,0.04,0.3,1.0699999999999998,-0.29,3.74,392.80067354765356,398.76281422550034,392.7909675715814,398.4418640136719,6547600,1.81,0.37,1.53,4.26,6.239999999999999,13.1899995803833,0.53,1
2024-07-17,547.2835666023501,548.9583463886919,545.1386983611491,545.4619140625,57119000,-1.4000000000000001,-1.0699999999999998,0.69,-0.7799999999999999,2.13,483.74340981561966,484.2585676332021,477.224557622275,477.29388427734375,56268800,-2.94,-1.6199999999999999,1.43,-4.21,-0.52,397.37191712062094,401.0484037336486,397.37191712062094,400.6496276855469,4490600,0.5499999999999999,-0.27,0.9199999999999999,3.6900000000000004,6.25,14.479999542236328,9.78,-1
2024-07-18,546.9995524787638,547.988746727991,539.0860582622142,541.2700805664062,56270400,-0.77,0.27999999999999997,1.63,-0.69,1.09,481.01892482186776,481.19724518023446,471.84495008807244,475.0350341796875,49347400,-0.47000000000000003,0.7799999999999999,1.96,-2.53,-1.02,399.43391785842056,402.52682950715325,394.93070118600417,395.5823669433594,4922200,-1.26,-0.3,1.9,2.29,4.75,15.930000305175781,10.01,-1
2024-07-19,541.0350233261719,542.6608454522978,536.6179614633988,537.6757202148438,65509100,-0.66,-0.04,1.1199999999999999,-1.96,0.69,474.69823041742177,477.2146398442787,469.53664478511604,470.8245544433594,42042900,-0.89,-0.06999999999999999,1.6199999999999999,-3.9600000000000004,-1.1400000000000001,394.45752918376854,395.12895692002513,391.129611417677,392.1026916503906,4284500,-0.88,-0.27999999999999997,1.01,0.7100000000000001,3.05,16.520000457763672,3.6999999999999997,-1
2024-07-22,541.6030366708314,543.826272604696,539.6638622867013,543.2190551757812,43346700,1.03,0.73,0.77,-1.23,1.8599999999999999,476.6895495582666,478.85920470287533,473.2715913896256,477.8387756347656,40300000,1.49,1.25,1.1900000000000002,-2.79,0.61,393.1632391293481,393.8346666838802,391.39222645808826,393.270263671875,2314000,0.3,0.27,0.62,0.49,3.32,14.90999984741211,-9.75,1
2024-07-23,543.1113522241114,545.2660239376293,541.8773700301276,542.3670654296875,34439600,-0.16,-0.02,0.62,-1.96,2.03,476.9372401363334,479.92917053758373,475.67905054621997,476.1545715332031,23282500,-0.35000000000000003,-0.19,0.89,-3.17,1.41,393.4066253336127,394.37970559040537,392.3654223317919,392.6281433105469,1693500,-0.16,0.03,0.51,-1.46,2.46,14.720000267028809,-1.27,-1
2024-07-24,537.5483785668235,537.8519873002513,529.1549928867055,530.0756225585938,74515300,-2.27,-0.89,1.6,-2.82,-0.66,469.4177730491382,469.7843305630981,458.2128560235188,459.07476806640625,58818600,-3.5900000000000003,-1.41,2.4299999999999997,-3.82,-3.34,390.91545826371856,391.7912243674631,387.36369233268,387.9378356933594,3701300,-1.1900000000000002,-0.44,1.13,-3.17,2.01,18.040000915527344,22.55,-1
2024-07-25,530.193193121847,536.1773164246895,526.3736048145187,527.3137817382812,61158300,-0.52,0.02,1.8499999999999999,-2.58,-1.3,459.4115832282099,463.59237645887646,451.3967509671105,454.01220703125,59256800,-1.0999999999999999,0.06999999999999999,2.6599999999999997,-4.43,-4.6,387.8989441354459,393.5038952904715,387.64593379423866,388.73577880859375,4179800,0.21,-0.01,1.51,-1.73,2.16,18.459999084472656,2.33,-1
2024-07-26,531.1039639898098,535.9127455404142,530.3302071573028,533.2194213867188,53763800,1.1199999999999999,0.72,1.06,-0.83,-0.35000000000000003,458.3515449431624,461.60106948166003,455.4982979856442,458.6685791015625,39992100,1.03,0.96,1.34,-2.58,-3.8699999999999997,390.993304109217,396.64689699168326,390.89599016212196,395.04132080078125,2810600,1.6199999999999999,0.58,1.48,0.75,3.73,16.389999389648438,-11.21,1
2024-07-29,534.7669398202207,535.7756811771844,531.5349026238763,533.5328979492188,39515800,0.06,0.29,0.8,-1.78,0.1,461.3830856787975,463.56265759959666,457.3310894463461,459.58990478515625,28218500,0.2,0.59,1.3599999999999999,-3.82,-3.17,395.90729261767103,396.04353806422637,393.0853667131788,394.5936584472656,2039000,-0.11,0.22,0.75,0.33999999999999997,3.73,16.600000381469727,1.28,1
2024-07-30,535.0019870020752,536.059745722708,527.4215123549488,530.8297729492188,46853600,-0.51,0.27999999999999997,1.6199999999999999,-2.13,-0.61,461.5218203822993,462.2252153474391,449.93051231846664,453.27911376953125,41317200,-1.37,0.42,2.68,-4.8,-5.06,394.94404465578225,397.7173290851748,394.36993091783194,396.4425964355469,2576400,0.47000000000000003,0.09,0.8500000000000001,0.97,4.12,17.690000534057617,6.569999999999999,-1
2024-07-31,537.6658891932146,542.0927543010554,536.2947780748914,539.4581909179688,65663400,1.63,1.29,1.09,1.77,0.33,463.5230477398301,468.39734966717026,462.076620963173,466.6933288574219,44552100,2.96,2.26,1.39,1.66,-3.27,396.49125883289344,400.9187916594147,395.5473698299692,397.4935302734375,5634800,0.27,0.01,1.35,2.46,3.91,16.360000610351562,-7.5200000000000005,1
2024-08-01,541.1818806021787,543.4344670666311,528.3126735436618,531.8189086914062,76428700,-1.4200000000000002,0.32,2.8000000000000003,0.8500000000000001,-1.53,467.37689795882113,471.1316633842162,451.74351079884156,455.3893127441406,56653900,-2.42,0.15,4.15,0.3,-6.39,398.67098287593757,399.86785255566554,390.16624145607034,392.3751525878906,5497900,-1.29,0.3,2.44,0.9400000000000001,2.7,18.59000015258789,13.63,-1
2024-08-02,524.7085981454201,525.9230331199286,517.7059303208597,521.9173583984375,82789100,-1.8599999999999999,-1.34,1.55,-2.12,-3.92,446.7008203668183,449.35591337831903,440.340454930092,444.5806884765625,66323200,-2.37,-1.91,1.9800000000000002,-3.0700000000000003,-9.56,389.16400510641273,389.60190312867246,382.9654882216772,386.43939208984375,4844900,-1.51,-0.8200000000000001,1.69,-2.18,0.9199999999999999,23.389999389648438,25.82,-1
2024-08-05,501.0954096971676,512.7893355901078,499.7536194987989,506.71710205078125,146267400,-2.91,-3.9899999999999998,2.5,-5.029999999999999,-6.83,420.76401989618296,438.1807014186111,419.51574708871345,431.3249816894531,87483500,-2.98,-5.36,4.2,-6.15,-12.46,376.1149541843444,379.7931962108954,374.56776020530845,376.39715576171875,8680200,-2.6,-2.67,1.35,-4.61,-1.6400000000000001,38.56999969482422,64.9,-1
2024-08-06,508.51921810050686,518.8322310175004,507.19706454680966,511.3888854980469,84826300,0.9199999999999999,0.36,2.3,-3.66,-6.0600000000000005,433.16773136287384,442.91630484411263,430.5225248808415,435.44635009765625,63164400,0.96,0.43,2.87,-3.93,-11.700000000000001,377.1269547996134,383.89958458447165,375.86196243526376,379.46234130859375,4058000,0.8099999999999999,0.19,2.1399999999999997,-4.279999999999999,-0.7100000000000001,27.709999084472656,-28.16,1
2024-08-07,517.5786469147923,520.6344013211964,507.3734111313128,507.9708251953125,70698300,-0.67,1.21,2.59,-5.84,-7.6,442.34170285143637,444.82839240368696,430.33431322132714,430.7305908203125,54929200,-1.08,1.58,3.3300000000000005,-7.71,-13.56,382.06039134645533,384.16224763403477,376.8544075953531,377.3312072753906,3969400,-0.5599999999999999,0.6799999999999999,1.9300000000000002,-5.07,-2.34,27.850000381469727,0.51,-1
2024-08-08,513.1125407389065,520.3404486814812,511.08525465156777,519.7136840820312,63276600,2.31,1.01,1.82,-2.2800000000000002,-4.64,436.96213279824934,444.8184483377776,433.08845677026795,443.9070129394531,47890100,3.06,1.4500000000000002,2.7199999999999998,-2.52,-8.92,379.0243649457377,384.50280958605236,378.7616143647794,383.89947509765625,2993500,1.7399999999999998,0.44999999999999996,1.52,-2.16,-0.73,23.790000915527344,-14.580000000000002,1
2024-08-09,518.8909162499233,523.4940638910218,517.6666780356554,522.00537109375,45619600,0.44,-0.16,1.1199999999999999,0.02,-4.82,442.58933486287685,447.8599140690418,441.4698288405631,446.2252502441406,33574000,0.52,-0.3,1.44,0.37,-8.97,383.5686539695048,385.81646631585954,381.8560534222141,384.5125427246094,3380200,0.16,-0.09,1.03,-0.5,-1.24,20.3700008392334,-14.38,1
2024-08-12,523.2004149594696,524.6890484241525,520.0075911785743,522.27978515625,42542100,0.05,0.22999999999999998,0.8999999999999999,3.0700000000000003,-5.029999999999999,447.19616554453364,450.1484591172227,444.3825252809175,447.1862487792969,27795000,0.22,0.22,1.29,3.6799999999999997,-9.02,385.2910452615976,385.3786188997504,382.04093186679745,383.1697082519531,1902000,-0.35000000000000003,0.2,0.8699999999999999,1.7999999999999998,-2.09,20.709999084472656,1.67,1
2024-08-13,525.4725645280489,531.1040615199245,525.2277168327499,530.8689575195312,52333100,1.6400000000000001,0.61,1.13,3.81,-4.04,451.58505324925886,458.54973738352265,451.4463394555369,458.2822265625,40084500,2.48,0.98,1.59,5.24,-6.800000000000001,384.43476389745575,387.41238664065577,383.46168379324536,387.08154296875,3510800,1.02,0.33,1.03,2.01,-2.85,18.1200008392334,-12.509999999999998,1
2024-08-14,531.6622256176499,533.728785456597,528.9885080949739,532.543701171875,42446900,0.32,0.15,0.89,4.84,-2.37,459.2035379429091,460.7886481545662,454.1409992347584,458.4307861328125,34733700,0.03,0.2,1.4500000000000002,6.43,-3.95,387.03289677773415,390.088382761412,386.8091073444158,389.31964111328125,5230400,0.58,-0.01,0.8500000000000001,3.18,-2.83,16.190000534057617,-10.65,1
2024-08-15,538.1751381862979,541.9555715802455,537.567920792545,541.6715698242188,60846800,1.71,1.06,0.8200000000000001,4.22,0.06999999999999999,464.4047901058715,470.4084846096922,464.02831582443696,470.01220703125,38280600,2.53,1.3,1.39,5.88,-1.06,393.8445011363095,395.206837278621,392.32649828247133,394.9538269042969,3764100,1.4500000000000002,1.16,0.74,2.88,-0.16,15.229999542236328,-5.93,1
2024-08-16,540.0556546584454,543.5814973816967,539.8989784334714,542.8861083984375,44430700,0.22,-0.3,0.6799999999999999,4.0,0.97,468.2289340511398,471.9837300381218,467.2679450064729,470.6165466308594,38383600,0.13,-0.38,1.0,5.47,-0.04,394.4444408003395,396.7232807622088,394.02568608819985,396.1097412109375,2789200,0.29,-0.13,0.6799999999999999,3.02,1.02,14.800000190734863,-2.82,1
2024-08-19,543.2973511166235,548.0767822265625,542.4452860411917,548.0767822265625,39121800,0.96,0.08,1.04,4.9399999999999995,0.89,470.7552521973401,476.8381902959791,468.9719576926455,476.7985534667969,23737700,1.31,0.03,1.67,6.619999999999999,-0.22,396.71352236609096,398.62231863633906,396.6161596690316,398.41778564453125,2012400,0.58,0.15,0.51,3.9800000000000004,1.31,14.649999618530273,-1.01,1
2024-08-20,547.6263456901657,549.2815184001456,545.8438474042439,547.1856079101562,33732300,-0.16,-0.08,0.63,3.0700000000000003,0.89,475.887072779306,478.4530054535782,474.1037784441942,475.79791259765625,29209300,-0.21,-0.19,0.91,3.82,-0.06999999999999999,397.94060113704813,398.65153308900204,397.12255833041246,397.8821716308594,1999600,-0.13,-0.12,0.38,2.79,1.34,15.880000114440918,8.4,-1
2024-08-21,548.2335208659752,550.5252615016209,543.2973537542563,549.0659790039062,41514600,0.33999999999999997,0.19,1.32,3.1,3.58,476.58058013398335,479.86974146186225,474.86667281387304,478.0171203613281,25658800,0.47000000000000003,0.16,1.05,4.2700000000000005,4.130000000000001,398.6223563901815,399.27482917824165,396.9375595475859,398.30096435546875,1439000,0.11,0.19,0.59,2.31,2.67,16.270000457763672,2.46,1
2024-08-22,550.9660777475402,551.5732952522009,543.5422788578662,544.7567138671875,56121500,-0.7799999999999999,0.35000000000000003,1.46,0.5700000000000001,3.3099999999999996,480.3353133925748,481.0288217363226,469.4077951176984,470.4381408691406,37739600,-1.59,0.48,2.4299999999999997,0.09,3.62,398.9924560914531,399.7715361130531,395.4086107200988,396.8304748535156,2353500,-0.37,0.16999999999999998,1.0999999999999999,0.48,2.08,17.549999237060547,7.870000000000001,-1
2024-08-23,547.998590612835,551.4852196453214,545.8047048974495,550.5449829101562,50639400,1.06,0.6,1.04,1.41,3.25,474.7873956850109,478.25487736174836,470.8641963105765,475.54034423828125,36061500,1.08,0.9199999999999999,1.5699999999999998,1.05,3.6799999999999997,398.59317699008,401.5439864760229,397.88224490719665,401.0667724609375,3818300,1.0699999999999998,0.44,0.9199999999999999,1.25,1.53,15.859999656677246,-9.629999999999999,1
2024-08-26,551.5733022984582,552.2882384520825,547.5284135216066,549.2325439453125,35788600,-0.24,0.19,0.86,0.21,2.94,474.99550579444735,475.9168580317419,468.8431803115089,470.9236755371094,27452600,-0.97,-0.11,1.49,-1.23,2.4699999999999998,401.8556060860416,403.6864470397749,400.8914596746645,401.9335021972656,3145000,0.22,0.2,0.7000000000000001,0.88,1.8599999999999999,16.149999618530273,1.83,-1
2024-08-27,547.9592873998898,550.476328645617,546.8134170306081,549.9866333007812,32693900,0.13999999999999999,-0.22999999999999998,0.67,0.51,3.61,469.28896037364865,473.400396779738,467.32734562030106,472.3304443359375,27510000,0.3,-0.35000000000000003,1.29,-0.73,4.2,401.51461332929057,402.27422646998247,400.6088967338609,402.09893798828125,1710200,0.04,-0.1,0.41000000000000003,1.06,1.43,15.430000305175781,-4.46,1
2024-08-28,549.6438836929623,550.0748179978751,543.6009999526875,546.7938232421875,41066000,-0.58,-0.06,1.18,-0.41000000000000003,1.3599999999999999,471.86480810777596,472.5880063433666,463.5428583776521,466.970703125,37372400,-1.13,-0.1,1.92,-2.31,0.06,401.87501661245244,403.11181410054854,398.0282391025587,400.5895080566406,2732600,-0.38,-0.06,1.26,0.5700000000000001,0.7799999999999999,17.110000610351562,10.89,-1
2024-08-29,548.7624007293272,552.0629426061665,545.6969030561269,546.8427734375,38715200,0.01,0.36,1.16,0.38,2.82,468.8827928484705,473.4895840302983,465.00911671200544,466.2871398925781,41081500,-0.15,0.41000000000000003,1.82,-0.88,2.39,403.5403461884672,405.41989809064034,400.5505741658429,403.0923767089844,5024800,0.62,0.74,1.22,1.58,2.73,15.649999618530273,-8.53,1
2024-08-30,549.212926690368,552.5722295246512,545.657733766081,552.0629272460938,62700100,0.95,0.43,1.26,0.27999999999999997,5.779999999999999,470.6264788445398,472.4691833346091,466.1385676448057,471.84503173828125,33466500,1.1900000000000002,0.9299999999999999,1.3599999999999999,-0.7799999999999999,6.13,403.67669260718185,405.66335532621986,401.3491415569443,405.3322448730469,2283800,0.5599999999999999,0.13999999999999999,1.0699999999999998,1.06,4.89,15.0,-4.15,1
2024-09-03,548.9191927129024,549.2522119231385,538.1851066343386,540.7021484375,60600100,-2.06,-0.5700000000000001,2.0,-1.55,6.710000000000001,468.8035388395337,468.9323056206166,455.1416524496019,457.51934814453125,44985200,-3.04,-0.64,2.92,-2.85,6.069999999999999,403.36501383257036,404.3291303545264,397.94058043693605,399.5279846191406,3754700,-1.43,-0.49,1.58,-0.6,6.15,20.719999313354492,38.129999999999995,-1
2024-09-04,538.8607329114091,543.0035361193702,538.1359934145067,539.5952758789062,47224900,-0.2,-0.33999999999999997,0.8999999999999999,-1.8900000000000001,5.52,454.40852713775496,460.1348241601613,453.477258224592,456.3304748535156,32505100,-0.26,-0.6799999999999999,1.46,-3.39,4.8,399.2552915002459,401.76784921888276,398.5346411700924,399.69354248046875,2131200,0.04,-0.06999999999999999,0.8099999999999999,-0.6,5.33,21.31999969482422,2.9000000000000004,-1
2024-09-05,539.5366078915503,542.3866087950116,535.8246785314534,538.282958984375,44264300,-0.24,-0.01,1.22,-1.5599999999999998,5.970000000000001,454.7057556737919,461.03637108490403,453.6853265127626,456.75653076171875,34452400,0.09,-0.36,1.6099999999999999,-2.19,6.04,400.5895867579303,400.9012306605646,395.3696851287991,397.78485107421875,2234700,-0.48,0.22,1.38,-0.7000000000000001,5.42,19.899999618530273,-6.660000000000001,-1
2024-09-06,538.6059655562885,540.2317273381894,528.322366230481,529.223388671875,68493800,-1.68,0.06,2.21,-3.2199999999999998,1.83,456.05307770346093,456.9348232587385,444.0258857158704,444.521240234375,50624400,-2.68,-0.15,2.83,-4.67,0.13999999999999999,398.27169074929395,400.2583830157874,393.2270788455425,393.8990478515625,3351000,-0.98,0.12,1.77,-2.2800000000000002,2.6,22.3799991607666,12.46,-1
2024-09-09,533.4251872668898,536.4221205223048,531.4957564364314,535.1488647460938,40445800,1.1199999999999999,0.79,0.9299999999999999,-3.06,2.52,448.8506232910241,451.2283188768992,445.64073576179464,450.23760986328125,32981200,1.29,0.97,1.26,-4.58,0.8999999999999999,396.7134803668771,400.1512510329177,395.49614958258167,398.35931396484375,3038200,1.13,0.7100000000000001,1.18,-1.72,3.5999999999999996,19.450000762939453,-13.089999999999998,1
2024-09-10,537.0586665381934,537.8324234437913,532.1813200114981,537.4797973632812,36394600,0.44,0.36,1.06,-0.6,2.91,452.0010610232758,454.9038613489134,448.0283385228492,454.3985900878906,29680300,0.9199999999999999,0.38999999999999996,1.53,-0.6799999999999999,1.6099999999999999,399.38193440432684,399.4111491576237,394.38600355061175,397.59002685546875,1970500,-0.19,0.26,1.26,-0.49,3.7600000000000002,19.079999923706055,-1.9,1
2024-09-11,537.3916883108078,543.9144040618945,528.8318231688719,542.9937744140625,75248600,1.03,-0.02,2.81,0.63,2.2800000000000002,455.6370151696974,465.0091145713216,447.08719099889396,464.2660827636719,57843000,2.17,0.27,3.94,1.7399999999999998,1.31,396.5090806395923,399.21642382191453,390.33478085602275,398.57366943359375,3134600,0.25,-0.27,2.23,-0.27999999999999997,2.97,17.690000534057617,-7.290000000000001,1
2024-09-12,543.5716351743016,547.8711746400817,541.3483991843773,547.5675659179688,51819600,0.84,0.11,1.2,1.72,2.82,464.29578616525714,469.635722410282,462.51252198450715,468.8233337402344,40067800,0.98,0.01,1.53,2.64,2.27,398.99243202149586,401.2323092384695,396.83045091398384,401.2030944824219,3131600,0.66,0.11,1.0999999999999999,0.86,3.05,17.06999969482422,-3.5000000000000004,1
2024-09-13,548.1747207597754,551.4263046450518,547.920069645679,550.4273071289062,39310500,0.52,0.11,0.64,4.01,1.6199999999999999,468.0902619297623,472.1026218238149,467.8623879449723,470.9236755371094,29111800,0.44999999999999996,-0.16,0.8999999999999999,5.94,0.19,401.80687078022777,405.42964899360265,401.5731527406535,404.095458984375,5210300,0.72,0.15,0.96,2.59,2.31,16.559999465942383,-2.9899999999999998,1
2024-09-16,550.1628688432331,551.5046291897925,548.3608236054457,551.240234375,36656100,0.15,-0.05,0.5700000000000001,3.01,1.54,468.79361628971213,469.4573744200276,465.524288528779,468.8431396484375,22585600,-0.44,-0.44999999999999996,0.84,4.130000000000001,-0.38,405.5660230399512,407.6111154205615,404.7869133387697,406.4717102050781,3881100,0.59,0.36,0.7000000000000001,2.04,2.62,17.139999389648438,3.5000000000000004,1
2024-09-17,553.4536471249235,554.9031859740162,549.2324757022386,551.4655151367188,49321000,0.04,0.4,1.03,2.6,0.62,471.86482380417743,473.16265024621885,466.59424438062723,469.0908203125,30084400,0.05,0.64,1.4000000000000001,3.2300000000000004,-1.6199999999999999,407.35793800903053,408.5265580015679,404.9427424724585,406.3548583984375,2561700,-0.03,0.22,0.88,2.1999999999999997,1.9900000000000002,17.610000610351562,2.74,1
2024-09-18,552.1216967889254,556.9696926491016,549.2716961893568,549.8299560546875,59044900,-0.3,0.12,1.4000000000000001,1.26,0.48,470.28962738466885,474.3812306191074,466.45555772606247,467.0599060058594,39909200,-0.43,0.26,1.69,0.6,-1.8399999999999999,406.58856572296503,409.9970926212414,404.68951742021267,405.31280517578125,3173600,-0.26,0.06,1.31,1.69,1.87,18.229999542236328,3.52,-1
2024-09-19,559.2419348303403,561.0733907935877,556.3723270388496,559.2125244140625,75315500,1.71,1.71,0.86,2.13,1.8499999999999999,478.1261087929225,481.71250116567927,476.0258103183634,478.869140625,52782500,2.53,2.37,1.22,2.1399999999999997,0.18,410.95147236451885,411.73055230393527,408.4194179814237,410.3963623046875,4073000,1.25,1.39,0.8200000000000001,2.29,3.04,16.329999923706055,-10.42,1
2024-09-20,557.8430941207945,559.2871857073619,555.2200568119598,558.245849609375,77503100,-0.16999999999999998,-0.24,0.73,1.4200000000000002,2.48,478.0071954775703,479.19605842028795,473.8561221774012,477.9576721191406,34577700,-0.19,-0.18,1.1199999999999999,1.49,1.6,409.6326084599361,411.50796636572267,408.7730569996687,410.7949523925781,2902200,0.1,-0.19,0.67,1.66,3.52,16.149999618530273,-1.0999999999999999,-1
2024-09-23,559.3166610051752,560.2892222272916,558.0984411315784,559.6408081054688,44116900,0.25,0.19,0.38999999999999996,1.52,1.6500000000000001,479.13526286945836,480.31586566098304,477.79592026062943,479.22454833984375,24843000,0.27,0.25,0.53,2.21,0.77,411.3321648101765,411.8987009233001,410.2382010433851,411.3223876953125,2318700,0.13,0.13,0.4,1.1900000000000002,2.56,15.890000343322754,-1.6099999999999999,1
2024-09-24,560.4364946014963,561.3010067117204,557.6071931426925,561.2420654296875,46805700,0.29,0.13999999999999999,0.66,1.77,2.19,480.6333780488886,482.48860259985565,476.3772853530918,481.53619384765625,25952600,0.48,0.29,1.28,2.65,2.25,411.8692729763586,412.8264760743785,410.60924768499103,412.3185729980469,2790700,0.24,0.13,0.54,1.47,2.58,15.390000343322754,-3.15,1
2024-09-25,561.0849426444706,561.8217386948093,558.8941616149112,560.0042724609375,38428600,-0.22,-0.03,0.52,1.8499999999999999,1.82,480.91114919551086,483.93707616737726,480.732578237264,481.9826354980469,26549900,0.09,-0.13,0.67,3.2,2.04,412.6213816289218,413.10976030902344,408.6557491311582,409.3785400390625,2048000,-0.7100000000000001,0.06999999999999999,1.08,1.0,1.81,15.40999984741211,0.13,-1
2024-09-26,564.2678851150425,564.5920921622151,559.866775948692,562.2244873046875,48336000,0.4,0.76,0.84,0.54,2.82,489.4729482643536,489.8003586045488,481.96273515849174,485.603759765625,32020200,0.75,1.55,1.63,1.41,3.9899999999999998,411.44926200309305,412.30881325175505,410.4334558076463,411.8204345703125,2703700,0.6,0.51,0.45999999999999996,0.35000000000000003,2.8000000000000003,15.369999885559082,-0.26,1
2024-09-27,563.2952985697877,564.1106429805404,560.377555197848,561.4090576171875,42100900,-0.15,0.19,0.66,0.5700000000000001,2.6599999999999997,486.6256838006488,486.7645925142839,481.7247009952947,482.9053039550781,22851100,-0.5599999999999999,0.21,1.04,1.04,3.56,412.7678587119987,416.2939680215766,412.4259876995842,413.1195068359375,3667700,0.32,0.22999999999999998,0.9400000000000001,0.5700000000000001,2.4899999999999998,16.959999084472656,10.34,-1
2024-09-30,560.3775886747461,564.2678934162012,558.078818569817,563.6588134765625,63557400,0.4,-0.18,1.0999999999999999,0.72,2.1,481.942923506745,484.55215452746376,479.10552858521237,484.21484375,30281100,0.27,-0.2,1.13,1.04,2.62,412.60184073863354,413.46136214234804,409.33944505453644,413.2855529785156,3819800,0.04,-0.13,1.0,0.48,1.96,16.729999542236328,-1.3599999999999999,1
2024-10-01,563.3051282373419,563.9534823374194,556.0353836889657,558.6092529296875,72668800,-0.8999999999999999,-0.06,1.4000000000000001,-0.47000000000000003,3.3099999999999996,483.8478319905061,484.1454502796562,473.6291700994233,477.4685974121094,42735400,-1.39,-0.08,2.17,-0.84,4.36,412.6018158320563,413.31482955620294,409.54456083191513,411.70318603515625,5101300,-0.38,-0.16999999999999998,0.91,-0.15,3.05,19.260000228881836,15.120000000000001,-1
2024-10-02,557.7153138155387,559.8667605957481,555.3182683616095,558.8450317382812,38097800,0.04,-0.16,0.8099999999999999,-0.21,3.5700000000000003,476.5657209152366,480.05793653831387,473.9465894744548,478.1431884765625,23744000,0.13999999999999999,-0.19,1.28,-0.8,4.78,412.02560247311266,412.68004311274234,409.8278981015063,412.103759765625,2599600,0.1,0.08,0.69,0.67,3.1,18.899999618530273,-1.87,1
2024-10-03,557.3714411111998,559.7684865712154,555.5343678239607,557.8233642578125,40846500,-0.18,-0.26,0.76,-0.7799999999999999,3.63,475.95064787695753,480.72265250634194,475.2065719333754,477.7860412597656,25337200,-0.06999999999999999,-0.45999999999999996,1.15,-1.6099999999999999,4.6,410.5701546925208,411.33202418451765,408.5580370647275,410.2185363769531,2534400,-0.45999999999999996,-0.37,0.67,-0.38999999999999996,3.1300000000000003,20.489999771118164,8.41,-1
2024-10-04,562.2736036088263,563.2658318866675,558.0984259775333,562.8925170898438,42939100,0.91,0.8,0.9299999999999999,0.26,6.36,483.5998032118686,484.0263995154544,478.57977292710336,483.4708251953125,30686600,1.1900000000000002,1.22,1.1400000000000001,0.12,8.76,412.5530420728989,413.7642117801367,409.906037712483,413.5688781738281,2520900,0.8200000000000001,0.5700000000000001,0.9400000000000001,0.11,4.99,19.209999084472656,-6.25,1
2024-10-07,561.2421538745174,561.8905680396737,556.6543868115797,557.8037719726562,49964700,-0.8999999999999999,-0.29,0.9299999999999999,-1.04,4.2299999999999995,481.55604432247213,482.72671654095666,477.0717272577596,478.2920227050781,24975100,-1.0699999999999998,-0.4,1.17,-1.22,6.23,412.2989792519297,413.09992733296815,408.5384877702965,409.8570861816406,2632600,-0.8999999999999999,-0.31,1.0999999999999999,-0.83,2.8899999999999997,22.639999389648438,17.86,-1
2024-10-08,560.3775771285751,563.6784689445017,559.5032914013763,563.0791625976562,37398700,0.95,0.45999999999999996,0.75,0.8,4.760000000000001,480.83175543826064,486.1196413389746,480.02815591476696,485.4350891113281,28272000,1.49,0.53,1.27,1.67,6.83,410.73629304579583,411.48838556634684,408.9781117156994,411.01953125,1872900,0.27999999999999997,0.21,0.61,-0.16999999999999998,3.38,21.420000076293945,-5.390000000000001,1
2024-10-09,563.0693372819003,567.5392812736217,562.4700908869163,566.9793090820312,37912200,0.69,-0.0,0.8999999999999999,1.46,4.42,485.13754631242887,489.8301964636314,484.09585203525324,489.2547607421875,24995000,0.79,-0.06,1.18,2.32,5.38,411.10746105316184,415.7665833996497,410.2674341384745,415.1707458496094,3935100,1.01,0.02,1.34,0.74,4.16,20.860000610351562,-2.6100000000000003,1
2024-10-10,565.6334128471475,567.411544847049,564.375918856187,565.987060546875,44138100,-0.18,-0.24,0.54,1.46,3.36,486.97288079520195,490.56428230026705,485.6632999428998,488.6991271972656,25750400,-0.11,-0.47000000000000003,1.0,2.2800000000000002,4.24,415.1218277719445,415.19020793285534,413.20739192429875,414.78973388671875,2179000,-0.09,-0.01,0.48,1.11,3.39,20.93000030517578,0.33999999999999997,-1
2024-10-11,565.9084606662699,570.1131388058892,565.7709110163313,569.3763427734375,42268000,0.6,-0.01,0.77,1.15,3.44,486.86374286155046,490.48493653463544,486.298268176488,489.4630432128906,20644500,0.16,-0.38,0.86,1.24,3.94,415.39546372185094,419.09738330788025,415.1317499054101,418.7652893066406,3753500,0.96,0.15,0.96,1.26,3.63,20.459999084472656,-2.25,1
2024-10-14,570.9874382986001,574.9661849382893,570.5060744728205,574.0328979492188,36217200,0.8200000000000001,0.27999999999999997,0.7799999999999999,2.91,4.130000000000001,491.85402746733337,494.8898548804224,491.34807641617016,493.57037353515625,26060100,0.84,0.49,0.72,3.19,5.27,418.3647567255677,421.3927107719996,417.2610160414705,420.8750305175781,2180600,0.5,-0.1,0.9900000000000001,2.69,3.54,19.700000762939453,-3.71,1
2024-10-15,574.2981924836022,574.6027324678581,568.3546560789198,569.5728759765625,54203600,-0.7799999999999999,0.05,1.09,1.15,3.2800000000000002,493.8977476785361,494.5624688319381,484.82002737514097,486.972900390625,34784500,-1.34,0.06999999999999999,1.97,0.32,3.81,419.35127971712615,420.1327035934397,417.10474941530464,417.6029052734375,3291200,-0.7799999999999999,-0.36,0.72,1.6,2.77,20.639999389648438,4.77,-1
2024-10-16,569.5729286407808,572.5692210133667,568.7673576490918,572.0485229492188,30725400,0.43,0.0,0.67,0.89,4.04,487.30026609568785,487.8062474023501,483.718795252719,487.03240966796875,22996800,0.01,0.06999999999999999,0.84,-0.44999999999999996,4.279999999999999,417.2511637377221,421.06051113174476,416.9972271169648,420.7088928222656,2583700,0.74,-0.08,0.97,1.3299999999999998,3.8,19.579999923706055,-5.140000000000001,1
2024-10-17,575.5948569414992,575.8011814159861,571.9108767867559,572.0975341796875,34393700,0.01,0.62,0.6799999999999999,1.08,2.3,492.5187281720624,492.5683211220585,487.31019680837863,487.3697204589844,27210700,0.06999999999999999,1.13,1.08,-0.27,1.78,422.4866777872866,422.8285488580739,421.1778263750276,422.3987731933594,3462800,0.4,0.42,0.38999999999999996,1.83,2.92,19.110000610351562,-2.4,1
2024-10-18,573.787292295603,575.0840605235142,572.3235337539761,574.2981567382812,37416800,0.38,0.3,0.48,0.86,2.88,490.15753539620334,491.6556179545978,489.40352876657005,490.5643005371094,25335000,0.66,0.5700000000000001,0.45999999999999996,0.22,2.64,422.3587104527501,423.27718130363917,420.47289615423756,422.7300109863281,2303700,0.08,-0.01,0.66,0.95,2.91,18.030000686645508,-5.65,1
2024-10-21,573.5711395635755,574.5535342943244,570.378356688641,573.3550415039062,36439000,-0.16,-0.13,0.73,-0.12,2.45,489.35393242594535,492.3104049952959,487.4292536147581,491.5068054199219,30336500,0.19,-0.25,1.0,-0.42,2.56,422.5247870999017,423.12082999609703,418.9388685141465,419.5348815917969,2702600,-0.76,-0.05,0.9900000000000001,-0.32,2.0,18.3700008392334,1.8900000000000001,-1
2024-10-22,570.8203601494715,574.209633451099,570.1621725681896,573.0504150390625,34183800,-0.05,-0.44,0.7100000000000001,0.61,2.1,488.83807375200354,493.5207929965994,488.08406709201313,492.04254150390625,26685800,0.11,-0.54,1.11,1.04,2.18,417.84455730699614,420.5608778557274,417.37554137954686,419.4762878417969,2306100,-0.01,-0.4,0.76,0.44999999999999996,1.7399999999999998,18.200000762939453,-0.9299999999999999,-1
2024-10-23,571.0267196890029,571.4688092704015,564.3071139493308,567.8142700195312,49314600,-0.91,-0.35000000000000003,1.25,-0.74,1.39,489.6912640374047,490.34605451121007,481.2187106828383,484.5025634765625,39346600,-1.53,-0.48,1.8499999999999999,-0.52,0.52,417.2485788110665,417.9618683865825,413.2327355406267,415.4214172363281,4006500,-0.97,-0.53,1.13,-1.26,1.48,19.239999771118164,5.71,-1
2024-10-24,569.7693209618997,569.8479293354313,566.4193810527883,569.0423583984375,34979900,0.22,0.33999999999999997,0.6,-0.53,1.21,488.2229113611023,489.1058959697234,485.5740180882913,488.4312744140625,22024900,0.8099999999999999,0.77,0.73,0.22,0.58,414.60063728848814,414.94262623802535,412.27514821389497,414.072998046875,1936600,-0.32,-0.2,0.64,-1.97,0.5499999999999999,19.079999923706055,-0.83,1
2024-10-25,571.2724326633536,574.1705094317597,567.9028255594263,568.8458862304688,47268200,-0.03,0.38999999999999996,1.0999999999999999,-0.95,1.32,491.22902181685464,496.32840643950317,490.52460813834386,491.4075927734375,38762100,0.61,0.5700000000000001,1.1900000000000002,0.16999999999999998,1.76,415.7046812312019,416.24207103869327,410.8387420604398,411.493408203125,2518800,-0.62,0.38999999999999996,1.3,-2.6599999999999997,-0.38999999999999996,20.329999923706055,6.550000000000001,-1
2024-10-28,572.3236221809337,572.451338311336,570.2998911399899,570.6044311523438,30174700,0.31,0.61,0.38,-0.48,1.23,494.52279649460877,494.58232014940006,491.1893507201843,491.4869689941406,20477800,0.02,0.63,0.69,-0.0,1.5,413.84815424013453,415.0890827114007,413.57456911124495,414.35626220703125,2912000,0.7000000000000001,0.5700000000000001,0.37,-1.23,0.26,19.799999237060547,-2.6100000000000003,1
2024-10-29,569.6415908764491,572.6477165136779,568.2466070737139,571.52783203125,42899700,0.16,-0.16999999999999998,0.77,-0.27,2.31,491.8044187402905,497.38995346166206,489.94919430030234,496.2093505859375,28014100,0.96,0.06,1.51,0.8500000000000001,3.93,412.55843044924796,415.2356585977147,412.0991950541382,412.8222351074219,2697700,-0.37,-0.43,0.76,-1.59,0.27,19.34000015258789,-2.32,1
2024-10-30,571.0562623128328,573.0505525749719,569.0914726763393,569.798828125,41435800,-0.3,-0.08,0.69,0.35000000000000003,1.96,495.4454629981242,496.39787173074626,491.9731085864843,492.459228515625,29756000,-0.76,-0.15,0.89,1.6400000000000001,2.9899999999999998,412.3532211633171,414.9229832914987,411.79630021567203,412.08941650390625,2933600,-0.18,-0.11,0.76,-0.8,-0.0,20.350000381469727,5.220000000000001,-1
2024-10-31,565.4271221936206,565.4958970216722,558.4324763422399,558.6289672851562,60182500,-1.96,-0.77,1.24,-1.83,0.13999999999999999,488.4908207354854,488.5404136876197,479.92898206139125,480.0281982421875,41245200,-2.52,-0.8099999999999999,1.7500000000000002,-1.72,0.47000000000000003,409.627139050175,410.31108697690763,407.4677397844418,408.1028747558594,4297100,-0.97,-0.6,0.69,-1.44,-0.52,23.15999984741211,13.81,-1
2024-11-01,561.2617325907157,565.4172428761593,560.5740443264921,560.9866333007812,45667500,0.42,0.47000000000000003,0.8699999999999999,-1.38,-0.33999999999999997,481.66511651625655,486.8736476423335,481.36749827680495,483.5798645019531,33655800,0.74,0.33999999999999997,1.15,-1.59,0.02,410.0570964129952,413.6039229687075,409.7053270293391,410.7899169921875,3856400,0.66,0.48,0.96,-0.16999999999999998,-0.67,21.8799991607666,-5.53,1
2024-11-04,561.1241962515347,562.4209644478059,557.892139281839,559.7783203125,38217000,-0.22,0.02,0.8099999999999999,-1.9,0.35000000000000003,482.97474217579787,485.5145189767317,480.4250346737851,482.171142578125,23291600,-0.29,-0.13,1.05,-1.9,0.8099999999999999,410.22321958911715,410.67267456561194,406.90110531947846,408.4742126464844,3125400,-0.5599999999999999,-0.13999999999999999,0.9199999999999999,-1.4200000000000002,-0.33999999999999997,21.979999542236328,0.45999999999999996,-1
2024-11-05,560.6919638738422,566.586332309216,560.4758658123077,566.5470581054688,39478300,1.21,0.16,1.09,-0.8699999999999999,0.62,483.7584717889176,488.986864708101,483.66918631037436,488.3221435546875,24353600,1.28,0.33,1.0999999999999999,-1.59,0.59,408.6890825282895,412.9394472451809,408.1419122926734,412.62677001953125,3093100,1.02,0.05,1.17,-0.05,0.38999999999999996,20.489999771118164,-6.78,1
2024-11-06,578.8270705681771,581.5089893813079,575.0841485043231,580.6346435546875,68182000,2.4899999999999998,2.17,1.13,1.9,2.41,496.6062103649232,502.4100088623021,495.6538016210877,501.5865478515625,43082200,2.7199999999999998,1.7000000000000002,1.38,1.8499999999999999,2.52,424.7037048760337,427.76201403448096,423.77545359778344,427.21484375,7271800,3.54,2.93,0.97,3.6700000000000004,2.9000000000000004,16.270000457763672,-20.599999999999998,1
2024-11-07,582.6386570968723,586.1458133207747,582.5600487330294,585.1240844726562,47233200,0.77,0.35000000000000003,0.62,4.74,3.38,504.38428822463,510.2674718663417,504.32476456953594,509.4836730957031,32853100,1.5699999999999998,0.5599999999999999,1.18,6.140000000000001,4.25,427.5079324381739,428.211441304022,426.4331230849973,427.37115478515625,4267900,0.04,0.06999999999999999,0.42,4.72,3.0300000000000002,15.199999809265137,-6.58,1
2024-11-08,585.674234913322,589.0831757216504,585.674234913322,587.65869140625,46444900,0.43,0.09,0.58,4.75,3.2099999999999995,508.9876317248382,510.8527870225075,508.36260305843524,510.0789794921875,22924500,0.12,-0.1,0.49,5.48,4.21,428.26030130300126,431.5824448589161,427.38092263995344,430.0288391113281,5014300,0.62,0.21,0.98,4.68,2.69,14.9399995803833,-1.71,1
2024-11-11,589.2502526004109,589.6039003558736,586.4897254702406,588.21875,37586800,0.1,0.27,0.53,5.08,2.4699999999999998,511.29919439483575,511.5075574474809,506.8843621879825,509.78131103515625,24167500,-0.06,0.24,0.91,5.7299999999999995,3.2800000000000002,431.75833619567464,434.67983794857116,431.6997129364459,432.8624572753906,4065100,0.66,0.4,0.69,5.970000000000001,2.85,14.970000267028809,0.2,1
2024-11-12,588.1401110548398,588.7393574916656,583.9059918696842,586.3914794921875,43006100,-0.31,-0.01,0.8200000000000001,3.5000000000000004,2.9499999999999997,509.7118651333431,510.5947892022127,505.80295361288677,508.8586120605469,25835300,-0.18,-0.01,0.9400000000000001,4.21,4.49,433.4194059533564,434.0447605165115,428.993170687279,429.3254089355469,3483000,-0.8200000000000001,0.13,1.17,4.05,2.81,14.710000038146973,-1.7399999999999998,-1
2024-11-13,586.8532154819194,588.6804555395651,584.4856702408568,586.6763916015625,47388600,0.05,0.08,0.72,1.04,2.56,508.35269682828596,510.9122744153452,505.9220366929146,508.203857421875,24567400,-0.13,-0.1,0.98,1.32,4.35,429.8334636634867,431.4358824615414,428.3971341619424,429.7357482910156,2631000,0.1,0.12,0.7100000000000001,0.59,2.15,14.020000457763672,-4.6899999999999995,1
2024-11-14,586.8040077565071,587.2853715644612,582.2162413093224,582.9038696289062,38904100,-0.64,0.02,0.86,-0.38,1.8900000000000001,507.8665643683169,508.739588052962,503.75925058094214,504.6719970703125,28679500,-0.69,-0.06999999999999999,0.98,-0.9400000000000001,3.55,430.4978585291791,430.8398474061123,427.0878098792457,427.674072265625,2528300,-0.48,0.18,0.8699999999999999,0.06999999999999999,1.25,14.3100004196167,2.07,-1
2024-11-15,579.3378226480269,579.8094129170865,573.5810036102117,575.437744140625,75988800,-1.28,-0.61,1.0699999999999998,-2.08,0.2,498.9674158501514,499.3543196021951,490.58414799637626,492.6477355957031,51461100,-2.3800000000000003,-1.13,1.7399999999999998,-3.42,0.42,426.11561978980814,426.77068400930483,423.8473760141498,424.8153076171875,3486900,-0.67,-0.36,0.6799999999999999,-1.21,0.49,16.139999389648438,12.790000000000001,-1
2024-11-18,575.8993966406199,579.1118465214918,575.0349444617987,577.7954711914062,37001700,0.41000000000000003,0.08,0.7100000000000001,-1.77,0.77,494.1953790330812,498.1737145612043,492.8064433987384,496.0704345703125,27080800,0.69,0.31,1.09,-2.69,0.9299999999999999,424.48292889965137,425.6170210354675,423.5247836547826,424.5024719238281,2243000,-0.06999999999999999,-0.08,0.49,-1.9300000000000002,1.18,15.579999923706055,-3.47,1
2024-11-19,574.4159793947367,580.6344941628126,573.7479582489347,579.9075317382812,49412000,0.37,-0.58,1.1900000000000002,-1.11,1.2,493.4909765905591,499.96939601024445,493.1536355499042,499.4832458496094,24523000,0.69,-0.52,1.37,-1.8399999999999999,1.51,421.1196787444426,424.43402646046826,420.05400211189493,423.1825866699219,3202500,-0.31,-0.8,1.03,-1.43,0.88,16.350000381469727,4.9399999999999995,1
2024-11-20,579.9862433981077,580.3889988810581,574.3374733314436,580.1041259765625,50032600,0.03,0.01,1.04,-1.1199999999999999,2.16,499.18562594048456,499.5031055797306,492.6377521945281,499.195556640625,29565500,-0.06,-0.06,1.37,-1.77,3.0300000000000002,423.8767406300974,425.2064122021142,421.305445523964,424.6002502441406,3956000,0.33999999999999997,0.16,0.9199999999999999,-1.2,2.21,17.15999984741211,4.95,1
2024-11-21,582.9531169226577,584.6428072515256,577.1078556838472,583.2183227539062,46750300,0.54,0.49,1.3,0.05,2.4899999999999998,502.2412988893756,502.9556129602977,493.62986778963904,500.99127197265625,34526700,0.36,0.61,1.87,-0.73,2.5700000000000003,426.1351857987493,430.71078947899093,423.95496009940723,429.1758117675781,7558000,1.08,0.36,1.59,0.35000000000000003,3.65,16.8700008392334,-1.69,1
2024-11-22,583.2084127301733,585.6546259064262,582.7074417987914,585.02587890625,38226400,0.31,-0.0,0.51,1.67,2.8400000000000003,500.43574794672105,502.52906714393225,498.8086872921343,501.794921875,23826600,0.16,-0.11,0.74,1.8599999999999999,2.11,429.7819845699694,433.6731946397262,429.518019477327,433.2723388671875,5492800,0.95,0.13999999999999999,0.97,1.9900000000000002,5.29,15.239999771118164,-9.66,1
2024-11-25,588.965270737662,590.2816460152659,584.7213185752529,587.0103149414062,42441400,0.33999999999999997,0.67,0.95,1.59,2.88,505.8724454009976,507.4102205776175,500.27700982842947,502.5885925292969,26375200,0.16,0.8099999999999999,1.4200000000000002,1.31,2.26,436.645341927959,438.39541227745224,435.46234748098846,437.57415771484375,2976100,0.9900000000000001,0.7799999999999999,0.6799999999999999,3.08,5.6000000000000005,14.600000381469727,-4.2,1
2024-11-26,588.2580340090641,590.7435218021593,587.5409049439907,590.0755004882812,45621300,0.52,0.21,0.5499999999999999,1.7500000000000002,3.25,504.0667529918503,506.11050927210346,503.22349121211295,505.28704833984375,26557100,0.54,0.29,0.5700000000000001,1.16,1.83,436.59641090841785,439.3045962994889,434.7388094204025,438.8646545410156,4126500,0.29,-0.22,1.04,3.71,6.3100000000000005,14.100000381469727,-3.42,1
2024-11-27,589.8886614517024,590.2717497615803,586.7646539336328,588.287353515625,34000200,-0.3,-0.03,0.59,1.41,3.2399999999999998,504.15607164871835,504.2254957213914,497.9653396767726,501.3087158203125,24957400,-0.79,-0.22,1.24,0.42,1.7999999999999998,439.1579955197606,440.5854418294392,437.3883821961738,437.7501220703125,2985900,-0.25,0.06999999999999999,0.73,3.1,6.23,14.100000381469727,0.0,-1
2024-11-29,589.1026988110318,592.7277371564339,588.8276595121854,591.9418334960938,30177400,0.62,0.13999999999999999,0.66,1.5,5.96,501.93375043277575,506.308920336892,501.31865253598164,505.7136535644531,15334000,0.88,0.12,1.0,0.9400000000000001,5.35,438.29768945276555,441.2112115705816,438.2390305368153,440.0477600097656,3474100,0.52,0.13,0.6799999999999999,2.53,7.829999999999999,13.510000228881836,-4.18,1
2024-12-02,592.354515594293,593.6807844427898,591.8633182342458,593.0029296875,31746000,0.18,0.06999999999999999,0.31,1.3599999999999999,5.71,506.9737168906479,512.1822489405321,506.58678283420767,511.2198791503906,25147200,1.09,0.25,1.11,1.8800000000000001,5.72,440.5560553210966,440.93736803190797,437.93585816632105,438.727783203125,2661200,-0.3,0.12,0.6799999999999999,1.26,6.800000000000001,13.34000015258789,-1.26,1
2024-12-03,592.7671496331845,593.5235527754064,591.735647195163,593.2779541015625,26906600,0.05,-0.04,0.3,1.0699999999999998,5.9799999999999995,509.89031352298815,513.0650487866645,509.31487799664365,512.7872314453125,18597900,0.31,-0.26,0.73,2.03,6.35,439.1286258110367,439.5685974124109,436.6452895602588,437.8967590332031,1697400,-0.19,0.09,0.67,0.06999999999999999,7.199999999999999,13.300000190734863,-0.3,1
2024-12-04,594.9677449089698,597.2075737883222,594.2997236656325,596.9619750976562,42787600,0.62,0.27999999999999997,0.49,1.17,5.37,516.2101727842456,519.3849091600352,515.4958283369896,519.126953125,26086200,1.24,0.67,0.76,2.74,6.3100000000000005,439.81301613381515,441.4750680712749,438.76688266229166,440.8786926269531,3694400,0.6799999999999999,0.44,0.62,0.45999999999999996,6.8500000000000005,13.449999809265137,1.13,1
2024-12-05,596.961947940629,597.7675188046404,595.6259055147337,595.9795532226562,28762200,-0.16,-0.0,0.36,1.31,2.64,519.1764451670765,519.9006596223231,517.3013594796879,517.6882934570312,18169600,-0.27999999999999997,0.01,0.5,3.27,3.2099999999999995,440.4290372687855,441.4067255713241,438.34655641050966,438.659423828125,1917600,-0.5,-0.1,0.69,0.21,2.68,13.539999961853027,0.67,-1
2024-12-06,596.7459547224977,598.3472631909667,596.333365657436,597.1094360351562,31241500,0.19,0.13,0.33999999999999997,0.8699999999999999,2.0500000000000003,518.3530669746475,522.5595667910787,518.2240889616199,522.3214721679688,23762600,0.89,0.13,0.84,3.2800000000000002,2.52,439.4611270029166,439.92064172099793,436.81159992802907,437.17333984375,1973900,-0.33999999999999997,0.18,0.7100000000000001,-0.65,2.29,12.770000457763672,-5.6899999999999995,1
2024-12-09,596.9915028268559,597.1584931551176,593.445071963169,594.0344848632812,34742700,-0.51,-0.02,0.62,0.16999999999999998,1.08,521.3987277525985,522.1923965322766,517.1029129790646,518.2537841796875,20674400,-0.7799999999999999,-0.18,0.97,1.38,1.6,437.6621717658157,438.2781201830931,434.8757540782977,435.1495056152344,1998600,-0.45999999999999996,0.11,0.7799999999999999,-0.8200000000000001,1.1900000000000002,14.1899995803833,11.12,-1
2024-12-10,594.7122615181331,595.1346840344664,591.5293123546073,592.1875,37234500,-0.31,0.11,0.61,-0.18,0.67,519.4840803564292,521.2301883413037,515.0592867380795,516.4879150390625,24350000,-0.33999999999999997,0.24,1.1900000000000002,0.72,1.32,434.59220834235805,435.8534046873223,433.06701707758674,433.7904968261719,2461000,-0.31,-0.13,0.64,-0.9400000000000001,0.21,14.180000305175781,-0.06999999999999999,-1
2024-12-11,595.1152087702993,597.7185192678439,594.8401094183695,596.765625,28677700,0.77,0.49,0.49,-0.03,1.77,520.8530714936718,526.418744067759,520.4463366907022,525.7341918945312,32168600,1.79,0.8500000000000001,1.16,1.27,3.32,434.20111816458376,434.8170665413125,432.50973657283794,432.6368408203125,2084300,-0.27,0.09,0.53,-1.87,0.77,13.579999923706055,-4.2299999999999995,1
2024-12-12,595.9010621562538,596.4708079758578,593.690673828125,593.690673828125,31543800,-0.52,-0.13999999999999999,0.47000000000000003,-0.38,1.2,523.511980803434,524.7818994700399,521.8651193703002,522.34130859375,23577500,-0.65,-0.42,0.5499999999999999,0.8999999999999999,2.78,432.6172463627528,433.23319470873247,430.2316847441488,430.44677734375,3585300,-0.51,-0.0,0.69,-1.87,0.16999999999999998,13.920000076293945,2.5,-1
2024-12-13,595.7242008087076,596.4413297893211,592.1973772710232,593.57275390625,35904700,-0.02,0.33999999999999997,0.7100000000000001,-0.59,1.83,526.2700842159519,528.9586400198303,523.1350101576185,526.3395385742188,28780400,0.77,0.75,1.11,0.77,4.29,431.0237323829762,431.67879679790263,429.12704416651275,429.5669860839844,2548400,-0.2,0.13,0.59,-1.7399999999999998,0.44,13.8100004196167,-0.79,-1
2024-12-16,595.3312295236393,597.0799209921157,594.5551592425911,596.1072998046875,43695200,0.43,0.3,0.43,0.35000000000000003,3.5900000000000003,528.8693668170654,534.8914288475645,528.7899817598816,533.9191284179688,31979900,1.44,0.48,1.16,3.02,8.38,429.8406120684513,430.8378731300255,428.1785600269546,428.58917236328125,1987500,-0.22999999999999998,0.06,0.62,-1.51,0.89,14.6899995803833,6.370000000000001,1
2024-12-17,593.553151685944,594.5158794594372,592.2760503625989,593.6513671875,55773500,-0.41000000000000003,-0.43,0.38,0.25,2.74,532.1233232086973,533.234471579217,529.9109571669914,531.5677490234375,28579100,-0.44,-0.33999999999999997,0.62,2.92,7.16,426.44806009010983,427.08355149476074,424.7371056270691,425.8516845703125,3130300,-0.64,-0.5,0.5499999999999999,-1.83,0.32,15.869999885559082,8.03,-1
2024-12-18,593.3467116570313,595.7339235020439,575.5752257128447,575.9583740234375,108248700,-2.98,-0.05,3.4000000000000004,-3.49,-0.6799999999999999,530.9230075449514,532.6393233284896,510.942073860317,512.3905029296875,54703200,-3.61,-0.12,4.08,-2.54,2.58,426.2526308639745,428.2666667298332,414.5203691972163,414.7550048828125,6135700,-2.6100000000000003,0.09,3.2300000000000004,-4.130000000000001,-1.9900000000000002,27.6200008392334,74.03999999999999,-1
2024-12-19,580.948961299734,582.5601031255708,575.5359564813775,575.7815551757812,85919500,-0.03,0.8699999999999999,1.22,-3.02,-0.75,517.0732121815271,517.6387171158508,509.77136208940215,510.108642578125,46441800,-0.44999999999999996,0.91,1.54,-2.34,2.19,417.97150506721727,419.39892152981383,414.9797814681169,415.0579833984375,4948000,0.06999999999999999,0.7799999999999999,1.0699999999999998,-3.58,-2.25,24.09000015258789,-12.78,-1
2024-12-20,573.4513238514112,587.2314053923626,572.6035752179652,582.6972045898438,125716700,1.2,-0.4,2.54,-1.83,-0.09,506.4081888202465,520.674610325421,505.2672783831969,514.563232421875,60530000,0.8699999999999999,-0.73,3.02,-2.2399999999999998,2.71,413.83532127842795,423.6600509298173,413.5019504436217,420.1890563964844,6069600,1.24,-0.29,2.45,-2.18,-2.09,18.360000610351562,-23.79,1
2024-12-23,582.4409930028329,586.7879087972127,579.2571372355378,586.1866455078125,57635800,0.6,-0.04,1.29,-1.66,0.2,516.2773821985058,519.9540883119314,512.8789414988543,519.5764770507812,29672800,0.97,0.33,1.37,-2.69,3.54,418.97312378251553,421.0714356191885,416.6983567393389,420.53216552734375,2602700,0.08,-0.29,1.04,-1.8800000000000001,-2.94,16.780000686645508,-8.61,1
2024-12-24,587.5370230202848,592.7415539521577,586.9554328723399,592.7020874023438,33160100,1.11,0.22999999999999998,0.9900000000000001,-0.16,0.97,521.5240745288673,526.7111642557666,520.8880913793857,526.6217651367188,17558200,1.3599999999999999,0.37,1.1199999999999999,-0.9299999999999999,4.78,420.53223135954556,424.19934037306234,419.93410287472943,424.0718688964844,1431700,0.84,0.0,1.01,-0.42,-3.09,14.270000457763672,-14.96,1
2024-12-26,590.9278604962976,593.8652307760627,589.5281816588665,592.7415771484375,41219100,0.01,-0.3,0.73,2.91,0.44999999999999996,524.9920714258506,527.8936610974116,522.994722895012,526.2639770507812,19090500,-0.06999999999999999,-0.31,0.9299999999999999,2.71,4.15,422.57169630502233,425.21909342115055,422.52268262330546,424.7680358886719,1867400,0.16,-0.35000000000000003,0.64,2.41,-3.2099999999999995,14.729999542236328,3.2199999999999998,1
2024-12-27,588.9958066290322,589.2324254266508,582.31278453499,586.5020141601562,64969300,-1.05,-0.63,1.17,1.8599999999999999,-0.3,522.6966520264838,523.1338828752066,514.5979649367405,519.2683715820312,33839600,-1.3299999999999998,-0.6799999999999999,1.6199999999999999,1.7999999999999998,3.58,422.1892287460654,423.8659273393322,419.10061911444154,421.62054443359375,2429100,-0.74,-0.61,1.1199999999999999,1.58,-3.6799999999999997,15.949999809265137,8.28,-1
2024-12-30,579.4838439796579,583.2787692142718,576.0535631828352,579.80908203125,56578800,-1.1400000000000001,-1.2,1.23,-0.5,-2.0500000000000003,512.2627757493814,516.088500066774,508.60593328242436,512.3621215820312,34584000,-1.3299999999999998,-1.35,1.44,-0.43,1.31,417.17885002469745,419.326175799572,414.28632482537154,417.4729919433594,3858300,-0.98,-1.05,1.2,-0.65,-5.13,17.399999618530273,9.09,-1
2024-12-31,581.4749602926895,582.194563069081,576.0634704063194,577.6997680664062,57052700,-0.36,0.29,1.06,-1.4500000000000002,-2.58,513.6440635547258,514.3992253569596,507.04587445625845,508.009765625,29117000,-0.8500000000000001,0.25,1.44,-2.23,-0.63,418.59080939466565,419.404622020491,415.7767418657794,417.2082824707031,2442700,-0.06,0.27,0.8699999999999999,-0.79,-4.9,17.350000381469727,-0.29,-1
2025-01-02,580.9624764637459,582.6775870195096,572.1995778777631,576.2803955078125,50204000,-0.25,0.5599999999999999,1.81,-2.77,-2.87,511.0603921100838,513.3856790451194,502.5245044941701,507.01605224609375,36389800,-0.2,0.6,2.1399999999999997,-3.7199999999999998,-1.13,419.9929499117835,420.6008632059534,413.3744869241053,415.5414123535156,4231500,-0.4,0.67,1.73,-2.01,-5.11,17.93000030517578,3.34,-1
2025-01-03,579.1289967873591,584.1264484268344,578.044689478734,583.4857788085938,37888500,1.25,0.49,1.06,-1.5599999999999998,-2.26,510.11637914045036,516.3767439002675,509.3015977009679,515.3134765625,29059500,1.6400000000000001,0.61,1.4000000000000001,-2.08,-0.73,417.55146786128745,419.4340360682008,415.9336273926607,418.8359375,2203200,0.79,0.48,0.84,-1.4000000000000001,-5.0,16.1299991607666,-10.040000000000001,1
2025-01-06,587.7440065436294,591.1249540533898,585.1121413237427,586.8469848632812,47679400,0.58,0.73,1.03,0.06,-1.53,520.719278575862,524.5946765405293,518.7418230577623,521.2359619140625,36109700,1.15,1.05,1.1400000000000001,0.38,0.69,420.502786878154,422.7187558127192,417.77696196060214,418.8065185546875,3463300,-0.01,0.4,1.18,-0.67,-4.53,16.040000915527344,-0.5599999999999999,1
2025-01-07,588.877548048508,589.2028462645713,578.3897338233832,580.2132568359375,60393100,-1.13,0.35000000000000003,1.8399999999999999,0.06999999999999999,-2.83,522.279399163195,522.6768432213942,510.0469407829093,511.9349365234375,36690300,-1.78,0.2,2.42,-0.08,-1.9900000000000002,420.5419110758877,420.9537395955672,415.6001184541051,417.0414733886719,2053900,-0.42,0.41000000000000003,1.28,-0.1,-4.61,17.81999969482422,11.1,-1
2025-01-08,580.282291853868,582.1354148697908,576.8323377526707,581.0609741210938,47304700,0.15,0.01,0.91,0.58,-2.18,511.8354863915311,513.6638621182858,507.35388554228564,512.0242919921875,30777800,0.02,-0.02,1.23,0.79,-1.2,417.1200487136198,418.247632705516,415.0119516987036,417.8260192871094,2020200,0.19,0.02,0.7799999999999999,0.15,-3.9800000000000004,17.700000762939453,-0.67,1
2025-01-10,577.5026413332764,577.5716476388544,570.2774344732991,572.189697265625,73105000,-1.53,-0.61,1.26,-0.7100000000000001,-3.38,508.2582252642564,508.35757110922964,500.74584773317105,503.9952392578125,40532500,-1.5699999999999998,-0.74,1.49,-0.6,-2.42,416.01202880321944,416.0610424810458,410.638807122147,411.1584777832031,3415500,-1.6,-0.43,1.3,-1.05,-5.220000000000001,19.540000915527344,10.4,-1
2025-01-13,567.5372072518853,573.4316812597856,567.1231694250464,573.0768432617188,47910100,0.16,-0.8099999999999999,1.0999999999999999,-1.78,-3.9699999999999998,498.0429966184263,502.83261280745984,496.55244498887237,502.3755187988281,31694200,-0.32,-1.18,1.25,-2.5100000000000002,-4.44,410.59957632902507,414.9922548072317,410.3544481131295,414.71771240234375,2608100,0.8699999999999999,-0.13999999999999999,1.13,-0.98,-4.14,19.190000534057617,-1.79,1
2025-01-14,576.0043723636517,576.635235607402,570.080298180397,573.8654174804688,48420600,0.13999999999999999,0.51,1.1400000000000001,-2.21,-3.34,505.5354479124467,506.94651670595886,498.4304916746537,501.89849853515625,33737200,-0.09,0.63,1.7000000000000002,-3.71,-3.91,416.6002930619546,417.21802092816125,413.3351686042554,416.8650207519531,2643300,0.52,0.44999999999999996,0.9400000000000001,-0.45999999999999996,-3.16,18.709999084472656,-2.5,1
2025-01-15,581.8889752343268,585.4473419377294,580.7751281246863,584.303955078125,56900200,1.82,1.4000000000000001,0.8099999999999999,0.7100000000000001,-1.5599999999999998,509.7985074587959,514.5880934164899,508.2383591191385,513.4453735351562,34957600,2.3,1.5699999999999998,1.27,0.3,-2.45,423.15012245825585,424.8366057544053,422.11078123279043,423.8168640136719,4059800,1.67,1.51,0.65,1.6199999999999999,-1.34,16.1200008392334,-13.84,1
2025-01-16,585.6740294157521,585.8514484014332,582.4803673486446,583.1802368164062,43319700,-0.19,0.22999999999999998,0.58,0.36,-2.17,515.710913384707,515.790426445023,509.7189280346691,509.8481140136719,28229000,-0.7000000000000001,0.44,1.18,-0.43,-4.51,423.66981712661413,424.4738448894383,422.3657481302748,423.150146484375,2532500,-0.16,-0.03,0.5,1.27,-1.27,16.600000381469727,2.98,-1
2025-01-17,588.4242703969026,590.7899174222187,587.0935375428814,589.035400390625,58070600,1.0,0.8999999999999999,0.63,2.94,-0.7799999999999999,519.5566069696355,520.7689538758897,509.8779677530645,518.45361328125,51837900,1.69,1.9,2.1399999999999997,2.87,-2.4699999999999998,426.2321094633081,428.04674560386024,425.6730000155386,426.4086608886719,2771000,0.77,0.73,0.5599999999999999,3.71,0.13,15.970000267028809,-3.8,1
2025-01-21,592.0810894520482,594.4369296257112,590.1096871636119,594.4270629882812,42532900,0.9199999999999999,0.52,0.73,3.73,3.2099999999999995,521.1762711033113,522.6568758608805,516.7841297495139,521.4942626953125,23628000,0.59,0.53,1.13,3.81,1.78,428.00745652300236,432.00943807684047,427.9682128990499,431.6857604980469,2113800,1.24,0.37,0.95,4.09,4.08,15.0600004196167,-5.7,1
2025-01-22,597.2560928487167,599.1289493146973,596.7041025475482,597.7686767578125,48196000,0.5599999999999999,0.48,0.41000000000000003,4.17,3.82,526.2343267127363,530.4575566117059,525.926281781428,528.162109375,33593000,1.28,0.91,0.8699999999999999,5.2299999999999995,3.54,433.0492078604179,433.5494668241324,431.93101891896526,432.8432312011719,3724100,0.27,0.32,0.37,3.83,4.29,15.100000381469727,0.27,1
2025-01-23,597.1377792345874,601.0313110351562,596.8618141810588,601.0313110351562,41152100,0.5499999999999999,-0.11,0.7000000000000001,2.86,3.15,525.7076127624492,529.4042124255304,525.1213630726537,529.2849731445312,23096600,0.21,-0.45999999999999996,0.8099999999999999,3.08,2.86,433.0786209607383,436.93350650901436,433.0786209607383,436.8648376464844,2352500,0.9299999999999999,0.05,0.89,3.08,3.9699999999999998,15.020000457763672,-0.53,1
2025-01-24,601.0904500891409,602.0466115435261,598.1234798327728,599.2767333984375,34604700,-0.29,0.01,0.65,2.76,2.23,529.6626067696395,530.4277154132212,524.8232870176471,526.2939453125,19878300,-0.5700000000000001,0.06999999999999999,1.06,3.2300000000000004,1.29,436.2959593376845,436.96298132433236,434.86388112275745,435.62896728515625,2022000,-0.27999999999999997,-0.13,0.48,2.9499999999999997,3.5900000000000003,14.850000381469727,-1.13,-1
2025-01-27,586.3048878621954,591.115114198888,586.1373355152499,590.7996826171875,70361100,-1.41,-2.16,0.83,0.3,-0.32,507.7812062861425,514.7271665075501,506.936554378914,510.97100830078125,60771700,-2.91,-3.52,1.48,-1.44,-2.97,432.21550326528023,438.75796405968646,432.1174091591535,438.57159423828125,3822400,0.6799999999999999,-0.7799999999999999,1.52,2.85,3.42,17.899999618530273,20.54,-1
2025-01-28,592.031779311243,596.713859452747,588.7099714764748,595.8760375976562,44433300,0.86,0.21,1.35,0.24,0.53,511.9745555822676,519.7055778022501,508.55625233887065,518.5230712890625,33194200,1.48,0.2,2.18,-0.5700000000000001,-1.47,438.6500562687462,441.1414728031892,437.64953835156217,439.8369140625,2233500,0.29,0.02,0.8,1.8900000000000001,3.55,16.40999984741211,-8.32,1
2025-01-29,595.0874967960807,595.4916679771449,590.6518414168764,593.204833984375,37177400,-0.44999999999999996,-0.13,0.8099999999999999,-0.76,1.1400000000000001,519.169115138246,519.2983011374322,513.6441392716389,517.5493774414062,26649000,-0.19,0.12,1.09,-2.01,-0.33,439.6407385313727,441.0139661753876,437.24738609432484,438.63043212890625,2225100,-0.27,-0.04,0.86,1.34,4.03,16.559999465942383,0.91,-1
2025-01-30,595.3240359730432,597.9262410572588,592.130313990855,596.3885498046875,39281300,0.54,0.36,0.98,-0.77,2.86,520.4111867008249,522.7860860608997,514.9458310521527,519.7553100585938,27431300,0.43,0.5499999999999999,1.51,-1.7999999999999998,1.44,438.00269729686346,441.50442041388294,437.8163274750414,440.2391052246094,2322600,0.37,-0.13999999999999999,0.84,0.77,5.45,15.84000015258789,-4.35,1
2025-01-31,598.8134358374799,601.2382822731704,592.4556515232641,593.2146606445312,66566900,-0.53,0.41000000000000003,1.47,-1.01,2.69,523.6009014071057,528.1719622881295,517.9070142215932,519.0000610351562,38755200,-0.15,0.74,1.97,-1.39,2.16,441.42602972652855,441.7497073988024,436.5314414023965,436.874755859375,3085400,-0.76,0.27,1.1900000000000002,0.29,4.71,16.43000030517578,3.7199999999999998,-1
2025-02-03,584.1955437708402,591.7065824928592,582.046722262467,589.22265625,65857200,-0.67,-1.52,1.63,-0.27,2.25,510.2356481268789,517.5691667149378,507.8309085723365,514.846435546875,40580800,-0.8,-1.69,1.8800000000000001,0.76,1.54,431.20515221575744,437.37490309137144,430.31257670251915,435.77606201171875,4527700,-0.25,-1.3,1.6199999999999999,-0.64,4.87,18.6200008392334,13.33,-1
2025-02-04,589.2817005882882,593.6877555909119,588.7395770202528,593.1752319335938,33457800,0.67,0.01,0.84,-0.44999999999999996,1.66,515.3631410761267,521.8023039804046,514.9656364261884,521.1663208007812,26046800,1.23,0.1,1.3299999999999998,0.51,1.1400000000000001,435.7368598406136,437.4730087627843,434.79519234990437,437.0119934082031,1890500,0.27999999999999997,-0.01,0.61,-0.64,4.34,17.209999084472656,-7.57,1
2025-02-05,592.0515554519985,595.7282015036632,590.021013481686,595.580322265625,30653100,0.41000000000000003,-0.19,0.96,0.4,1.49,518.533087344952,523.6903982021383,517.3406339590531,523.5313720703125,21134100,0.44999999999999996,-0.51,1.22,1.16,0.44,437.1983987916,440.26856194162195,434.93256546335857,440.0920104980469,2273400,0.7000000000000001,0.04,1.22,0.33,5.08,15.770000457763672,-8.37,1
2025-02-06,597.3250313642651,597.778475552574,594.013089933138,597.6503295898438,35771500,0.35000000000000003,0.29,0.63,0.21,3.01,524.038096719135,526.472676075882,522.4283060989018,526.2639770507812,19434500,0.52,0.1,0.77,1.25,2.8000000000000003,440.7589808128226,441.1317204647138,436.8746995753463,438.8070068359375,1867200,-0.29,0.15,0.97,-0.33,5.220000000000001,15.5,-1.71,1
2025-02-07,598.2122352633725,599.4344951653416,591.4700123634921,592.1797485351562,50788500,-0.9199999999999999,0.09,1.3299999999999998,-0.16999999999999998,1.91,526.8007131129621,528.7483284429109,518.9007772767695,519.6261596679688,29605500,-1.26,0.1,1.87,0.12,1.48,439.21898125984853,439.91539852826764,434.3341821217879,434.6480712890625,2259200,-0.95,0.09,1.27,-0.51,4.03,16.540000915527344,6.710000000000001,-1
2025-02-10,595.3931329282537,596.8420848342793,594.1215398587573,596.2013549804688,26048700,0.6799999999999999,0.54,0.45999999999999996,1.18,4.2,523.8990176021349,527.0192533310259,523.432007239571,525.916259765625,20852800,1.21,0.8200000000000001,0.69,2.15,4.35,437.2964309052343,437.73780945159336,434.62843304437035,436.27630615234375,1858100,0.37,0.61,0.72,0.11,6.11,15.8100004196167,-4.41,1
2025-02-11,593.9341794878935,597.1968476878733,593.8159001701387,596.6547241210938,30056700,0.08,-0.38,0.5700000000000001,0.59,4.109999999999999,522.6470030660466,526.5820202342347,522.5178170831823,524.6641845703125,19325500,-0.24,-0.62,0.77,0.67,4.44,434.86390225305723,438.0027343167144,434.75601968084123,437.5809326171875,1436200,0.3,-0.32,0.74,0.13,5.510000000000001,16.020000457763672,1.3299999999999998,1
2025-02-12,590.6321148502618,595.9055917033094,589.9519786805068,594.7326049804688,45076100,-0.32,-1.01,1.0,-0.13999999999999999,3.64,519.0100229717194,525.8566374548477,518.6622518801204,524.9722290039062,25009400,0.06,-1.08,1.37,0.27999999999999997,4.6,433.8830312046718,436.2862023663932,432.63732272836285,435.14837646484375,2444500,-0.5599999999999999,-0.8500000000000001,0.83,-1.1199999999999999,4.390000000000001,15.890000343322754,-0.8099999999999999,-1
2025-02-13,595.8366651794477,601.2186155981716,594.5749988790903,601.0115966796875,40921300,1.06,0.19,1.1199999999999999,0.5599999999999999,2.86,526.6416602099531,532.8423450241579,525.856658218969,532.5244140625,28714800,1.44,0.32,1.3299999999999998,1.1900000000000002,3.7199999999999998,436.815799924622,439.28763964024824,435.21698875610673,438.70892333984375,2961500,0.8200000000000001,0.38,0.9400000000000001,-0.02,3.51,15.100000381469727,-4.97,1
2025-02-14,601.2185532755497,602.2535274358258,600.360998100256,600.9819946289062,26910400,-0.0,0.03,0.31,1.49,3.05,532.6337190649526,535.445910069072,532.2958340155867,534.76025390625,17862600,0.42,0.02,0.59,2.91,4.89,438.5520113645553,439.47404213113697,436.83546918291574,437.2670593261719,2005400,-0.33,-0.04,0.6,0.6,3.34,14.770000457763672,-2.19,0
2025-02-18,602.145135650955,602.7463989257812,599.6808827255115,602.7463989257812,26749000,0.29,0.19,0.51,1.0999999999999999,2.33,536.3301909280925,536.5985095911096,532.6634320198589,535.9724731445312,20565000,0.22999999999999998,0.29,0.74,1.91,3.38,436.7667224780598,437.47295804715975,435.14827469632263,437.3945007324219,2451200,0.03,-0.11,0.53,0.26,2.58,15.350000381469727,3.93,1
2025-02-19,601.3565473981581,604.4614697835945,600.8439635712302,604.165771484375,31011100,0.24,-0.22999999999999998,0.6,1.26,1.6400000000000001,535.177614880373,537.4034956659445,533.0809200913482,536.1216430664062,19666900,0.03,-0.15,0.8099999999999999,2.18,2.8000000000000003,436.2763082821736,438.2576773906631,435.06981371466935,438.13018798828125,2239400,0.16999999999999998,-0.26,0.73,0.13,1.49,15.270000457763672,-0.52,1
2025-02-20,602.7957307474628,602.9337433637311,598.3404019341449,601.65234375,36554000,-0.42,-0.22999999999999998,0.76,1.16,0.65,535.3364987054381,535.7041632085364,529.106034929491,533.845947265625,26550800,-0.42,-0.15,1.23,1.69,1.08,436.75698070895476,437.0414446512484,431.5583220897675,433.93206787109375,2960000,-0.96,-0.31,1.25,-0.27999999999999997,0.25,15.65999984741211,2.55,-1
2025-02-21,601.4354715890964,601.5734842084402,590.8983224108222,591.3616333007812,76519800,-1.71,-0.04,1.77,-1.6099999999999999,-1.6099999999999999,534.9888078968528,535.0087013272569,522.3986318284577,522.7662963867188,47093800,-2.08,0.21,2.36,-1.83,-1.23,431.3474497347024,431.63233801644805,425.6989692029353,426.4848327636719,3842200,-1.72,-0.6,1.37,-2.79,-2.3800000000000003,18.209999084472656,16.28,-1
2025-02-24,593.4118748152965,594.4074426853949,587.960918125522,588.670654296875,50737200,-0.45999999999999996,0.35000000000000003,1.09,-2.0500000000000003,-1.77,524.5548296972278,525.7373361801731,516.2574515413156,516.5952758789062,39268400,-1.18,0.33999999999999997,1.81,-3.4000000000000004,-1.8399999999999999,428.1351901550988,429.18630596478573,425.6989949820226,426.858154296875,3629300,0.09,0.38999999999999996,0.8200000000000001,-2.3800000000000003,-2.01,18.979999542236328,4.2299999999999995,-1
2025-02-25,588.6114660308307,589.3408752561445,581.129967827771,585.7430419921875,58266500,-0.5,-0.01,1.39,-2.82,-0.86,515.9692710044544,516.0487840625606,506.23101383534026,510.0865783691406,48940000,-1.26,-0.12,1.9,-4.83,-0.16999999999999998,427.8503214796482,429.8150104316875,425.0113315541398,428.4299011230469,2953100,0.37,0.22999999999999998,1.13,-2.0500000000000003,-2.31,19.43000030517578,2.37,-1
2025-02-26,587.4088964020577,591.0067297705009,583.3970853838995,586.0387573242188,43321600,0.05,0.27999999999999997,1.3,-3.0,-1.6500000000000001,512.282769284362,516.3866991255621,508.1489386464173,511.31884765625,34457600,0.24,0.43,1.6099999999999999,-4.63,-1.39,428.73443824572763,430.7777016258727,425.35517074955385,426.6715087890625,2427800,-0.41000000000000003,0.06999999999999999,1.27,-2.62,-2.9899999999999998,19.100000381469727,-1.7000000000000002,1
2025-02-27,588.3156475632774,589.468961108592,576.2901428845248,576.6843872070312,74196700,-1.6,0.38999999999999996,2.25,-4.15,-2.78,514.8663527597747,515.800434214296,496.9002199954935,497.11883544921875,52448000,-2.78,0.69,3.6999999999999997,-6.88,-3.95,426.76977132938225,431.00367396766273,424.4710886656746,424.7166748046875,3296900,-0.45999999999999996,0.02,1.53,-2.12,-3.17,21.1299991607666,10.63,-1
2025-02-28,577.1871598716435,586.2161558854355,574.1117771132394,585.6838989257812,88744100,1.5599999999999998,0.09,2.1,-0.96,-1.79,496.9796905709141,505.5751982352111,493.7998352114138,504.96905517578125,47654000,1.58,-0.03,2.37,-3.4000000000000004,-2.8400000000000003,425.4141239859778,431.0724381281481,423.4101327308298,430.63037109375,3249900,1.39,0.16,1.7999999999999998,0.97,-2.18,19.6299991607666,-7.1,1
2025-03-03,587.6553155599406,588.798762606637,571.6081318173137,575.4227905273438,74249200,-1.7500000000000002,0.33999999999999997,2.94,-2.25,-3.0,508.29792199196845,509.80833658708485,490.4709237175102,493.9190673828125,44587200,-2.19,0.66,3.83,-4.390000000000001,-4.83,431.779721386576,432.90941159581104,421.8973378525289,424.46124267578125,3925200,-1.43,0.27,2.56,-0.5599999999999999,-2.8400000000000003,22.780000686645508,16.05,-1
2025-03-04,571.4208567458912,577.0196322682823,564.0675042327628,568.611572265625,109648200,-1.18,-0.7000000000000001,2.25,-2.92,-3.5000000000000004,491.0671927212755,500.56697262556,484.6677553363339,492.4285583496094,67875400,-0.3,-0.58,3.2199999999999998,-3.46,-4.35,422.09381837996636,423.47892785635423,416.3667625818428,418.056396484375,3586900,-1.51,-0.5599999999999999,1.68,-2.42,-4.07,23.510000228881836,3.2,-1
2025-03-05,568.4440493526719,576.5169448984452,564.8856823224501,574.7229614257812,71230500,1.0699999999999998,-0.03,2.0500000000000003,-1.9300000000000002,-3.11,493.0744692441924,500.45766070927147,488.1655836699512,498.8478698730469,46323700,1.3,0.13,2.5,-2.44,-4.279999999999999,417.7027309568162,423.9799272201791,416.9561694607107,422.869873046875,3018300,1.15,-0.08,1.68,-0.89,-3.2399999999999998,21.93000030517578,-6.72,1
2025-03-06,567.2512863712917,571.8742272350298,561.9679425734266,564.5209350585938,80094900,-1.78,-1.3,1.72,-2.11,-5.21,490.580287138397,495.4394696358265,483.13747577565414,485.1248779296875,57574300,-2.75,-1.66,2.4699999999999998,-2.41,-7.340000000000001,418.6456842767968,422.5259262815345,416.5532861174196,418.38043212890625,2824100,-1.06,-1.0,1.41,-1.49,-4.93,24.8700008392334,13.41,-1
2025-03-07,562.7368186254731,569.1340095542192,557.5421542389136,567.6849975585938,81158800,0.5599999999999999,-0.32,2.0500000000000003,-3.0700000000000003,-5.01,484.0913896771833,490.172835031535,477.5031471015196,488.6922302246094,54714700,0.74,-0.21,2.6100000000000003,-3.2199999999999998,-7.140000000000001,416.61223550196013,421.74007409328823,414.5296703231962,420.69879150390625,3719500,0.5499999999999999,-0.42,1.72,-2.31,-4.130000000000001,23.3700008392334,-6.03,1
2025-03-10,559.4741670846696,561.3962362827218,547.6457527585567,552.5643920898438,99326600,-2.6599999999999997,-1.4500000000000002,2.42,-3.9699999999999998,-6.69,480.4047960555825,480.9215096966139,465.7079486891979,469.7523193359375,76668000,-3.88,-1.7000000000000002,3.11,-4.89,-9.6,415.91484668098803,418.52785663471093,409.26435531853775,412.08367919921875,3442800,-2.0500000000000003,-1.1400000000000001,2.1999999999999997,-2.92,-5.19,27.860000610351562,19.21,-1
2025-03-11,551.4011666406667,555.9551004739012,544.1266884057775,547.9708862304688,88102100,-0.83,-0.21,2.1399999999999997,-3.63,-8.09,469.37467027626616,475.7939702022416,464.0683106107926,468.62939453125,68760800,-0.24,-0.08,2.5,-4.83,-10.89,411.08172801185435,411.63183856553235,404.9715436674957,407.4175720214844,3893400,-1.13,-0.24,1.6199999999999999,-2.54,-6.61,26.920000076293945,-3.37,-1
2025-03-12,554.1316472627199,555.0582088315019,545.7729200294035,550.8788452148438,69588200,0.53,1.1199999999999999,1.69,-4.15,-7.670000000000001,476.1417740872487,478.0297999193566,468.8182025802525,473.9158935546875,46971100,1.13,1.6,1.97,-5.0,-9.67,409.5983465127965,410.19759223532884,403.3113478284769,406.6415100097656,2960500,-0.19,0.54,1.69,-3.84,-7.07,24.229999542236328,-9.99,1
2025-03-13,550.5041922476157,551.1153221105548,541.8201680493273,543.5352783203125,74079400,-1.3299999999999998,-0.06999999999999999,1.69,-3.7199999999999998,-8.61,473.2501016514119,473.2799114684233,463.4919505450515,465.3899230957031,46563300,-1.7999999999999998,-0.13999999999999999,2.07,-4.07,-11.35,406.05212697789307,406.87729280495904,400.05981920884386,401.56280517578125,2557200,-1.25,-0.13999999999999999,1.68,-4.02,-7.720000000000001,24.65999984741211,1.77,-1
2025-03-14,548.1583018697701,555.7679467233177,543.604366956188,554.7625122070312,62660300,2.07,0.8500000000000001,2.2399999999999998,-2.2800000000000002,-7.7,470.745971366685,477.5329356476442,470.1397980058928,476.63861083984375,43563000,2.42,1.15,1.59,-2.4699999999999998,-10.489999999999998,403.57656160268317,408.5668882512015,402.67282148694363,408.0265808105469,2422700,1.6099999999999999,0.5,1.47,-3.01,-6.99,21.770000457763672,-11.72,1
2025-03-17,554.742702735982,561.5637976935186,554.3089918436672,559.0404052734375,49008700,0.77,-0.0,1.31,1.17,-6.98,476.5889052181335,482.77967314656735,474.7903088976975,479.72900390625,41744400,0.65,-0.01,1.68,2.12,-10.290000000000001,407.61405430446604,413.35094293994285,407.51581385266735,411.80865478515625,2141000,0.9299999999999999,-0.1,1.43,-0.06999999999999999,-5.82,20.510000228881836,-5.79,1
2025-03-18,556.7240271713574,556.9409127203818,551.0661118946721,552.9981079101562,66041400,-1.08,-0.41000000000000003,1.05,0.9199999999999999,-8.25,476.39019173623467,476.5889137375583,469.4342848576123,471.5508728027344,39072300,-1.7000000000000002,-0.7000000000000001,1.49,0.62,-12.02,411.03257924400333,411.2781653572707,407.55507148608064,409.1759338378906,1844100,-0.64,-0.19,0.8999999999999999,0.43,-6.45,21.700000762939453,5.800000000000001,-1
2025-03-19,554.7821880592443,562.7860764826731,553.5993346617712,559.0206909179688,66556000,1.09,0.32,1.66,1.48,-7.470000000000001,473.80658371122826,482.27290553437547,471.8788012950444,477.86090087890625,40430300,1.34,0.48,2.1999999999999997,0.83,-10.870000000000001,410.2368380228395,415.0306835794195,409.44114144253865,412.99725341796875,1813800,0.9299999999999999,0.26,1.37,1.5599999999999998,-5.74,19.899999618530273,-8.290000000000001,1
2025-03-20,555.2750866351008,562.4115538615378,554.5554838320709,557.4041748046875,62958200,-0.29,-0.67,1.41,2.55,-7.35,473.87616704158864,481.4978372007988,473.18056416842603,476.2411804199219,36780500,-0.33999999999999997,-0.83,1.7399999999999998,2.33,-10.79,410.5414053652245,415.66924458876105,410.26635011862294,412.7025451660156,1646500,-0.06999999999999999,-0.59,1.31,2.77,-4.89,19.799999237060547,-0.5,-1
2025-03-21,552.9413292589383,558.4877328401925,551.7054963570508,557.5880126953125,83763000,0.03,-0.8,1.22,0.51,-5.71,471.0937893328144,478.57635716753504,469.9311760645656,477.81121826171875,42234900,0.33,-1.08,1.82,0.25,-8.6,409.48513364771213,413.3826704204519,407.65449701121656,412.9988098144531,2485700,0.06999999999999999,-0.7799999999999999,1.39,1.22,-3.16,19.280000686645508,-2.63,1
2025-03-24,564.3307537296456,568.6314886589248,563.7375780431137,567.5736083984375,58766800,1.79,1.21,0.88,1.53,-3.58,485.39050030859886,489.1423592971704,482.0665930507614,488.29644775390625,34567200,2.19,1.59,1.48,1.79,-5.48,416.66993639465176,419.5044974765863,416.11877507716883,418.7761535644531,2474900,1.4000000000000001,0.89,0.8200000000000001,1.69,-1.8900000000000001,17.479999542236328,-9.34,1
2025-03-25,568.7797678649376,569.8771730865459,567.1880294433175,568.93798828125,38355700,0.24,0.21,0.47000000000000003,2.88,-2.87,489.022941249908,491.2421796862816,488.05761261924056,491.08294677734375,26035200,0.5700000000000001,0.15,0.65,4.14,-3.73,419.5931237067901,420.1049078379389,417.6640288299097,419.10101318359375,3997600,0.08,0.2,0.58,2.4299999999999997,-2.18,17.149999618530273,-1.8900000000000001,1
2025-03-26,568.6709866041082,569.7980806984394,560.7616559941828,562.1458129882812,51848300,-1.1900000000000002,-0.05,1.59,0.5599999999999999,-4.08,489.92852335581483,490.7843964317407,480.49420901971564,482.04669189453125,34627100,-1.8399999999999999,-0.24,2.1,0.88,-5.72,419.60291177987466,421.3843793638732,416.4632745272944,417.53607177734375,2442100,-0.37,0.12,1.17,1.0999999999999999,-2.1399999999999997,18.329999923706055,6.88,-1
2025-03-27,560.7517966033342,564.4296669577193,558.5371935416607,560.6529541015625,42164200,-0.27,-0.25,1.05,0.58,-2.78,480.08616022723464,484.23605568618603,477.9365616361051,479.2999572753906,33469800,-0.5700000000000001,-0.41000000000000003,1.31,0.64,-3.58,416.9947323615528,418.38248753025164,414.8097606119478,416.26641845703125,1646000,-0.3,-0.13,0.86,0.86,-1.9900000000000002,18.690000534057617,1.96,-1
2025-03-28,559.120558969836,559.8521624781242,548.7790863172526,549.3623657226562,71662700,-2.01,-0.27,1.9800000000000002,-1.48,-6.2,477.49872503017417,478.2052964153207,465.79536391222956,466.68109130859375,46363800,-2.63,-0.38,2.59,-2.33,-7.580000000000001,415.3216122214746,415.7152946368533,408.6485946600611,409.06195068359375,2600600,-1.73,-0.22999999999999998,1.7000000000000002,-0.95,-5.01,21.649999618530273,15.840000000000002,-1
2025-03-31,543.5984615291653,554.3551567474991,540.6719872727307,553.0501098632812,95328200,0.67,-1.05,2.4899999999999998,-2.56,-3.8899999999999997,459.6948832614754,467.5966072840796,455.12696717610356,466.6611633300781,53000300,-0.0,-1.5,2.67,-4.43,-5.52,405.69588997550335,414.7113274984791,404.94787243759885,413.25469970703125,2985300,1.02,-0.8200000000000001,2.39,-1.32,-2.64,22.280000686645508,2.91,1
2025-04-01,551.1321177898429,556.5598868781194,547.4048260096515,554.6121826171875,54609600,0.27999999999999997,-0.35000000000000003,1.66,-2.52,-2.46,465.04896162318204,471.3484864500327,462.18286035410387,470.4229736328125,41156200,0.8099999999999999,-0.35000000000000003,1.96,-4.21,-4.47,411.8079561387593,414.6326659042831,408.4517585664542,412.9693298339844,2384800,-0.06999999999999999,-0.35000000000000003,1.5,-1.46,-1.22,21.770000457763672,-2.29,1
2025-04-02,548.7592465118332,560.9890444564371,548.52197624234,558.1219482421875,76014500,0.63,-1.06,2.25,-0.72,-2.8899999999999997,463.87467002418674,477.2499312507818,463.6159127395909,473.8563537597656,49894500,0.73,-1.39,2.9000000000000004,-1.7000000000000002,-5.01,409.8001543111196,416.9652830622943,409.61314989024186,415.370849609375,2299800,0.58,-0.77,1.78,-0.52,-1.77,21.510000228881836,-1.1900000000000002,1
2025-04-03,538.931968079745,541.759539717793,530.6173095703125,530.6173095703125,125986000,-4.93,-3.44,2.0,-5.36,-6.01,454.24126086225453,457.8537794541511,447.9716210778618,448.4891052246094,70456300,-5.35,-4.14,2.09,-6.43,-7.55,404.4361526767178,405.1152376110345,398.6095504761208,398.8260803222656,7440100,-3.9800000000000004,-2.63,1.5699999999999998,-4.19,-4.67,30.020000457763672,39.56,-1
2025-04-04,517.7349036725598,519.9099817661254,499.3358369172059,499.5533447265625,217965100,-5.8500000000000005,-2.4299999999999997,3.88,-9.07,-12.0,436.0294529358994,438.24869137872236,420.63397216796875,420.63397216796875,117088400,-6.21,-2.78,3.93,-9.87,-13.930000000000001,388.698407196838,390.3912685830654,376.64169948542775,377.1731872558594,8667200,-5.43,-2.54,3.45,-7.8,-10.35,45.310001373291016,50.93,-1
2025-04-07,483.64569927250346,517.2405628900261,476.33944038650816,498.6635437011719,256611400,-0.18,-3.18,8.19,-9.83,-9.75,406.6914794249544,441.00539943904226,400.45169308643915,421.6490783691406,161557000,0.24,-3.3099999999999996,9.64,-9.65,-10.24,365.5199776079211,386.0212865781504,360.5398220529742,373.58074951171875,12718200,-0.95,-3.09,6.76,-9.6,-9.34,46.97999954223633,3.6900000000000004,-1
2025-04-08,515.9454474877983,519.0300819148135,483.6160734043612,490.8531188964844,165816600,-1.5699999999999998,3.47,7.1,-11.5,-10.42,436.04930169029,441.0053229949478,407.8159703583268,414.0557556152344,101248100,-1.7999999999999998,3.42,7.870000000000001,-11.98,-11.65,387.2712766933942,388.13736591360015,365.1755039820801,370.5395202636719,7283000,-0.8099999999999999,3.66,6.15,-10.27,-9.049999999999999,52.33000183105469,11.39,-1
2025-04-09,487.84755542038147,542.4021606445312,487.46196103833506,542.4021606445312,241867300,10.5,-0.61,11.19,-2.82,-1.54,413.56815354318593,465.5763897991723,413.4288133631856,463.7552185058594,142876900,12.0,-0.12,12.590000000000002,-2.13,-2.1399999999999997,366.169509375375,401.3554024500685,366.169509375375,399.67236328125,9861100,7.86,-1.18,9.5,-3.7800000000000002,-1.71,33.619998931884766,-35.75,1
2025-04-10,526.1385878330984,527.4535310578508,503.5475844453038,518.6346435546875,162331200,-4.38,-3.0,4.41,-2.26,-4.58,451.3751553721857,453.3953754518723,430.5459844866977,444.03070068359375,108384100,-4.25,-2.67,4.93,-0.9900000000000001,-4.590000000000001,393.2947134501563,393.8754002296935,378.24596610912715,389.4365539550781,6624200,-2.56,-1.6,3.91,-2.35,-3.02,40.720001220703125,21.12,-1
2025-04-11,517.0823733080597,530.3502582115377,514.1756919605745,527.8884887695312,97866300,1.78,-0.3,3.1199999999999997,5.67,-4.84,442.50805710466096,453.5944088551687,439.2040426870755,452.2110900878906,52483800,1.8399999999999999,-0.33999999999999997,3.2399999999999998,7.51,-5.12,388.2160758109039,397.7138010388334,386.49368931748523,395.5682067871094,3789900,1.5699999999999998,-0.31,2.88,4.88,-3.05,37.560001373291016,-7.76,1
2025-04-14,537.8839447885014,538.111379094838,527.8094317224818,533.0098266601562,68034000,0.97,1.8900000000000001,1.95,6.890000000000001,-4.66,462.2226327115798,462.80978696729005,450.4496325846052,455.2762756347656,43941200,0.6799999999999999,2.21,2.73,7.9799999999999995,-5.1,401.05035035357537,401.4243290720253,395.3713764354353,399.0228576660156,2286200,0.8699999999999999,1.39,1.53,6.81,-3.1,30.889999389648438,-17.76,1
2025-04-15,533.5535570239268,537.0732068479572,530.7259857198238,531.5169067382812,56892900,-0.27999999999999997,0.1,1.1900000000000002,8.28,-3.88,456.33118230210107,460.15268105084914,453.9526805576148,455.7838134765625,35404200,0.11,0.22999999999999998,1.3599999999999999,10.08,-3.34,399.38707088506607,401.5818646177619,397.16272168607713,397.3398742675781,2387300,-0.42,0.09,1.11,7.23,-2.8899999999999997,30.1200008392334,-2.4899999999999998,-1
2025-04-16,525.6540605978519,531.7936996877118,514.3931376127902,519.7022705078125,83484800,-2.22,-1.0999999999999999,3.27,-4.19,-7.03,446.8669566467618,450.43965945558847,435.6512567922465,442.0403137207031,48980600,-3.02,-1.96,3.2399999999999998,-4.68,-7.5,395.9619308919362,397.91069920018475,387.8224343887908,390.50933837890625,3004400,-1.72,-0.35000000000000003,2.54,-2.29,-5.45,32.63999938964844,8.37,-1
2025-04-17,521.6599483491107,525.1499093262158,517.9721816819745,520.44384765625,79868100,0.13999999999999999,0.38,1.38,0.35000000000000003,-6.63,445.0159426129849,445.59313532137156,439.2339021288606,441.9607238769531,44837000,-0.02,0.67,1.44,-0.47000000000000003,-7.199999999999999,385.4942585509721,388.389308181814,383.55437876501287,385.3760681152344,4537500,-1.31,-1.28,1.24,-1.04,-6.619999999999999,29.649999618530273,-9.16,1
2025-04-21,515.2533374613439,515.7872559194974,502.69729269891565,508.0558776855469,69368100,-2.3800000000000003,-1.0,2.52,-3.7600000000000002,-8.88,436.1189822025886,436.9648633110088,425.86858083880827,431.02362060546875,44149300,-2.4699999999999998,-1.32,2.5100000000000002,-4.6899999999999995,-9.790000000000001,382.52038500195664,382.7567358037513,372.56498271057023,375.78497314453125,2881800,-2.4899999999999998,-0.74,2.64,-5.0,-9.01,33.81999969482422,14.06,-1
2025-04-22,514.2449494916972,523.3011070538847,513.305704354498,521.2743530273438,75948100,2.6,1.22,1.97,-2.1999999999999997,-8.16,436.70615895638065,445.42394033849905,435.51192735142513,442.3388977050781,52304400,2.63,1.32,2.3,-2.8400000000000003,-9.41,380.1669900223313,386.65622519860887,379.3102971460117,385.8782958984375,3308100,2.69,1.17,1.95,-3.29,-7.86,30.56999969482422,-9.610000000000001,1
2025-04-23,534.3049123051696,539.2482437222484,527.8291602174767,529.3516845703125,90590700,1.55,2.5,2.19,-0.41000000000000003,-6.959999999999999,455.9629260663685,461.1478200555359,450.698400444071,452.37030029296875,55801100,2.27,3.08,2.36,-0.75,-7.88,393.18479989290313,397.576597359059,388.8619092767243,389.8564758300781,4049200,1.03,1.8900000000000001,2.26,-1.8800000000000001,-6.98,28.450000762939453,-6.93,1
2025-04-24,530.6369834977514,541.2256220112762,529.3814182452572,540.4940185546875,64150400,2.1,0.24,2.2399999999999998,4.0,-3.85,454.28109133466916,465.4072286279397,453.6341981671536,465.0987243652344,45956100,2.81,0.42,2.6,5.220000000000001,-3.52,389.4626344978371,395.5382779446871,387.7787588788242,394.8489990234375,4010500,1.28,-0.1,1.9900000000000002,1.11,-5.43,26.469999313354492,-6.959999999999999,1
2025-04-25,540.454522631326,544.804618673288,537.5280483044934,544.3992919921875,61119600,0.72,-0.01,1.35,4.6,-2.9000000000000004,464.72056158591084,470.81107609503925,463.1481859616907,470.28363037109375,38697100,1.11,-0.08,1.6500000000000001,6.41,-1.8800000000000001,393.7657825707452,395.23299064190996,391.06768717787594,394.8883361816406,1790800,0.01,-0.27,1.05,2.4699999999999998,-5.140000000000001,24.84000015258789,-6.16,1
2025-04-28,545.1407299494361,547.2762226232229,538.8429303961163,544.6068115234375,47613800,0.04,0.13999999999999999,1.55,7.19,-0.8699999999999999,470.75137745023704,472.5228018406058,463.7850969803822,470.1343688964844,33550800,-0.03,0.1,1.8599999999999999,9.07,0.74,395.6564478145224,397.99023565018524,392.62355437619067,396.1192626953125,1534700,0.31,0.19,1.3599999999999999,5.41,-3.16,25.149999618530273,1.25,1
2025-04-29,542.6888178923871,549.1547344204944,542.3329124899421,548.0375366210938,47775100,0.63,-0.35000000000000003,1.25,5.13,-0.91,467.9051531308386,474.1250461983433,467.32793004665405,473.23931884765625,30613100,0.66,-0.47000000000000003,1.4500000000000002,6.99,1.41,396.2473104785856,400.10738702267037,396.0503865029576,399.01434326171875,1888100,0.73,0.03,1.02,3.4000000000000004,-3.45,24.170000076293945,-3.9,1
2025-04-30,541.3640897959557,550.2126665027023,535.3826699025942,548.2550659179688,93101500,0.04,-1.22,2.71,3.5700000000000003,-1.15,464.87977453427817,474.90127322951986,460.2024029412006,473.1795959472656,46810600,-0.01,-1.77,3.11,4.6,0.59,396.27679487390577,401.5449988096026,391.333562031311,400.12701416015625,2487400,0.27999999999999997,-0.69,2.56,2.63,-3.11,24.700000762939453,2.19,1
2025-05-01,554.0189320097116,557.6770094036193,551.5373699314374,552.1404418945312,63186100,0.7100000000000001,1.05,1.1199999999999999,2.15,-1.0699999999999998,481.08135748377987,484.83318599096134,478.4242058431775,479.35968017578125,43316500,1.31,1.67,1.35,3.0700000000000003,1.16,402.303279390416,404.64689412038604,400.7966742141447,401.1905822753906,1917600,0.27,0.54,0.96,1.6099999999999999,-3.4099999999999997,24.600000381469727,-0.4,1
2025-05-02,558.3295262045715,561.9381825044319,556.006184429092,560.3365478515625,60717300,1.48,1.1199999999999999,1.0699999999999998,2.93,5.6000000000000005,484.1962728644179,488.54521706431206,482.49448832227375,486.4752197265625,39218100,1.48,1.01,1.26,3.44,8.469999999999999,405.4838652118912,407.54190541753223,404.0560237527275,406.724609375,2277700,1.38,1.0699999999999998,0.8699999999999999,3.0,1.9800000000000002,22.68000030517578,-7.8,1
2025-05-05,556.194064255589,560.2278400664005,555.3339293144951,557.1234130859375,38659200,-0.5700000000000001,-0.74,0.8699999999999999,2.3,11.52,482.26562303187217,486.6742758401759,481.768031598775,483.5892028808594,28309500,-0.59,-0.8699999999999999,1.01,2.86,14.97,404.53855820396,408.1032034970425,404.18404698728074,405.95654296875,3866000,-0.19,-0.54,0.96,2.48,7.630000000000001,23.639999389648438,4.2299999999999995,-1
2025-05-06,551.6066009560054,556.9651555946843,550.6476235760448,552.4667358398438,48264700,-0.84,-0.9900000000000001,1.13,0.8099999999999999,10.79,477.2499089792982,482.71345338039805,475.88651326591844,479.09100341796875,32786300,-0.9299999999999999,-1.31,1.41,1.24,13.62,402.2244799497712,405.4444707117243,401.27916679918224,401.99798583984375,1745600,-0.98,-0.9199999999999999,1.03,0.75,7.61,24.760000228881836,4.74,-1
2025-05-07,553.8014947566288,557.4298834610689,549.738030089525,554.7901611328125,55588000,0.42,0.24,1.39,1.1900000000000002,13.03,479.7577689327616,483.4598506116992,474.4833116025476,480.9718933105469,38006300,0.38999999999999996,0.13999999999999999,1.87,1.6500000000000001,16.16,403.5932073988772,406.48825706826585,401.909361791486,404.7650146484375,2420600,0.69,0.4,1.1400000000000001,1.16,9.24,23.549999237060547,-4.89,1
2025-05-08,558.8337754612519,563.8463212534109,555.333918196641,558.6558227539062,65130800,0.7000000000000001,0.73,1.53,1.18,3.0,486.1767003880921,490.32662643958486,481.8377175267332,485.9378662109375,39577600,1.03,1.08,1.76,1.37,4.78,406.78368525561467,411.3625805005449,405.2770802382257,407.5517578125,2001000,0.69,0.5,1.5,1.59,1.97,22.479999542236328,-4.54,1
2025-05-09,560.0596697605964,561.068128702691,556.381860066797,557.9439697265625,37603400,-0.13,0.25,0.84,-0.43,7.580000000000001,487.8486153265174,489.17222563016486,483.8579524315384,485.6194152832031,27767400,-0.06999999999999999,0.38999999999999996,1.09,-0.18,9.370000000000001,408.103177908856,408.8220269622145,405.27706527250956,406.11407470703125,1789200,-0.35000000000000003,0.13999999999999999,0.8699999999999999,-0.15,4.279999999999999,21.899999618530273,-2.58,-1
2025-05-12,574.8797762427796,576.3924646775216,570.4999916854949,576.382568359375,78993600,3.3000000000000003,3.04,1.06,3.46,9.19,504.5477524292731,505.44344130675324,499.0643154796623,505.40362548828125,45090600,4.07,3.9,1.31,4.51,11.76,416.49289892611336,417.81240661145836,414.6514961857366,417.7434997558594,2398600,2.86,2.56,0.7799999999999999,2.9000000000000004,5.609999999999999,18.389999389648438,-16.03,1
2025-05-13,576.7977862928067,582.403567726764,576.2342995973956,580.18896484375,67947200,0.66,0.06999999999999999,1.0699999999999998,5.0200000000000005,8.85,506.707335072133,514.8977013705513,505.97090943590337,513.1063842773438,53269600,1.52,0.26,1.77,7.1,12.7,416.2171877886523,417.5071553984183,414.9764737061753,415.0650939941406,3018000,-0.64,-0.37,0.61,3.25,4.02,18.219999313354492,-0.9199999999999999,1
2025-05-14,581.1479585868793,582.3046813078995,578.9036666864055,580.9304809570312,66283500,0.13,0.16999999999999998,0.59,4.71,9.3,514.2806849131285,516.7287959644325,513.2655789214306,516.1814575195312,47014500,0.6,0.22999999999999998,0.67,7.32,13.25,415.6263253458615,416.19747389438027,413.1940907845934,414.1197204589844,3064800,-0.22999999999999998,0.13999999999999999,0.72,2.31,4.22,18.6200008392334,2.1999999999999997,1
2025-05-15,578.9235156986,584.2721745648568,578.4687074145315,583.7680053710938,71268100,0.49,-0.35000000000000003,1.0,4.5,12.33,514.0318883953613,519.4158011315517,512.6883550423395,516.7487182617188,50153300,0.11,-0.42,1.3,6.34,16.900000000000002,412.140474717489,417.2018677897964,412.0912211937338,417.00494384765625,3927000,0.7000000000000001,-0.48,1.23,2.32,6.78,17.829999923706055,-4.24,1
2025-05-16,584.5489375445604,587.7621029517821,582.6012939394769,587.4655151367188,76052100,0.63,0.13,0.88,5.29,12.879999999999999,518.1519218274547,519.1869509574169,514.6090729974479,518.9978637695312,48394600,0.44,0.27,0.89,6.87,17.43,417.578517997448,420.5743227176631,416.3565580778397,420.34765625,2430300,0.8,0.13999999999999999,1.01,3.5000000000000004,9.07,17.239999771118164,-3.3099999999999996,1
2025-05-19,581.4346564328234,588.7903364922698,581.4346564328234,588.108154296875,68168500,0.11,-1.03,1.25,2.03,15.76,511.76283198638407,520.0129368955124,511.76283198638407,519.4954223632812,52536200,0.1,-1.39,1.59,2.79,20.53,417.5390895365784,422.42695891726316,417.47010017246924,421.81597900390625,3121500,0.35000000000000003,-0.67,1.18,0.97,12.25,18.139999389648438,5.220000000000001,1
2025-05-20,586.3681289429425,587.317209981726,582.917632829089,586.1307983398438,60614500,-0.33999999999999997,-0.3,0.75,1.02,12.44,516.96766002425,518.4206490040874,514.171198352801,517.7638549804688,42517600,-0.33,-0.49,0.8200000000000001,0.91,17.05,421.1852759027704,421.9736613441997,418.84974230058083,420.76153564453125,1971000,-0.25,-0.15,0.74,1.37,9.04,18.09000015258789,-0.27999999999999997,-1
2025-05-21,581.7708648204313,585.8639582409971,575.2258980125081,576.2540893554688,95197700,-1.69,-0.74,1.81,-0.8,8.86,513.7830855259509,520.4806468794133,508.77728647765286,510.568603515625,71292800,-1.39,-0.77,2.26,-1.09,12.870000000000001,416.93796142583017,418.39645198072066,412.0106650463992,412.66107177734375,3624800,-1.9300000000000002,-0.91,1.52,-0.35000000000000003,5.8500000000000005,20.8700008392334,15.370000000000001,-1
2025-05-22,576.0563267018498,579.971467292194,574.8204937262445,576.4815063476562,70860400,0.04,-0.03,0.89,-1.25,6.660000000000001,511.1855674226468,515.2161063326972,509.83213340019597,511.5239562988281,55607200,0.19,0.12,1.05,-1.01,9.98,411.79390410354256,415.0262096496796,411.30117441618125,412.7301025390625,2638600,0.02,-0.21,0.8999999999999999,-1.03,4.53,20.280000686645508,-2.83,1
2025-05-23,569.4519785383726,575.215919785119,569.0762805285291,572.5465087890625,76029000,-0.6799999999999999,-1.22,1.0699999999999998,-2.54,5.17,503.74166904926017,509.37440786318274,503.14455323986806,506.78692626953125,58368100,-0.9299999999999999,-1.52,1.22,-2.35,7.76,407.9210130975779,412.0895166410379,407.8125969393618,410.2762451171875,3117800,-0.59,-1.17,1.04,-2.4,3.9,22.290000915527344,9.91,-1
2025-05-27,579.4276318354167,584.6082332898518,571.8742072622273,584.4500732421875,72588500,2.08,1.2,2.22,-0.62,7.32,513.6637044067394,519.1969191841325,512.1112214329714,518.709228515625,47226300,2.35,1.3599999999999999,1.4000000000000001,-0.15,10.33,414.5826991704674,417.69672379027475,413.09464614873724,417.6868896484375,3126600,1.81,1.05,1.1199999999999999,-0.98,5.4399999999999995,18.959999084472656,-14.940000000000001,1
2025-05-28,584.8555180607121,586.051826179252,580.3373051792158,581.0689086914062,68445500,-0.58,0.06999999999999999,0.98,-0.86,6.03,519.6645455027536,521.1573196978349,515.8928245699911,516.4102783203125,46637200,-0.44,0.18,1.01,-0.26,9.120000000000001,417.5686140279034,418.6525950275387,414.6220707363355,415.2922058105469,1790900,-0.5700000000000001,-0.03,0.96,-1.3,4.08,19.309999465942383,1.8499999999999999,-1
2025-05-29,586.3384441000501,586.4768718669775,579.4276761926377,583.362548828125,69973300,0.38999999999999996,0.91,1.21,1.23,6.4,523.7946096140164,523.943850597734,514.8280023627366,517.4254150390625,58513300,0.2,1.43,1.77,1.34,9.35,416.3171081542969,416.868962930803,412.49352143576897,416.3171081542969,2751400,0.25,0.25,1.05,0.89,4.05,19.18000030517578,-0.67,1
2025-05-30,582.2552747565533,584.430352826958,576.6297607292682,582.7100830078125,90601200,-0.11,-0.19,1.34,1.08,5.54,516.937802360934,518.1718194248762,509.46396914496165,516.609375,67662800,-0.16,-0.09,1.68,0.9900000000000001,7.7700000000000005,416.02153818581326,418.10084305574867,413.4100768265301,416.7015075683594,2957500,0.09,-0.06999999999999999,1.13,0.96,3.8699999999999997,18.56999969482422,-3.18,-1
2025-06-02,581.0985213264464,586.0714814983527,578.4291102147669,585.992431640625,61630500,0.5599999999999999,-0.27999999999999997,1.31,2.35,4.58,514.7484234216115,520.9285314569356,513.4845216279213,520.689697265625,44762800,0.79,-0.36,1.44,2.74,7.03,415.1838235532158,417.6868984046305,412.98623865555237,417.5489196777344,2636100,0.2,-0.36,1.13,1.77,2.6599999999999997,18.360000610351562,-1.13,1
2025-06-03,585.6266079138771,590.3128764026674,585.1421107506463,589.3341064453125,63606200,0.5700000000000001,-0.06,0.88,0.84,5.779999999999999,521.0379136751978,526.192953382638,520.172109482974,524.7598876953125,44070300,0.7799999999999999,0.06999999999999999,1.16,1.17,8.51,416.91823821832236,420.1702416053933,416.3269566732653,419.81549072265625,2332600,0.54,-0.15,0.9199999999999999,0.51,3.4099999999999997,17.690000534057617,-3.65,1
2025-06-04,590.1943197189499,591.1730898063917,588.7409487228937,589.1759643554688,57314200,-0.03,0.15,0.41000000000000003,1.4000000000000001,6.64,525.4664906934179,527.2876922621837,523.4362788655679,526.2228393554688,41359300,0.27999999999999997,0.13,0.73,1.9,9.84,420.18008043858464,420.94873737857654,418.68216327175037,418.7610168457031,2163300,-0.25,0.09,0.54,0.84,4.17,17.610000610351562,-0.44999999999999996,-1
2025-06-05,590.8566609128592,592.2111289512687,584.3512195951713,586.3285522460938,92278700,-0.48,0.29,1.3299999999999998,0.51,5.680000000000001,527.6260127928042,530.4821825867151,520.1422186545674,522.261962890625,61031200,-0.75,0.27,1.96,0.9299999999999999,8.58,419.7563653391126,420.61371004573965,416.71126989485805,417.8051452636719,3018800,-0.22999999999999998,0.24,0.9299999999999999,0.36,3.2199999999999998,18.479999542236328,4.9399999999999995,-1
2025-06-06,591.8750084630755,594.0204580272924,590.0954209877331,592.349609375,66588700,1.03,0.95,0.67,1.6500000000000001,6.03,527.446880166096,529.2381970448477,525.6655248338539,527.3672485351562,42467000,0.98,0.9900000000000001,0.6799999999999999,2.08,8.53,421.5597804137788,423.83618900309096,420.34765464169345,422.15106201171875,3081100,1.04,0.8999999999999999,0.83,1.31,3.58,16.770000457763672,-9.25,1
2025-06-09,592.9229477814916,594.4356362447949,591.7069074945726,592.8834228515625,53016400,0.09,0.1,0.45999999999999996,1.18,6.260000000000001,527.5862547168781,529.7855699578893,526.4616932284755,528.1435546875,33688700,0.15,0.04,0.63,1.43,8.76,422.2889942302373,423.4715573800629,420.2293879712524,422.1313171386719,2680200,-0.0,0.03,0.77,1.0999999999999999,3.94,17.15999984741211,2.33,1
2025-06-10,593.4173631354267,596.6305291817529,592.3002255337209,596.2449951171875,66247000,0.5700000000000001,0.09,0.73,1.17,3.45,528.6113236327552,532.3233974321485,526.3423380359699,531.63671875,40664800,0.66,0.09,1.13,1.31,5.19,422.0426473148752,423.84605469116104,421.6484696061573,423.3631591796875,2022600,0.29,-0.02,0.52,0.8500000000000001,1.35,16.950000762939453,-1.22,1
2025-06-11,597.3423151819753,598.2024500657004,592.4780937113569,594.5443725585938,73658200,-0.29,0.18,0.96,0.91,2.4699999999999998,533.0398961060292,534.1943423631835,527.5564282374158,529.8453369140625,53701000,-0.33999999999999997,0.26,1.25,0.69,3.26,423.60953149411887,425.7775540411342,421.94413290088727,423.35333251953125,3025000,-0.0,0.06,0.91,1.0999999999999999,2.0,17.260000228881836,1.83,-1
2025-06-12,593.2097458920864,596.9073486328125,592.725309003214,596.9073486328125,64129000,0.4,-0.22,0.7000000000000001,1.7999999999999998,2.75,528.5316670205602,532.0645538594068,528.282871317245,531.0892333984375,34104900,0.22999999999999998,-0.25,0.7100000000000001,1.69,2.8899999999999997,421.9736666302861,424.28947182930665,420.76154091543333,424.2303466796875,2587700,0.21,-0.33,0.83,1.54,2.44,18.020000457763672,4.3999999999999995,1
2025-06-13,591.7168864341237,595.0288949944265,588.7310943639458,590.23388671875,89506000,-1.1199999999999999,-0.8699999999999999,1.06,-0.36,1.11,525.1380723113464,529.3078908293887,523.1974536303323,524.4215698242188,55814400,-1.26,-1.1199999999999999,1.15,-0.5599999999999999,1.48,419.9139905208816,420.7122401127532,415.4695901352599,416.6619873046875,4826100,-1.78,-1.02,1.24,-1.3,-0.08,20.81999969482422,15.540000000000001,-1
2025-06-16,593.5952983788304,597.5993850121447,593.4172853343232,595.8494262695312,79984100,0.95,0.5700000000000001,0.7100000000000001,0.5,1.43,527.9444656479175,532.7910009351023,527.894718657064,531.7161865234375,37622100,1.39,0.67,0.9299999999999999,0.6799999999999999,2.45,418.86941733657187,421.97363784900017,418.70190611535287,420.08154296875,3177100,0.8200000000000001,0.53,0.79,-0.49,-0.06,19.110000610351562,-8.21,1
2025-06-17,593.4074309844862,594.9299553868199,589.9965201271316,590.7578125,82209400,-0.8500000000000001,-0.41000000000000003,0.83,-0.9199999999999999,0.44999999999999996,529.1487692272117,530.7609608109505,525.3670252740969,526.5314331054688,42180900,-0.98,-0.48,1.01,-0.96,1.35,418.28801758075826,420.2195393304209,416.21854717687916,416.9576416015625,2450200,-0.74,-0.43,0.95,-1.51,-1.15,21.600000381469727,13.03,-1
2025-06-18,591.6574895866379,594.4059506456396,589.7097855095001,590.6688232421875,76605000,-0.02,0.15,0.79,-0.65,0.77,527.5464108599048,529.9846210200801,524.8594657253662,526.4417724609375,43983500,-0.02,0.19,0.97,-0.64,1.68,417.50953738156517,420.01258224559945,416.0904736430776,416.69158935546875,2786700,-0.06,0.13,0.9400000000000001,-1.5699999999999998,-0.97,20.139999389648438,-6.76,-1
2025-06-20,593.3471074282096,594.4180406328666,587.8735160730708,589.2816162109375,94051400,-0.22999999999999998,0.44999999999999996,1.11,-1.28,2.26,529.6960723110417,530.989797962704,522.3516174800588,524.292236328125,61643500,-0.41000000000000003,0.62,1.6400000000000001,-1.28,2.69,418.40029073249474,419.1711335408956,415.78140363724486,416.8092041015625,3810500,0.03,0.41000000000000003,0.8099999999999999,-1.7500000000000002,1.01,20.6200008392334,2.3800000000000003,-1
2025-06-23,590.0351069773628,595.4888465716903,586.9116378864132,595.1021728515625,87426000,0.9900000000000001,0.13,1.46,0.8200000000000001,3.2300000000000004,524.8611059770333,530.2012624901581,521.7128229011945,529.6832275390625,50666100,1.03,0.11,1.6199999999999999,1.0,3.55,417.0463830340274,420.95989041124534,414.69431566914517,420.72271728515625,4315000,0.9400000000000001,0.06,1.5,0.97,1.94,19.829999923706055,-3.83,1
2025-06-24,599.2471080685161,602.7374608387837,598.3348024442159,601.676513671875,67735300,1.0999999999999999,0.7000000000000001,0.74,0.98,5.09,534.9038188952696,538.6997215726698,534.2861174166954,537.7831420898438,45442000,1.53,0.9900000000000001,0.83,1.1400000000000001,6.12,423.4997041483597,426.66215304764165,422.65967583204906,425.7331848144531,4958200,1.1900000000000002,0.66,0.95,1.35,3.7699999999999996,17.479999542236328,-11.85,1
2025-06-25,602.7968833801484,603.4910078317407,600.4468221319722,602.0135498046875,62114800,0.06,0.19,0.51,1.91,3.01,540.0546537700266,541.3000294115662,537.3845756916884,539.157958984375,44804200,0.26,0.42,0.73,2.4,3.94,425.69365415246665,425.85177961642745,423.4799579757123,424.8140869140625,3265500,-0.22,-0.01,0.5599999999999999,1.8800000000000001,1.71,16.760000228881836,-4.12,1
2025-06-26,603.8678512919777,607.1599344481853,603.2530708764845,606.7236328125,78548400,0.7799999999999999,0.31,0.65,2.7199999999999998,4.42,541.339901952907,544.6476272131085,539.5167156535897,544.1992797851562,43811400,0.9400000000000001,0.4,0.95,3.37,5.38,425.76285523379465,429.0932918867468,425.7430707004848,428.8363342285156,2444800,0.95,0.22,0.79,2.91,3.26,16.59000015258789,-1.01,1
2025-06-27,607.7252035075089,611.2056913389495,605.692457719191,609.7380981445312,86258400,0.5,0.16999999999999998,0.91,3.47,4.52,545.2354314727291,547.9553124291843,542.5254624415982,546.0623779296875,57577100,0.33999999999999997,0.19,1.0,4.15,5.53,430.0419996272598,434.4002366025962,429.9925986143981,432.8585510253906,3621000,0.9400000000000001,0.27999999999999997,1.03,3.85,3.9699999999999998,16.31999969482422,-1.63,1
2025-06-30,612.1873024714439,614.0117925800773,609.8669572755672,612.6533203125,92502500,0.48,0.4,0.6799999999999999,2.9499999999999997,5.140000000000001,549.2206440950201,550.7549250315776,546.9789678853869,549.5992431640625,45548700,0.65,0.58,0.69,3.7600000000000002,6.39,435.2797827909506,436.08027218042565,433.5107862895694,435.4774169921875,2827800,0.61,0.5599999999999999,0.59,3.51,4.51,16.729999542236328,2.5100000000000002,1
2025-07-01,611.1758893553448,613.625146088841,610.3429883405835,612.455078125,70030100,-0.03,-0.24,0.54,1.79,4.52,547.6962844543337,548.6727003482655,542.6450333450836,544.9664306640625,56166700,-0.84,-0.35000000000000003,1.0999999999999999,1.34,4.66,435.02282256229205,440.734972700711,434.8350504686601,439.66766357421875,4520300,0.96,-0.1,1.35,3.27,5.3,16.829999923706055,0.6,-1
2025-07-02,612.0484833566157,615.2711481262035,611.4237773441516,615.2315063476562,66510400,0.44999999999999996,-0.06999999999999999,0.63,2.1999999999999997,4.390000000000001,544.1394799694398,548.9616013728256,544.099649838931,548.7623291015625,36538300,0.7000000000000001,-0.15,0.89,1.78,4.569999999999999,439.4601299717987,440.171679479853,438.16550978010036,439.4897766113281,3141700,-0.04,-0.05,0.45999999999999996,3.45,4.6899999999999995,16.639999389648438,-1.13,1
2025-07-03,617.214676143094,621.0124795190609,617.194824993195,620.0803833007812,51065800,0.79,0.32,0.62,2.1999999999999997,5.25,551.1334998356798,555.1386472795501,551.1334998356798,554.1622314453125,26443500,0.98,0.43,0.73,1.83,5.3100000000000005,440.4385326114775,443.59105916895584,440.33970042587487,442.8301086425781,2807100,0.76,0.22,0.74,3.26,5.75,16.3799991607666,-1.5599999999999998,1
2025-07-07,618.1169852960921,618.7813935886118,612.6731706581298,615.4595336914062,74814500,-0.75,-0.32,0.9900000000000001,0.9400000000000001,4.97,551.4723321808171,552.2893059767699,547.5469053516296,549.9878540039062,45349300,-0.75,-0.49,0.86,0.72,5.3100000000000005,442.1284452301643,442.5830370863786,436.37675592487443,438.7881164550781,3657500,-0.91,-0.16,1.4000000000000001,1.37,5.0200000000000005,17.790000915527344,8.61,-1
2025-07-08,616.1238907210633,616.8775081543645,614.3093261623386,615.1224365234375,59024600,-0.05,0.11,0.42,0.4,3.84,551.3328226115977,551.9604968449189,549.0612280892235,550.2966918945312,36153300,0.06,0.24,0.53,0.13,4.35,438.4817845687882,439.16368747442016,436.86102109472097,437.1871643066406,3563200,-0.36,-0.06999999999999999,0.52,0.38999999999999996,3.56,16.809999465942383,-5.510000000000001,-1
2025-07-09,617.5319680301938,619.4655183729625,615.6875662931247,618.8110961914062,66113300,0.6,0.38999999999999996,0.61,1.04,4.37,552.4287282148103,555.5670993773455,551.0538285444961,554.1921997070312,43045500,0.7100000000000001,0.38999999999999996,0.8200000000000001,1.69,4.93,439.1735532888101,440.36934128867364,437.08830578954,439.302001953125,3251900,0.48,0.44999999999999996,0.75,-0.08,4.07,15.9399995803833,-5.18,1
2025-07-10,618.9499658515675,621.5974919629854,617.7699723301522,620.5563354492188,57529000,0.27999999999999997,0.02,0.62,0.8699999999999999,4.08,554.8298167972696,555.2382732584896,550.7051180084419,553.3951416015625,34710900,-0.13999999999999999,0.12,0.8200000000000001,0.84,4.09,439.1636489961392,442.5533786936385,438.4916384162179,441.2587585449219,2262600,0.44999999999999996,-0.03,0.9199999999999999,0.4,4.2299999999999995,15.779999732971191,-1.0,1
2025-07-11,617.5022136064131,619.6043777491163,616.3024294765994,618.3748168945312,63670200,-0.35000000000000003,-0.49,0.53,-0.27999999999999997,4.01,551.2530854493318,553.733864104168,550.0077097543851,552.1497802734375,39618600,-0.22999999999999998,-0.38999999999999996,0.67,-0.36,4.21,438.4620524101103,439.24275738620724,437.5627307040825,438.36322021484375,3345500,-0.66,-0.63,0.38,-1.01,3.55,16.399999618530273,3.93,-1
2025-07-14,617.9186632768227,619.9018415613931,616.5701165685465,619.5548095703125,51898500,0.19,-0.06999999999999999,0.54,0.67,3.7900000000000005,551.9405857278426,554.8896575344722,549.5893307950605,554.1524047851562,36453300,0.36,-0.04,0.96,0.76,4.34,437.9085519523773,439.5392076038741,437.28597252251404,439.3612976074219,2244700,0.22999999999999998,-0.1,0.51,0.13,3.5700000000000003,17.200000762939453,4.88,1
2025-07-15,622.2420420602726,622.5791484786782,616.8279435196437,616.9072875976562,74317300,-0.43,0.43,0.9299999999999999,0.29,4.52,558.177370440617,558.7253235687808,554.6006247913591,554.660400390625,43277700,0.09,0.73,0.74,0.79,5.7700000000000005,439.36129822932486,439.9443990729045,434.9734447778115,434.9833068847656,3810700,-1.0,0.0,1.13,-0.5,4.3999999999999995,17.3799991607666,1.05,-1
2025-07-16,618.4937831556223,619.4754466932056,612.8516386863737,618.9697265625,88987500,0.33,0.26,1.0699999999999998,0.03,3.88,555.2183595594536,558.1375126628243,549.5194892045199,555.228271484375,52314700,0.1,0.1,1.55,0.19,4.42,436.67319714756826,437.41439324750496,432.5027627115636,437.1673278808594,4230300,0.5,0.38999999999999996,1.13,-0.49,4.07,17.15999984741211,-1.27,1
2025-07-17,619.1482908768893,623.1146474859103,618.9301097920578,622.7576293945312,68885700,0.61,0.03,0.6799999999999999,0.35000000000000003,5.42,555.9556343165032,560.229741645841,555.1486333295833,559.7216186523438,40423800,0.8099999999999999,0.13,0.9199999999999999,1.1400000000000001,6.3,436.8610631739949,440.3792723387749,436.79190777756753,439.9938659667969,3790800,0.65,-0.06999999999999999,0.8200000000000001,-0.29,5.52,16.520000457763672,-3.73,1
2025-07-18,624.007017899032,624.175571102461,621.1909387049365,622.301513671875,65621600,-0.06999999999999999,0.2,0.48,0.64,5.36,561.0367592084838,562.6407884950407,557.9083608963978,559.1836547851562,50484700,-0.1,0.22999999999999998,0.8500000000000001,1.27,6.22,440.6770160503074,440.72643715927796,437.1079249370865,438.2350158691406,3901900,-0.4,0.16,0.8200000000000001,-0.03,5.17,16.40999984741211,-0.67,-1
2025-07-21,623.4815063476562,626.2281670376054,623.0551302914085,623.4815063476562,63375000,0.19,0.19,0.51,0.63,5.800000000000001,560.0106243017523,563.9659084478778,559.9807060956166,562.0828857421875,39595200,0.52,0.15,0.7100000000000001,1.43,7.21,439.16429667492747,440.95377502467744,438.11631587910523,438.41290283203125,2548800,0.04,0.21,0.65,-0.22,5.18,16.649999618530273,1.46,1
2025-07-22,623.8086504006922,624.4333563471947,620.9231528797274,623.5706787109375,60046300,0.01,0.05,0.5599999999999999,1.08,4.78,562.212410691865,562.2622135594852,556.5434579032301,559.1737060546875,43270600,-0.52,0.02,1.02,0.8099999999999999,5.57,437.8395110274354,440.40017608965843,437.81974861886044,439.91571044921875,3091600,0.33999999999999997,-0.13,0.59,1.13,4.5600000000000005,16.5,-0.8999999999999999,1
2025-07-23,626.2381323551606,628.8757934570312,624.4334327911965,628.8757934570312,70511000,0.8500000000000001,0.43,0.7100000000000001,1.6,4.52,560.2597104593184,561.7640732969975,557.5099110527195,561.7242431640625,40215300,0.45999999999999996,0.19,0.76,1.17,4.45,442.1797655594337,445.1457561612857,441.28997441320143,445.106201171875,5486500,1.18,0.51,0.88,1.82,4.55,15.369999885559082,-6.8500000000000005,1
2025-07-24,629.2624631630094,630.7994747941685,628.6576082944551,629.083984375,71307100,0.03,0.06,0.33999999999999997,1.02,4.5,563.0392899612859,564.1451688896942,561.2060703387892,562.9197387695312,42275500,0.21,0.22999999999999998,0.52,0.5700000000000001,4.41,441.94241756705753,444.0383790597575,441.68535543891505,442.041259765625,5078300,-0.69,-0.7100000000000001,0.53,0.47000000000000003,4.06,15.390000343322754,0.13,1
2025-07-25,629.7484116245431,632.2174590489252,629.5005143245561,631.741455078125,56865400,0.42,0.11,0.43,1.52,4.12,562.8400440606903,565.5998159531918,562.1825124752501,564.2747192382812,30630800,0.24,-0.01,0.61,0.91,3.6900000000000004,442.45655807850403,444.3152502150958,441.34925982818066,443.9296569824219,3710600,0.43,0.09,0.67,1.3,3.52,14.930000305175781,-2.9899999999999998,1
2025-07-28,632.1181999979412,632.6734874729789,630.1945147233831,631.582763671875,54917100,-0.03,0.06,0.38999999999999996,1.3,3.58,565.6396634648174,566.9348420155121,564.7728868526946,566.0382080078125,31498700,0.31,0.24,0.38,0.7000000000000001,3.66,443.57376481172827,444.38447611429143,442.3082767520555,443.25738525390625,2864200,-0.15,-0.08,0.47000000000000003,1.11,2.4,15.029999732971191,0.67,-1
2025-07-29,632.9809077241022,633.2982235137306,629.0046860832861,629.9169311523438,60556300,-0.26,0.22,0.6799999999999999,1.02,2.82,568.6485511909246,569.9935327032099,564.434219030358,565.1614990234375,45463300,-0.15,0.45999999999999996,0.98,1.0699999999999998,2.83,443.54413869058914,443.761645881115,440.59791041376076,441.41851806640625,3146200,-0.41000000000000003,0.06,0.7100000000000001,0.33999999999999997,1.3599999999999999,15.979999542236328,6.32,-1
2025-07-30,630.5713386132512,632.3165451544952,626.2281734095909,629.1236572265625,80418900,-0.13,0.1,0.97,0.04,2.7199999999999998,566.0780214636062,568.508997161805,562.9595959750744,565.9186401367188,43433800,0.13,0.16,0.98,0.75,3.84,441.64583212745396,442.3082499007042,437.59230603233215,439.71795654296875,3765000,-0.38999999999999996,0.05,1.0699999999999998,-1.21,0.01,15.479999542236328,-3.1300000000000003,-1
2025-07-31,634.0816044685715,634.4682782312485,625.4646925404661,626.763671875,103385200,-0.38,0.79,1.43,-0.37,1.87,572.4144506359528,572.5041444344463,561.7839416385068,562.9197387695312,64613600,-0.53,1.15,1.8900000000000001,0.0,2.58,440.22214902259094,441.14162893123785,435.5062353831736,436.3268127441406,4223300,-0.77,0.11,1.28,-1.29,-0.72,16.719999313354492,8.01,-1
2025-08-01,621.0322789916852,621.0719812920488,614.0812292944926,616.4907836914062,140103600,-1.6400000000000001,-0.91,1.1199999999999999,-2.41,-0.58,556.7626938955674,556.951993446216,549.6391201209816,551.8309936523438,69400800,-1.97,-1.09,1.3,-2.21,-0.42,432.7874422183503,432.79733850815506,428.4867500077855,430.78045654296875,5980000,-1.27,-0.8099999999999999,0.9900000000000001,-2.96,-2.7199999999999998,20.3799991607666,21.89,-1
2025-08-04,620.4075271113948,625.9108344398344,620.3183179857707,625.8612670898438,73218000,1.52,0.64,0.91,-0.91,1.69,556.9818168836358,562.2323403030458,556.8822111512052,562.0131225585938,47669800,1.8499999999999999,0.9299999999999999,0.97,-0.7100000000000001,2.19,432.9159817733246,436.8903982142796,432.6292609079105,436.8014221191406,5065800,1.4000000000000001,0.5,0.9900000000000001,-1.46,-0.44999999999999996,17.520000457763672,-14.030000000000001,1
2025-08-05,626.4760489706393,627.2891592865192,621.7660007962415,622.6881713867188,68051400,-0.51,0.1,0.88,-1.15,1.23,563.2983805936119,564.4640352064246,557.6592854470431,558.1973266601562,48666600,-0.6799999999999999,0.22999999999999998,1.21,-1.23,1.44,436.79152945570775,437.97793774397667,434.23089456894974,436.1390380859375,4081600,-0.15,-0.0,0.86,-1.2,-0.24,17.850000381469727,1.8800000000000001,-1
2025-08-06,623.7591559441935,628.1122469303318,622.8469108529321,627.4578247070312,64357500,0.77,0.16999999999999998,0.8500000000000001,-0.26,1.4000000000000001,559.0342039471559,565.6596271290572,558.5559991276681,565.2212524414062,41823700,1.26,0.15,1.27,-0.12,1.9900000000000002,437.09796139577884,437.92846520299577,435.1404271731444,436.9595642089844,2975300,0.19,0.22,0.64,-0.63,-0.53,16.770000457763672,-6.05,1
2025-08-07,630.8886820702932,631.62244837055,623.8186464662513,626.9322509765625,74205800,-0.08,0.5499999999999999,1.24,0.03,1.03,569.5550971875249,571.1990173575662,563.0193682552224,567.1340942382812,44463000,0.33999999999999997,0.77,1.4500000000000002,0.75,2.48,439.2334833620397,439.9651148039072,433.01481222164927,434.7350769042969,5205100,-0.51,0.52,1.59,-0.36,-1.48,16.56999969482422,-1.1900000000000002,-1
2025-08-08,628.727047311219,632.2868791777582,628.4097315038053,631.82080078125,64051600,0.7799999999999999,0.29,0.62,2.4899999999999998,2.17,568.3396913615944,572.6437172653317,568.0408133424522,572.4244995117188,35255500,0.9299999999999999,0.21,0.8099999999999999,3.73,3.6700000000000004,435.8127241534889,437.8592646947241,435.31839243850146,436.91015625,3684500,0.5,0.25,0.58,1.4200000000000002,-0.33,15.149999618530273,-8.57,1
2025-08-11,632.0983749269875,633.5758329217508,629.3218771812983,630.5712890625,58742300,-0.2,0.04,0.67,0.75,1.78,572.5639937844218,574.6661734544787,569.4555407796788,570.7307739257812,33112900,-0.3,0.02,0.91,1.55,2.9899999999999998,437.31549637240244,437.84938309054667,434.2506637739797,435.0218200683594,3538100,-0.43,0.09,0.8200000000000001,-0.41000000000000003,-0.9900000000000001,16.25,7.26,-1
2025-08-12,632.9214074238032,637.4430514601922,631.4340237207567,637.284423828125,64730800,1.06,0.37,0.95,2.34,3.3000000000000003,573.0321290334282,578.2029307017501,570.3720239097617,577.904052734375,42143300,1.26,0.4,1.37,3.53,4.19,436.68282154951675,440.1035891077346,436.13906864606895,439.638916015625,5012600,1.06,0.38,0.91,0.8,1.0699999999999998,14.729999542236328,-9.35,1
2025-08-13,639.4857330110176,640.7549961752953,637.2745085703324,639.4659423828125,60092800,0.33999999999999997,0.35000000000000003,0.5499999999999999,1.91,3.3099999999999996,580.604084362888,581.1620102059526,576.7982091868794,578.1930541992188,41209300,0.05,0.47000000000000003,0.76,2.29,4.14,441.37890637897016,444.5525075575836,440.99331315690733,444.32513427734375,6203200,1.0699999999999998,0.4,0.8099999999999999,1.69,1.6400000000000001,14.489999771118164,-1.63,1
2025-08-14,637.3835851461316,640.1897994624859,636.9374184340268,639.5254516601562,59327500,0.01,-0.33,0.51,2.01,2.69,576.1407825220163,579.7274406220099,575.7720953282917,577.7448120117188,45425000,-0.08,-0.35000000000000003,0.6799999999999999,1.87,3.2199999999999998,442.664138902555,444.5426234906851,441.91277523891534,444.06805419921875,4553200,-0.06,-0.37,0.59,2.15,0.9299999999999999,14.829999923706055,2.35,1
2025-08-15,640.5566774831647,640.6558727131268,637.11589211782,638.0281372070312,68592500,-0.22999999999999998,0.16,0.5499999999999999,0.98,2.53,577.6550229317031,577.6949138700501,573.4406912378071,575.2041625976562,49480200,-0.44,-0.02,0.74,0.49,2.86,447.04178178859274,447.19016315537175,444.1432883960285,444.697265625,5584400,0.13999999999999999,0.67,0.69,1.78,1.47,15.09000015258789,1.7500000000000002,-1
2025-08-18,637.4529805837014,638.5834067295413,636.7787072305159,637.8892822265625,43804900,-0.02,-0.09,0.27999999999999997,1.16,2.31,574.3074712675442,575.6325679790418,573.1118984877381,574.9749755859375,29831000,-0.04,-0.16,0.44,0.74,2.29,444.51917449248776,445.13250422195944,443.80691379611915,444.2223815917969,3809100,-0.11,-0.04,0.3,2.11,1.3299999999999998,14.989999771118164,-0.66,-1
2025-08-19,637.7108075589789,638.6924711313014,633.1098193903536,634.4286499023438,69750700,-0.54,-0.03,0.88,-0.44999999999999996,1.7399999999999998,574.2576318109441,574.4269858610731,566.1477315418194,567.1739501953125,53752600,-1.3599999999999999,-0.12,1.44,-1.8599999999999999,1.43,445.01381607550485,447.289077453273,443.39143268722285,444.4598388671875,5794900,0.05,0.18,0.88,1.0999999999999999,1.03,15.569999694824219,3.8699999999999997,-1
2025-08-20,634.0221697813646,634.2799321395609,627.626407225106,632.7429809570312,88890300,-0.27,-0.06,1.05,-1.05,0.61,566.2275216498264,566.3470728538312,556.7726389420532,563.8065185546875,76781100,-0.59,-0.16999999999999998,1.69,-2.4899999999999998,0.37,444.9545139726553,445.67664674241814,442.8573099906368,444.52911376953125,4731400,0.02,0.11,0.63,0.05,-0.13,15.6899995803833,0.77,-1
2025-08-21,630.9283690027011,632.604096553562,628.4791123479844,630.2044677734375,54805800,-0.4,-0.29,0.65,-1.46,0.18,562.2622161511607,564.3943140175195,558.9046880126308,561.1962280273438,46436900,-0.45999999999999996,-0.27,0.97,-2.86,-0.31,442.90673911530916,444.24223183277456,441.0865238562693,443.13427734375,3780700,-0.31,-0.36,0.7100000000000001,-0.21,0.25,16.600000381469727,5.800000000000001,-1
2025-08-22,632.3958390332336,641.0623176031913,631.8901189367884,639.88232421875,84083200,1.54,0.35000000000000003,1.46,0.29,1.29,562.5810219572568,571.8665505027725,561.186237654488,569.85400390625,51502100,1.54,0.25,1.9,-0.9299999999999999,0.9900000000000001,445.577702833326,452.9475923328508,445.4490955882796,451.7308349609375,8534700,1.94,0.5499999999999999,1.69,1.58,1.76,14.220000267028809,-14.34,1
2025-08-25,638.6230253017661,639.8625116828326,636.9472372936925,637.0662231445312,51274300,-0.44,-0.2,0.45999999999999996,-0.13,0.8699999999999999,568.2898651145814,571.1691275247927,567.0544013373471,568.2101440429688,34044700,-0.29,-0.27,0.72,-1.18,0.38,450.7415968731944,451.285671950215,448.15964032219097,448.19921875,3898200,-0.7799999999999999,-0.22,0.69,0.8999999999999999,1.11,14.789999961853027,4.01,-1
2025-08-26,636.7985773675441,640.0807351008626,636.1738713484165,639.733642578125,51581600,0.42,-0.04,0.61,0.84,1.5599999999999998,567.7219543005008,570.8004889189272,566.6957355547859,570.4916381835938,34103000,0.4,-0.09,0.72,0.58,0.9400000000000001,447.92220662857034,449.8611268365339,447.6748942993584,449.6039123535156,3190500,0.31,-0.06,0.49,1.16,1.8499999999999999,14.619999885559082,-1.15,1
2025-08-27,639.148612992103,641.9250504526357,638.9998504138363,641.1912841796875,48341100,0.22999999999999998,-0.09,0.45999999999999996,1.34,1.92,569.4755344252939,572.285048840458,568.2600159705794,571.3684692382812,36927100,0.15,-0.18,0.7100000000000001,1.34,0.96,449.39619400668204,451.7308381737972,449.3269393066269,451.12738037109375,2943900,0.33999999999999997,-0.05,0.53,1.48,2.59,14.850000381469727,1.5699999999999998,1
2025-08-28,641.7961735668325,644.0173236548059,639.9121904309055,643.4620361328125,61519500,0.35000000000000003,0.09,0.64,2.1,2.6599999999999997,571.9861459076477,575.8617699919798,570.3422863370614,574.9451904296875,46787900,0.63,0.11,0.97,2.45,2.1399999999999997,451.6219664382697,452.28477673021666,449.90068237515663,451.8791809082031,3576500,0.16999999999999998,0.11,0.53,1.97,3.56,14.430000305175781,-2.83,1
2025-08-29,642.0242015644989,642.3911452321481,637.7306640961879,639.6245727539062,74522200,-0.6,-0.22,0.72,-0.04,3.75,572.5340452045847,572.9027323513419,566.4366907257225,568.2898559570312,56030400,-1.16,-0.42,1.1199999999999999,-0.27,2.98,451.21641333377244,451.9286740806799,449.39619813378545,451.1867370605469,3605900,-0.15,-0.15,0.5599999999999999,-0.12,4.74,15.359999656677246,6.4399999999999995,-1
2025-09-02,632.13804448044,635.1028861742022,629.5797276837342,634.884765625,81983500,-0.74,-1.17,0.86,-0.33999999999999997,1.44,559.2335343759405,563.8762688061983,557.4700627066655,563.527587890625,65876800,-0.84,-1.59,1.13,-0.8200000000000001,0.27,447.13078885767754,448.8224269251517,445.32047589204797,448.7333679199219,6009200,-0.54,-0.8999999999999999,0.7799999999999999,0.12,2.73,17.170000076293945,11.78,-1
2025-09-03,637.2645539172183,638.7916398746721,635.0731807265284,638.3255615234375,70820900,0.54,0.37,0.59,-0.22,2.5100000000000002,567.1241403555323,569.585034325084,564.6333889904666,567.9610595703125,54230200,0.79,0.64,0.88,-0.44,1.7500000000000002,448.0112569249268,448.8619968872491,445.6865148809725,448.3871765136719,3948200,-0.08,-0.16,0.7100000000000001,-0.27,2.81,16.350000381469727,-4.78,1
2025-09-04,638.9998582812316,643.6901160802078,638.0975387911232,643.6603393554688,65219200,0.84,0.11,0.88,0.38999999999999996,2.58,568.6286096639848,573.470616113036,566.9249745111877,573.1019897460938,47526300,0.91,0.12,1.15,0.3,1.39,448.6740104869797,452.34414714725517,447.6946633350562,452.1363830566406,4524200,0.84,0.06,1.04,0.22,3.47,15.300000190734863,-6.419999999999999,1
2025-09-05,646.0004093954814,646.7243105506017,637.918995020256,641.7960815429688,85178900,-0.29,0.36,1.37,-0.26,2.37,578.3424981949754,578.9701724080204,569.4156841594208,573.9288940429688,68342500,0.13999999999999999,0.91,1.67,-0.18,1.2,452.20564715485625,453.73900172413744,448.1101706429917,450.0985412597656,5828200,-0.44999999999999996,0.02,1.24,-0.38999999999999996,3.53,15.180000305175781,-0.7799999999999999,-1
2025-09-08,643.1645472258064,644.3743174556171,641.7862237872296,643.372802734375,63133100,0.25,0.21,0.4,0.59,1.83,576.2303653317651,578.6912594012136,575.6326093036281,576.728515625,46371400,0.49,0.4,0.53,1.48,0.75,450.4843710366979,451.38459156234865,448.75318468494515,451.2955627441406,4395200,0.27,0.09,0.58,0.02,3.29,15.109999656677246,-0.45999999999999996,1
2025-09-09,643.5115612591451,645.3856792185645,641.7762803015634,644.8601684570312,66133900,0.22999999999999998,0.02,0.5599999999999999,1.5699999999999998,2.27,577.5255685086003,578.7908897662577,574.9052929899314,578.3624877929688,44007600,0.27999999999999997,0.13999999999999999,0.67,2.63,1.34,451.05811087099625,453.62026298351736,450.32607603584546,453.0860900878906,5979400,0.4,-0.05,0.73,0.97,4.15,15.039999961853027,-0.45999999999999996,1
2025-09-10,648.122479271532,649.0446498954948,645.1576374702139,646.724365234375,78034500,0.29,0.51,0.6,1.32,1.48,581.5804896782814,581.6104078841153,576.4096872460331,578.5517578125,49308000,0.03,0.5599999999999999,0.8999999999999999,1.8599999999999999,0.11,452.78930499278886,452.97726478173246,449.8215569856718,451.0284423828125,5412200,-0.44999999999999996,-0.06999999999999999,0.7000000000000001,0.59,2.59,15.350000381469727,2.06,1
2025-09-11,648.6777603299006,652.7928793680376,648.0927566439484,652.0987548828125,69934400,0.83,0.3,0.73,1.31,1.9800000000000002,581.0822703109691,582.7162176589113,579.4682684312116,581.919189453125,44745800,0.58,0.44,0.5599999999999999,1.54,0.64,451.9385997994093,457.3497952893038,451.69128744646986,456.9541015625,6352100,1.31,0.2,1.25,1.0699999999999998,2.8400000000000003,14.710000038146973,-4.17,1
2025-09-12,652.0689585463732,653.5662677492645,651.3748946038203,651.8805541992188,72780100,-0.03,-0.0,0.33999999999999997,1.5699999999999998,1.9300000000000002,582.875622079706,585.6851967841828,581.9390971782137,584.4896240234375,50745900,0.44,0.16,0.64,1.8399999999999999,1.17,456.2912323986755,456.7265044989415,454.13467620430737,454.3819885253906,3784600,-0.5599999999999999,-0.15,0.5700000000000001,0.95,2.32,14.760000228881836,0.33999999999999997,-1
2025-09-15,654.0918582328915,655.4800466805781,653.7943936028013,655.3511352539062,63772400,0.53,0.33999999999999997,0.26,1.8599999999999999,2.7199999999999998,586.263084887294,589.6006673309763,586.1136154844122,589.4910888671875,44360300,0.86,0.3,0.6,2.21,2.48,455.06464036922756,455.95495881913877,453.8973030967473,455.1239929199219,4862200,0.16,0.15,0.44999999999999996,0.8500000000000001,2.34,15.6899995803833,6.3,1
2025-09-16,655.9064595692537,656.213910313041,653.6655188822047,654.4488525390625,61169000,-0.13999999999999999,0.08,0.38999999999999996,1.49,2.6,590.4176835168099,590.666758666618,588.3055311111864,588.9929809570312,36942100,-0.08,0.16,0.4,1.8399999999999999,2.44,455.1635277764998,455.84611227890935,452.8585899536573,453.84783935546875,4526100,-0.27999999999999997,0.01,0.66,0.16999999999999998,2.17,16.360000610351562,4.2700000000000005,-1
2025-09-17,654.4587781451693,656.1543568928759,648.7967821934204,653.6357421875,101952200,-0.12,0.0,1.1199999999999999,1.0699999999999998,3.0300000000000002,588.9132280535239,589.560847731768,582.2081448420756,587.8173217773438,69384800,-0.2,-0.01,1.25,1.6,3.64,454.8470106048905,458.86336093497624,453.0366672150776,456.30120849609375,5998000,0.54,0.22,1.28,1.17,2.6599999999999997,15.720000267028809,-3.91,-1
2025-09-18,656.3229362038169,659.2977035594738,654.7165666735059,656.6898193359375,90459200,0.47000000000000003,0.41000000000000003,0.7000000000000001,0.7000000000000001,3.7800000000000002,592.7091584852494,595.9272507480725,590.7664209781601,593.11767578125,61069300,0.8999999999999999,0.83,0.88,1.92,5.2,456.3308425949078,459.37771731941444,455.7076106720669,457.65643310546875,6681000,0.3,0.01,0.8,0.15,2.9499999999999997,15.699999809265137,-0.13,1
2025-09-19,658.5800832029405,660.7874850308027,656.6311583459587,659.9423217773438,97945600,0.5,0.29,0.63,1.24,4.72,595.1202047360832,597.83011295333,593.6456386208329,597.1326904296875,58196100,0.6799999999999999,0.33999999999999997,0.7100000000000001,2.16,6.4,459.0532570332925,460.1048548255559,457.2179109814471,459.2715148925781,5871400,0.35000000000000003,0.31,0.63,1.08,3.64,15.449999809265137,-1.59,1
2025-09-22,658.4508309420254,663.5119788762895,658.4209716621773,663.0645751953125,69452200,0.47000000000000003,-0.22999999999999998,0.77,1.18,3.62,596.2190510860968,601.3360027595129,596.1990824942005,600.667724609375,57154800,0.59,-0.15,0.86,1.9,5.41,457.5056079824119,460.6108095947102,456.5135323376263,459.9957275390625,4074900,0.16,-0.38,0.89,1.0699999999999998,1.83,16.100000381469727,4.21,1
2025-09-23,662.9452156846509,663.5617612775759,658.2320617574377,659.4551391601562,81708900,-0.54,-0.02,0.8,0.76,3.51,600.8372900448078,601.0367933292055,595.4609900615409,596.6779174804688,64635500,-0.66,0.03,0.9299999999999999,1.3,5.01,460.5413956903725,463.2993650033454,458.3687474238644,459.20208740234375,5904600,-0.16999999999999998,0.12,1.0699999999999998,1.18,2.45,16.639999389648438,3.35,-1
2025-09-24,660.7477220570149,660.8471316064555,655.9350982101993,657.3569946289062,68082200,-0.32,0.2,0.74,0.5700000000000001,2.75,598.0544387994095,598.3736318933126,591.8502333814113,594.583251953125,49850300,-0.35000000000000003,0.22999999999999998,1.09,1.15,4.22,459.77749670438953,460.7398113474105,457.1484718706198,457.3667297363281,4588800,-0.4,0.13,0.7799999999999999,0.22999999999999998,1.73,16.18000030517578,-2.76,-1
2025-09-25,654.2149171420698,655.6765652531099,650.7048739536411,654.3242797851562,89622100,-0.45999999999999996,-0.48,0.76,-0.36,2.0500000000000003,590.6932034651784,593.6057566967052,587.0026056631178,592.0198364257812,70920200,-0.43,-0.65,1.11,-0.19,3.61,456.25561395393464,457.4262560280698,454.08296572230773,455.7893371582031,4767200,-0.33999999999999997,-0.24,0.73,-0.41000000000000003,1.03,16.739999771118164,3.46,-1
2025-09-26,655.7760789419195,658.619871988132,654.1553026157394,658.072998046875,69179200,0.5700000000000001,0.22,0.6799999999999999,-0.27999999999999997,2.27,592.8376791327265,594.7827296224774,589.5560723046866,594.4535522460938,54337400,0.41000000000000003,0.13999999999999999,0.88,-0.44999999999999996,3.39,457.6147540936594,459.7378106558164,456.6723003299924,458.61676025390625,4167200,0.62,0.4,0.67,-0.13999999999999999,1.49,15.289999961853027,-8.66,1
2025-09-29,660.5985670660314,661.5134019828115,658.112721358766,659.9224243164062,73499000,0.27999999999999997,0.38,0.52,-0.47000000000000003,3.17,597.5855809487724,600.5181027058711,595.8898943349653,597.20654296875,48332900,0.45999999999999996,0.53,0.7799999999999999,-0.58,5.09,460.0850537988065,460.1048844142907,457.65445613116935,459.3707580566406,3752700,0.16,0.32,0.53,-0.13999999999999999,1.81,16.1200008392334,5.43,1
2025-09-30,659.1766647693167,662.8756347075731,657.8641309647478,662.4082641601562,86288000,0.38,-0.11,0.76,0.44999999999999996,4.34,596.9073409482912,599.1815689140329,594.5832523790604,598.8424072265625,46533800,0.27,-0.05,0.77,0.36,6.2700000000000005,458.95400469481234,460.41235702343806,457.1881113552838,460.06512451171875,4253300,0.15,-0.09,0.7000000000000001,0.19,2.53,16.280000686645508,0.9900000000000001,1
2025-10-01,659.4152702620313,665.5801794564833,659.3059076216911,664.6654052734375,72545400,0.33999999999999997,-0.44999999999999996,0.95,1.11,4.130000000000001,595.6504804045827,602.2536309055715,594.8226361779185,601.7150268554688,46899600,0.48,-0.53,1.24,1.2,5.94,458.9044748098492,461.4541166861143,458.88461391889484,460.5810852050781,4551600,0.11,-0.25,0.5599999999999999,0.7000000000000001,2.7199999999999998,16.290000915527344,0.06,1
2025-10-02,666.6540464714482,666.7733621981591,663.004842335434,665.4309692382812,56896000,0.12,0.3,0.5700000000000001,1.7000000000000002,3.38,605.5153536087707,605.6150748101588,601.3958573858611,604.188720703125,43765400,0.41000000000000003,0.63,0.7000000000000001,2.06,5.42,460.6306679529171,462.0790900043362,458.9540575901847,461.42431640625,5458300,0.18,0.01,0.6799999999999999,1.24,2.0500000000000003,16.6299991607666,2.09,1
2025-10-03,666.1966948783695,668.8714672806448,664.377038831869,665.421142578125,70494400,-0.0,0.12,0.6799999999999999,1.1199999999999999,3.6799999999999997,604.9668078782124,605.7847287787447,599.859840058186,601.645263671875,46482100,-0.42,0.13,0.98,1.21,4.83,462.0989265187365,466.65255012927736,461.9897824536057,463.8052978515625,9693900,0.52,0.15,1.01,1.13,3.05,16.649999618530273,0.12,0
2025-10-06,667.8174482099862,668.7024238148077,665.669704301124,667.8074951171875,54623300,0.36,0.36,0.45999999999999996,1.1900000000000002,3.8,606.9018036091138,607.8094613156995,604.4280726015548,606.1636962890625,41962100,0.75,0.8699999999999999,0.5599999999999999,1.5,5.1,464.6088773489833,464.7576826418705,460.5512915589462,463.1405944824219,7405400,-0.13999999999999999,0.16999999999999998,0.91,0.8200000000000001,2.62,16.3700008392334,-1.68,1
2025-10-07,668.7322238208072,669.1796881705657,663.8898014056139,665.3316040039062,72020100,-0.37,0.13999999999999999,0.79,0.44,3.17,607.4703970532165,608.1586438162234,601.4956480641417,602.9718627929688,58209500,-0.53,0.22,1.0999999999999999,0.69,4.26,463.84496255880833,464.8965603359771,460.7100301169729,462.2774963378906,7368700,-0.19,0.15,0.8999999999999999,0.48,2.03,17.239999771118164,5.3100000000000005,-1
2025-10-08,666.4552183740389,669.398481470165,665.6299006256374,669.2990112304688,60702200,0.6,0.16999999999999998,0.5700000000000001,0.7000000000000001,3.49,603.8695906281247,610.1934861561377,603.7200088104369,609.88427734375,50629800,1.15,0.15,1.0699999999999998,1.3599999999999999,5.42,463.6168035563229,464.4203824168854,461.2457282024003,462.376708984375,4621200,0.02,0.29,0.69,0.38999999999999996,2.52,16.299999237060547,-5.45,1
2025-10-09,669.7166839203261,670.1243359074817,665.4211353124821,667.3600463867188,66501900,-0.29,0.06,0.7000000000000001,0.29,2.34,609.9241018375851,610.0537759298148,605.9342796270852,609.1461181640625,45551000,-0.12,0.01,0.6799999999999999,0.8200000000000001,4.68,462.4759428452785,463.0810944905149,458.94412549611627,459.82708740234375,5411000,-0.5499999999999999,0.02,0.89,-0.35000000000000003,0.63,16.43000030517578,0.8,-1
2025-10-10,668.324542434099,670.1342452495495,649.14378031214,649.32275390625,159422600,-2.7,0.13999999999999999,3.15,-2.42,-0.38999999999999996,609.8443624637231,611.6198017284072,587.5511938507611,588.0000610351562,97614800,-3.47,0.11,3.95,-2.27,0.6,461.43424841816903,462.80331773920204,451.11666711107273,451.2654724121094,9309100,-1.8599999999999999,0.35000000000000003,2.54,-2.7,-0.69,21.65999984741211,31.830000000000002,-1
2025-10-13,656.9095884512618,661.3642043859337,656.0345659370097,659.2860107421875,79560500,1.53,1.17,0.8200000000000001,-1.28,0.6,598.1541220292103,601.415821078074,595.7103438165695,600.4782104492188,65872600,2.12,1.73,0.97,-0.9400000000000001,1.8599999999999999,454.59885168439513,457.90245039155525,454.4301854967471,457.0294189453125,6272500,1.28,0.74,0.77,-1.32,0.42,19.030000686645508,-12.139999999999999,1
2025-10-14,653.4492417720955,662.0602448848334,649.4718888267987,658.4805908203125,88779600,-0.12,-0.89,1.91,-1.03,0.62,593.7952358040048,601.1564623206032,588.6284235801336,596.4783935546875,69203200,-0.67,-1.11,2.09,-1.08,1.27,453.408352296645,461.5334546360578,450.95792412641333,459.0433349609375,7827400,0.44,-0.79,2.31,-0.7000000000000001,1.1400000000000001,20.809999465942383,9.35,-1
2025-10-15,663.0446129876665,666.4352795829697,655.1992699391986,661.4039306640625,81702600,0.44,0.69,1.71,-1.18,1.1900000000000002,602.4731063786636,605.1562641092269,594.4136488911962,600.6876220703125,62805500,0.7100000000000001,1.01,1.7999999999999998,-1.51,2.19,460.9878251157653,463.23982603730104,456.6028372358649,459.0433349609375,6187100,0.0,0.42,1.4500000000000002,-0.72,0.6,20.639999389648438,-0.8200000000000001,1
2025-10-16,663.0445999065358,664.9239136533134,653.3895542222015,656.8995971679688,110563300,-0.6799999999999999,0.25,1.7399999999999998,-1.5699999999999998,0.03,603.5702851791965,606.7621549667239,593.9847524006545,598.4633178710938,70982000,-0.37,0.48,2.13,-1.7500000000000002,0.8999999999999999,459.6981411937414,460.59100332477976,454.2119634385254,455.9183349609375,8149500,-0.6799999999999999,0.13999999999999999,1.39,-0.8500000000000001,-0.38,25.309999465942383,22.63,-1
2025-10-17,655.7660892614911,661.9906565438909,654.4138037793879,660.62841796875,96500900,0.5700000000000001,-0.16999999999999998,1.15,1.7399999999999998,0.1,596.4285459627954,603.9693073296388,594.8525491800316,602.393310546875,72024900,0.66,-0.33999999999999997,1.52,2.45,0.88,455.81407988522915,459.5951610471955,455.4369893773423,458.2752685546875,8439900,0.52,-0.02,0.91,1.55,-0.22,20.780000686645508,-17.9,1
2025-10-20,663.5418206897375,668.4041493887289,663.4921159142255,667.499267578125,60493400,1.04,0.44,0.74,1.25,0.67,605.5951192469275,611.2406903321764,605.5252900595317,609.98388671875,45761700,1.26,0.53,0.95,1.58,1.55,459.9326425562553,463.9816639314838,459.9127749639195,463.47552490234375,4556600,1.13,0.36,0.89,1.41,0.76,18.229999542236328,-12.27,1
2025-10-21,667.638493864759,669.1797060532549,666.1867381348511,667.4893188476562,56249000,-0.0,0.02,0.44999999999999996,1.37,1.22,610.0837500489531,611.1609582497778,607.7696457807522,609.8244018554688,44538200,-0.03,0.02,0.5599999999999999,2.2399999999999998,2.1999999999999997,463.5251067759539,467.67337474645376,463.3663174865523,465.6587829589844,5951600,0.47000000000000003,0.01,0.9299999999999999,1.44,1.41,17.8700008392334,-1.97,0
2025-10-22,668.1953369980629,668.1953369980629,659.5445816579371,664.0191040039062,80564000,-0.52,0.11,1.3,0.4,1.01,609.2657958565487,609.8542605281881,598.2139715066553,603.9493408203125,61478800,-0.96,-0.09,1.91,0.54,1.58,465.6489253689611,465.6786964727235,460.9548430552846,462.2449645996094,7604700,-0.73,-0.0,1.01,0.7000000000000001,1.0699999999999998,18.600000381469727,4.09,-1
2025-10-23,664.3372592841532,668.9012985038863,664.019063764971,667.9566650390625,65604500,0.59,0.05,0.74,1.68,2.08,603.3708114071275,609.8143961922938,602.9818500103868,609.0264282226562,42844300,0.84,-0.1,1.13,1.77,2.87,462.0166849333657,464.418331610829,461.33191928212864,463.7434997558594,5144200,0.32,-0.05,0.67,1.72,1.7500000000000002,17.299999237060547,-6.99,1
2025-10-24,672.6300829996666,674.628651928334,671.8246714345047,673.4155883789062,74356500,0.8200000000000001,0.7000000000000001,0.42,1.94,2.33,614.4226241256162,616.8464337655934,613.5648269782704,615.52978515625,47632500,1.0699999999999998,0.89,0.54,2.18,3.55,466.45271747044,469.6482801162053,465.71834347828246,468.6260986328125,7228900,1.05,0.58,0.8500000000000001,2.26,2.18,16.3700008392334,-5.38,1
2025-10-27,678.8645527756448,681.658640907831,678.2580209918731,681.3603515625,63339800,1.18,0.8099999999999999,0.5,2.08,3.25,622.930958710038,626.9506729134798,622.4422152319877,626.4918823242188,54098600,1.78,1.2,0.73,2.71,4.9,471.15679104396173,472.0102494866537,470.1147419084861,471.7423095703125,4720200,0.66,0.54,0.4,1.78,2.69,15.789999961853027,-3.54,1
2025-10-28,683.1600908523567,685.0095454543999,680.9526890414517,683.1700439453125,61738100,0.27,0.26,0.6,2.35,3.1300000000000003,628.7560864561588,633.0651018787079,627.648925370604,631.3095703125,61195700,0.77,0.36,0.86,3.52,5.42,475.1661272459609,475.77151338941974,473.20117387222484,473.5286560058594,9435500,0.38,0.73,0.54,1.69,2.93,16.420000076293945,3.9899999999999998,1
2025-10-29,684.8206562449755,685.795149064121,679.0038013689816,683.4982299804688,85657100,0.05,0.24,0.9900000000000001,2.93,2.83,633.9728090539653,635.3891789092543,628.6463695521778,634.15234375,67422800,0.44999999999999996,0.42,1.0699999999999998,5.0,5.390000000000001,475.01724166620903,476.74405639215576,470.88881068303874,472.7545471191406,10006500,-0.16,0.31,1.24,2.27,2.64,16.920000076293945,3.05,1
2025-10-30,680.0279821977349,682.0564104652303,675.9810180664062,675.9810180664062,76335800,-1.0999999999999999,-0.51,0.89,1.2,1.59,630.5614543099158,631.8880872300178,624.3473257513068,624.45703125,61628600,-1.53,-0.5700000000000001,1.1900000000000002,2.53,3.35,470.50177960508745,476.5058504478103,470.3132192050451,471.4048767089844,9338300,-0.29,-0.48,1.31,1.6500000000000001,2.16,16.90999984741211,-0.06,-1
2025-10-31,681.1614116072222,681.2012239761448,675.3942622450203,678.1983032226562,87164100,0.33,0.77,0.86,0.7100000000000001,1.92,632.5563592252307,632.5863121135939,625.0954113092228,627.4693603515625,66305100,0.48,1.3,1.2,1.94,4.29,472.2484056040696,473.5385573153094,469.8269520542502,472.05987548828125,7990900,0.13999999999999999,0.18,0.79,0.73,1.78,17.440000534057617,3.1300000000000003,1
2025-11-03,681.7878948104295,681.9171636388411,676.0903560257897,679.4711303710938,57315000,0.19,0.53,0.86,-0.27999999999999997,1.7500000000000002,633.4939381480045,634.2021534587442,628.2473125587718,630.4716796875,37154300,0.48,0.96,0.95,0.64,4.01,472.5461735039197,472.68509522115784,467.7230428661763,469.8765869140625,4858700,-0.45999999999999996,0.1,1.05,-0.4,1.4500000000000002,17.170000076293945,-1.55,1
2025-11-04,672.2820616639051,676.1103005794487,670.7607556049009,671.4169921875,78427000,-1.1900000000000002,-1.06,0.79,-1.72,0.91,621.6941527131348,625.354797701833,616.8864094378021,617.6743774414062,63830800,-2.03,-1.39,1.34,-2.16,2.44,466.84968171075803,469.12227956517376,465.2419515326929,467.3260192871094,6013300,-0.54,-0.64,0.83,-1.31,1.09,19.0,10.66,-1
2025-11-05,671.1583975728993,677.0051112074705,670.3529860359731,673.7437133789062,74402400,0.35000000000000003,-0.04,0.9900000000000001,-1.43,0.66,616.9163015661201,625.0056518350635,615.6395900613109,621.6941528320312,48688500,0.65,-0.12,1.52,-1.96,1.94,467.2268214237704,470.9582943567898,466.8298633063342,469.519287109375,7030200,0.47000000000000003,-0.02,0.88,-0.6799999999999999,1.54,18.010000228881836,-5.21,1
2025-11-06,672.6399897028363,673.5448715272548,664.9338680034818,666.514892578125,85035300,-1.0699999999999998,-0.16,1.28,-1.4000000000000001,-0.13,620.2078932237561,620.4572571227977,608.7471381645778,610.1136474609375,72115100,-1.8599999999999999,-0.24,1.8800000000000001,-2.3,0.16,468.5070547847232,469.8468149753772,464.2992440866942,465.7183837890625,7125200,-0.8099999999999999,-0.22,1.18,-1.21,1.28,19.5,8.27,-1
2025-11-07,664.1284090392404,667.2805048704689,657.4663915648358,667.1710815429688,100592400,0.1,-0.36,1.47,-1.63,2.75,606.7621834660789,608.3980251800011,597.1466973484642,608.1885375976562,81835400,-0.32,-0.5499999999999999,1.8399999999999999,-3.0700000000000003,3.4299999999999997,464.725950175031,466.3832889019295,461.33189321347305,466.2939453125,8604400,0.12,-0.21,1.08,-1.22,3.3300000000000005,19.079999923706055,-2.15,1
2025-11-10,673.4056154266486,678.3176487268574,671.2081667723378,677.5818481445312,75842900,1.5599999999999998,0.9299999999999999,1.0699999999999998,-0.27999999999999997,2.78,617.3451949289606,622.7214951546598,615.3203917446493,621.6442260742188,55919900,2.21,1.51,1.22,-1.4000000000000001,3.52,468.31846615875,470.60102827204526,465.8870788271931,470.2239074707031,5636600,0.84,0.43,1.01,0.06999999999999999,2.8899999999999997,17.600000381469727,-7.76,1
2025-11-11,676.1002762110339,679.6997756663966,674.8871520395073,679.1329956054688,58953400,0.22999999999999998,-0.22,0.7100000000000001,1.15,3.1399999999999997,618.9910087880348,621.1355017301039,615.9487814833327,619.9884643554688,44868800,-0.27,-0.43,0.83,0.37,3.94,470.66057675535114,476.21805089363187,470.4025403539443,475.771484375,4839100,1.18,0.09,1.24,1.81,3.64,17.280000686645508,-1.82,1
2025-11-12,680.9129156193362,681.0819968300743,677.0946904605516,679.5109252929688,62312500,0.06,0.26,0.59,0.86,2.74,623.2501373408774,623.2700450530867,616.2379957742788,619.4996948242188,47444400,-0.08,0.53,1.13,-0.35000000000000003,3.1300000000000003,476.84327827466944,480.7236066939914,476.84327827466944,479.0960693359375,7066900,0.7000000000000001,0.22999999999999998,0.8200000000000001,2.04,4.37,17.510000228881836,1.3299999999999998,1
2025-11-13,676.6472315164618,677.0051787486752,666.7237544337754,668.235107421875,103457800,-1.66,-0.42,1.51,0.26,1.73,615.9686873362173,616.5472286099415,604.5378855310528,606.8519897460938,71333600,-2.04,-0.5700000000000001,1.94,-0.53,1.4000000000000001,477.74635872924756,478.74870292103435,470.6208593523308,471.13690185546875,8722300,-1.66,-0.27999999999999997,1.7000000000000002,1.16,3.34,20.0,14.219999999999999,-1
2025-11-14,661.612768198211,671.8345335183507,659.5147291242073,668.1256713867188,96846700,-0.02,-0.9900000000000001,1.8399999999999999,0.13999999999999999,1.13,598.0244819828539,611.7893568378086,595.6505328274214,607.310791015625,80087300,0.08,-1.4500000000000002,2.6599999999999997,-0.13999999999999999,0.8200000000000001,467.8024428523133,470.45216179415837,465.31148293084937,468.21923828125,10940200,-0.62,-0.7100000000000001,1.09,0.41000000000000003,2.17,19.829999923706055,-0.8500000000000001,-1
2025-11-17,665.9083353081996,669.8956413839408,658.4209391867944,661.901123046875,90456100,-0.9299999999999999,-0.33,1.72,-2.31,-0.84,604.7573208445992,610.9215891749508,598.3436886131177,602.1240234375,63850400,-0.8500000000000001,-0.42,2.07,-3.1399999999999997,-1.29,467.2962779376387,468.77495973496497,461.0143334619055,462.78082275390625,7599500,-1.16,-0.2,1.66,-1.58,-0.15,22.3799991607666,12.86,-1
2025-11-18,658.3512953245886,661.354216097308,652.146634691611,656.3427734375,114467500,-0.84,-0.54,1.39,-3.36,-1.67,598.0943000892208,600.7774579901122,589.8353996813287,594.792724609375,83327300,-1.22,-0.67,1.82,-4.06,-2.46,458.66237276799524,460.5777177587561,456.04239451840255,457.7989501953125,12817500,-1.08,-0.89,0.98,-3.7800000000000002,-1.69,24.690000534057617,10.32,-1
2025-11-19,657.0388554539629,663.5617119214406,655.0203196831769,658.8783569335938,94703000,0.38999999999999996,0.11,1.3,-3.04,-0.77,595.5508254465173,604.6176628042144,593.077155027408,598.3436889648438,73111500,0.6,0.13,1.94,-3.42,-0.9299999999999999,458.00729902994397,459.8829387965093,455.93316508388745,458.2554016113281,5833400,0.1,0.05,0.86,-4.35,-0.86,23.65999984741211,-4.17,1
2025-11-20,669.1001291109939,671.7351497651099,648.1991802397498,648.8355712890625,165293500,-1.52,1.55,3.5700000000000003,-2.9000000000000004,-2.86,610.0637948039835,612.4676969147798,583.262167456246,584.1798095703125,117743200,-2.37,1.96,4.88,-3.74,-4.08,463.0983925569843,465.47023760775977,454.23614487885294,454.6231994628906,13414200,-0.79,1.06,2.45,-3.51,-1.97,26.420000076293945,11.67,-1
2025-11-21,651.3412595795126,660.7874729698119,647.1650267848305,655.2987670898438,123956200,1.0,0.38999999999999996,2.1,-1.92,-2.69,585.9751825584982,595.4609945768989,579.2623261905873,588.568603515625,103344200,0.75,0.31,2.77,-3.09,-4.38,456.6264494591538,462.86663201535407,454.947161910633,459.6372375488281,11821400,1.0999999999999999,0.44,1.7399999999999998,-1.83,-1.92,23.43000030517578,-11.32,1
2025-11-24,658.9380055466532,666.2662734630499,657.8442577670318,664.9437866210938,80437900,1.47,0.5599999999999999,1.29,0.45999999999999996,-2.41,593.7653733267485,605.1363301511908,593.6456226504143,603.6201782226562,60168100,2.56,0.88,1.95,0.25,-3.65,460.8097336381324,462.9162875686236,458.08711548163984,461.495361328125,6206800,0.4,0.26,1.05,-0.27999999999999997,-2.17,20.520000457763672,-12.42,1
2025-11-25,664.8444060411854,672.3815071629971,660.717877921785,671.1982421875,81077100,0.9400000000000001,-0.01,1.7500000000000002,2.26,-1.7500000000000002,601.9743827443708,608.7072074163303,595.8001307211132,607.3406982421875,57560900,0.62,-0.27,2.1399999999999997,2.11,-3.8,462.6281258934151,468.90806323686047,460.5116559479518,468.192626953125,7203600,1.4500000000000002,0.25,1.82,2.27,-1.13,18.559999465942383,-9.55,1
2025-11-26,673.7934667684052,677.8404309302599,672.8885849296569,675.8318481445312,71879600,0.69,0.38999999999999996,0.74,2.5700000000000003,-1.1199999999999999,610.9514997668095,614.6221288317284,608.8368989020178,612.70703125,42393600,0.88,0.59,0.95,2.4,-3.38,469.2061971840851,472.77343243622636,468.9378896149449,471.3425598144531,5689100,0.67,0.22,0.8200000000000001,2.86,-0.3,17.190000534057617,-7.380000000000001,1
2025-11-28,677.0051081523229,679.7991961322198,676.6471609574353,679.5208129882812,49212000,0.5499999999999999,0.16999999999999998,0.47000000000000003,4.73,0.52,614.5423522607352,617.7442066386661,613.8541054647261,617.6743774414062,23034400,0.8099999999999999,0.3,0.63,5.7299999999999995,-1.09,471.809579349932,474.5818685103965,471.809579349932,474.15460205078125,2281800,0.6,0.1,0.59,4.3,0.58,16.350000381469727,-4.89,1
2025-12-01,674.9667014318244,679.1230277654502,674.8970904760725,676.41845703125,61201200,-0.45999999999999996,-0.67,0.62,3.2199999999999998,-0.26,612.0686387329198,617.8638528985133,610.961477711232,615.599609375,40957600,-0.33999999999999997,-0.91,1.1199999999999999,4.590000000000001,-1.8900000000000001,471.3326139365051,473.92608193733855,469.9514425008551,470.319091796875,4413900,-0.8099999999999999,-0.6,0.84,2.32,-0.37,17.239999771118164,5.4399999999999995,-1
2025-12-02,678.0591325179204,679.9483994968172,675.4838303983408,677.67138671875,62953800,0.19,0.24,0.66,1.91,-0.26,617.8838431924653,622.1629056286581,616.018606165418,620.4173583984375,54541800,0.7799999999999999,0.37,1.0,2.78,-1.59,471.2034041547278,473.43913869944913,470.12031861417586,472.24676513671875,5233500,0.41000000000000003,0.19,0.7100000000000001,2.33,0.5,16.59000015258789,-3.7699999999999996,1
2025-12-03,676.7167950740063,681.0321891246488,675.8417725523884,680.0180053710938,57238500,0.35000000000000003,-0.13999999999999999,0.77,1.31,1.28,618.0434315384043,622.6317029281745,616.4575112334458,621.9335327148438,47841600,0.24,-0.38,1.0,2.4,0.69,471.8194739721492,477.1355600174528,471.6605150878393,476.3704528808594,5994200,0.8699999999999999,-0.09,1.16,1.7500000000000002,1.94,16.079999923706055,-3.0700000000000003,1
2025-12-04,681.4199577792665,681.4895687361658,677.4824173401821,680.51513671875,61970300,0.06999999999999999,0.21,0.59,0.69,1.01,623.339907329069,623.3498916256304,617.9636071501104,621.35498046875,47067800,-0.09,0.22999999999999998,0.8699999999999999,1.41,-0.05,476.66854981536477,478.17893216836563,474.4725700760203,476.0326232910156,4003800,-0.06999999999999999,0.06,0.7799999999999999,1.0,1.39,15.779999732971191,-1.87,1
2025-12-05,681.5890143183475,684.4925257185774,680.7040993957534,681.8078002929688,79241000,0.19,0.16,0.5599999999999999,0.33999999999999997,2.29,622.7913119974152,627.3197383563271,622.1230338136666,623.8884887695312,53614200,0.41000000000000003,0.22999999999999998,0.84,1.01,2.26,476.4400409542654,478.87448941867393,476.2512431547934,476.9865417480469,4596600,0.2,0.09,0.5499999999999999,0.6,2.42,15.40999984741211,-2.34,1
2025-12-08,682.7027235077143,682.7524282821314,677.7111260885928,679.7594604492188,55231500,-0.3,0.13,0.74,0.49,1.8900000000000001,625.6141268554061,627.2399842967836,620.10815265492,622.6915893554688,43462400,-0.19,0.27999999999999997,1.1400000000000001,1.15,2.3800000000000003,477.44356840275145,477.47337698258934,473.81671634338653,475.118408203125,4427600,-0.38999999999999996,0.1,0.77,1.02,1.8900000000000001,16.65999984741211,8.110000000000001,-1
2025-12-09,679.2822138612034,681.5095218770947,678.7253868572307,679.1727905273438,58310100,-0.09,-0.06999999999999999,0.41000000000000003,0.22,0.22999999999999998,621.4248072711308,624.2775156033157,619.4199118254116,623.4595947265625,37156000,0.12,-0.2,0.7799999999999999,0.49,0.29,475.0389466635394,477.2349263252456,473.0714893478378,473.3994140625,4266900,-0.36,-0.02,0.88,0.24,0.6799999999999999,16.93000030517578,1.6199999999999999,-1
2025-12-10,678.6955405173951,685.0692222502689,677.4526176554032,683.6771850585938,85671300,0.66,-0.06999999999999999,1.1199999999999999,0.54,0.67,622.2626189242517,627.6090269272694,619.4099106697121,626.0130615234375,55031400,0.41000000000000003,-0.19,1.32,0.66,0.97,473.1112513048637,479.68927441074953,472.34611384193795,478.29815673828125,5476200,1.03,-0.06,1.55,0.4,0.53,15.770000457763672,-6.8500000000000005,1
2025-12-11,681.2609148661827,685.3476304583654,678.3076987410943,685.26806640625,86173700,0.22999999999999998,-0.35000000000000003,1.03,0.7000000000000001,0.8500000000000001,622.2327496814814,624.1877845427603,616.148234091509,623.98828125,58272800,-0.32,-0.6,1.28,0.42,0.72,479.1427905973012,485.2836011771097,478.90429161351705,484.7768249511719,6972300,1.35,0.18,1.3299999999999998,1.8399999999999999,1.1900000000000002,14.850000381469727,-5.83,1
2025-12-12,684.2737672143002,684.9797692517327,675.3247225627367,677.9000854492188,113160300,-1.08,-0.15,1.41,-0.5700000000000001,1.4500000000000002,620.4972123256402,621.953458575216,609.8044563667469,612.0587158203125,75158700,-1.91,-0.5599999999999999,1.95,-1.9,0.86,485.6015441824926,486.5554490757678,481.1002666146102,482.32244873046875,7089900,-0.51,0.16999999999999998,1.13,1.1199999999999999,2.37,15.739999771118164,5.99,-1
2025-12-15,681.8574988128718,681.8774049984522,675.4042533093998,676.8758544921875,90811000,-0.15,0.58,0.95,-0.42,1.31,616.7966055109866,616.8464661142882,607.7696446385382,608.9865112304688,49538200,-0.5,0.77,1.48,-2.1999999999999997,0.27999999999999997,484.4886265114302,484.6376997390319,480.64316798038317,482.09393310546875,4891300,-0.05,0.44999999999999996,0.83,1.47,2.96,16.5,4.83,-1
2025-12-16,675.3843754405706,677.2239376857725,671.1584377196804,675.0264282226562,122030600,-0.27,-0.22,0.8999999999999999,-0.61,1.9800000000000002,606.7123103516171,611.9489518835392,605.3657088583533,610.1934204101562,55152800,0.2,-0.37,1.08,-2.13,1.34,481.388420727793,482.40197313649685,477.2846008805363,478.9241638183594,5373200,-0.66,-0.15,1.06,1.17,3.49,16.479999542236328,-0.12,-1
2025-12-17,676.0406154817738,676.5874893555698,667.3998140691156,667.5986938476562,110625200,-1.0999999999999999,0.15,1.3599999999999999,-2.35,1.71,611.5001003103562,612.0886258751325,598.7526499708691,598.8822631835938,70654300,-1.8499999999999999,0.21,2.19,-4.33,0.69,479.7488908220807,481.7163481641196,476.4499329724727,476.7579650878906,6381600,-0.44999999999999996,0.16999999999999998,1.0999999999999999,-0.32,4.14,17.6200008392334,6.92,-1
2025-12-18,673.7635606688432,676.8857972779194,671.0788959983324,672.6399536132812,108650100,0.76,0.9199999999999999,0.8699999999999999,-1.8399999999999999,2.09,608.2484274799762,611.3704684542074,605.3757504118026,607.5601806640625,78875800,1.4500000000000002,1.5599999999999998,1.0,-2.63,1.54,479.12292655691357,481.55740545807834,476.37049953190143,477.4635314941406,6422800,0.15,0.5,1.09,-1.51,4.19,16.8700008392334,-4.26,1
2025-12-19,674.747283458469,679.2350273728672,674.6275542880097,678.7363891601562,103599500,0.91,0.31,0.6799999999999999,0.12,4.61,610.392920608793,616.0484763883416,610.3131071204459,615.4799194335938,60369800,1.3,0.47000000000000003,0.9400000000000001,0.5599999999999999,5.36,478.6126566871381,480.7835444918783,478.423447802401,479.14044189453125,6439100,0.35000000000000003,0.24,0.49,-0.66,5.390000000000001,14.90999984741211,-11.62,1
2025-12-22,682.0772531068674,683.4933686131409,678.7364013691785,682.96484375,69556700,0.62,0.49,0.7000000000000001,0.8999999999999999,4.22,620.5674955378034,620.8671665076671,616.9920478025754,618.4302368164062,43703100,0.48,0.83,0.63,1.55,5.07,479.8474723028272,482.40674585907897,479.8474723028272,481.4407958984375,4162000,0.48,0.15,0.53,-0.13999999999999999,4.74,14.079999923706055,-5.57,1
2025-12-23,682.0572680421344,686.325640311278,682.0074163952171,686.0863037109375,64840000,0.45999999999999996,-0.13,0.63,1.6400000000000001,3.18,617.42148892244,621.6261480926279,617.0020349130734,621.3265380859375,41120400,0.47000000000000003,-0.16,0.75,1.82,2.93,480.1661547310547,483.09387817174746,480.1661547310547,482.2076110839844,3677800,0.16,-0.26,0.61,0.69,4.49,14.0,-0.5700000000000001,1
2025-12-24,686.0763204450832,688.9484813838191,685.9267046355759,688.4996948242188,39445600,0.35000000000000003,-0.0,0.44,3.1300000000000003,2.58,621.2067276835874,623.4938829346665,620.9370481838333,623.144287109375,18468700,0.29,-0.02,0.41000000000000003,4.05,2.6,482.16775327490615,485.53364136054694,481.57025313358844,484.9759826660156,1544000,0.5700000000000001,-0.01,0.8200000000000001,1.72,3.58,13.470000267028809,-3.7900000000000005,1
2025-12-26,688.758988861415,689.7761694005526,687.392725060237,688.4298706054688,41613300,-0.01,0.04,0.35000000000000003,2.35,1.8599999999999999,623.873297918951,624.7322611929134,622.3552536061636,623.1043090820312,28959800,-0.01,0.12,0.38,2.56,1.7000000000000002,484.80670175118695,485.58344285381895,483.7013522701848,484.99591064453125,2711500,0.0,-0.03,0.38999999999999996,1.58,2.9000000000000004,13.600000381469727,0.97,-1
2025-12-29,685.6674092439482,687.322922191004,684.2014421207446,685.9765625,62559500,-0.36,-0.4,0.44999999999999996,1.0699999999999998,0.95,619.3190849184411,621.995763643064,617.9508150333834,620.088134765625,32458300,-0.48,-0.61,0.65,0.75,0.38999999999999996,483.8606592450436,484.87638819953776,481.72958252527155,482.5660705566406,3390100,-0.5,-0.22999999999999998,0.65,0.7100000000000001,1.77,14.199999809265137,4.41,-1
2025-12-30,685.5777200962995,686.6846823672308,684.7100944386586,685.138916015625,47160700,-0.12,-0.06,0.29,0.32,1.29,619.0594201394988,621.3964390816567,618.4401448660525,618.64990234375,31226800,-0.22999999999999998,-0.16999999999999998,0.48,0.04,0.5,482.59594838767237,482.64575779351264,480.8034783600501,481.57025146484375,3042700,-0.21,0.01,0.38,0.03,2.39,14.329999923706055,0.9199999999999999,-1
2025-12-31,685.2685588951464,685.4879304984822,679.8533550408816,680.062744140625,74144800,-0.74,0.02,0.8200000000000001,-0.88,0.35000000000000003,618.8696789386981,619.1792861072609,613.2766946262738,613.536376953125,40746500,-0.83,0.04,0.95,-1.25,-1.11,481.6299889598614,481.7893243531991,478.3537214127399,478.5628662109375,3441900,-0.62,0.01,0.7100000000000001,-0.76,1.34,14.949999809265137,4.33,-1
2026-01-02,683.842447277036,684.999261161205,677.9684744567207,681.309326171875,89377200,0.18,0.5599999999999999,1.03,-1.04,0.19,619.2791633693975,622.0656280105537,609.381669736326,612.347900390625,61859200,-0.19,0.9400000000000001,2.07,-1.73,-1.54,479.83754286911176,481.928778224424,476.3820342286547,481.610107421875,7021100,0.64,0.27,1.16,-0.69,1.0999999999999999,14.510000228881836,-2.94,1
2026-01-05,684.6701449336617,687.5522884526621,684.5106074856512,685.846923828125,71927200,0.67,0.49,0.44999999999999996,-0.38,0.7799999999999999,618.5400731036631,620.0281869343077,615.9433108116908,617.2117309570312,46828400,0.79,1.01,0.67,-0.95,-0.67,482.3868273168708,489.98496488629945,482.22749192259624,487.72442626953125,7574400,1.27,0.16,1.6099999999999999,0.5599999999999999,2.46,14.899999618530273,2.69,1
2026-01-06,686.0563439630641,690.4344019511112,685.9067890249802,689.92578125,69273800,0.59,0.03,0.66,0.58,1.1900000000000002,618.4501618747352,623.2341686687002,617.7610283782293,622.6348876953125,43137500,0.88,0.2,0.89,0.41000000000000003,-0.2,487.28630358395554,493.0521302019771,486.9178537485769,492.54425048828125,6061400,0.9900000000000001,-0.09,1.26,2.07,3.26,14.75,-1.01,1
2026-01-07,690.3047811958188,692.0699799720542,687.4426026835383,687.701904296875,75588300,-0.32,0.05,0.67,0.37,1.17,622.2553845556755,627.1492383750701,621.7760085257346,623.2341918945312,44880300,0.1,-0.06,0.86,0.74,0.09,493.5798729553669,494.1773730864928,487.4555649890947,487.91363525390625,5603700,-0.9400000000000001,0.21,1.3599999999999999,1.32,2.69,15.380000114440918,4.2700000000000005,-1
2026-01-08,686.9439569075789,688.7390423054183,685.6175622141362,687.632080078125,64019200,-0.01,-0.11,0.44999999999999996,1.11,1.25,622.2454332860368,622.6348958217857,617.0219780933957,619.6885986328125,50435900,-0.5700000000000001,-0.16,0.8999999999999999,1.0,-0.6,485.77261270398014,491.4587558366196,485.77261270398014,490.472900390625,6544800,0.52,-0.44,1.17,2.4899999999999998,3.61,15.449999809265137,0.45999999999999996,-1
2026-01-09,688.7489932725086,693.4162394407576,687.3029303433501,692.1796264648438,80125500,0.66,0.16,0.89,1.6,1.24,620.6273877403378,627.0992684709724,618.280371644388,625.86083984375,49688700,1.0,0.15,1.4200000000000002,2.21,-0.02,490.8015323436457,493.6296976928105,489.85551829758873,492.9525146484375,6004600,0.51,0.06999999999999999,0.77,2.36,3.06,14.489999771118164,-6.21,1
2026-01-12,688.7988836287034,694.1941832506386,688.7490319805348,693.2666625976562,63976000,0.16,-0.49,0.79,1.08,1.17,621.5263228144307,628.0580650499223,621.4763979710708,626.3801879882812,37388700,0.08,-0.69,1.05,1.49,0.38,490.2737603063169,494.2670221840787,488.00328398858886,493.828857421875,5722400,0.18,-0.54,1.27,1.25,1.87,15.119999885559082,4.35,1
2026-01-13,693.595779418591,694.194181802135,689.467040360938,691.8804931640625,78309700,-0.2,0.05,0.6799999999999999,0.27999999999999997,2.06,626.4800871429724,628.6772678768714,622.9145755930199,625.4513549804688,44481400,-0.15,0.02,0.9199999999999999,0.44999999999999996,2.19,493.4803146793085,493.8886059540162,488.58088016305726,489.8854064941406,5966400,-0.8,-0.06999999999999999,1.0699999999999998,-0.54,1.5699999999999998,15.979999542236328,5.6899999999999995,-1
2026-01-14,689.1180078469732,689.8360176539858,684.1714948792828,688.479736328125,94676700,-0.49,-0.4,0.8200000000000001,0.11,1.71,621.4563902550666,622.6648884214621,613.7860691564842,618.769775390625,72598700,-1.0699999999999998,-0.64,1.4200000000000002,-0.72,1.6099999999999999,488.61074541618467,489.8853982369081,486.50954210031233,489.5268859863281,6767800,-0.06999999999999999,-0.26,0.69,0.33,1.54,16.75,4.82,-1
2026-01-15,692.678285342935,693.5558934557131,689.3673203481677,690.3546142578125,77862000,0.27,0.61,0.61,0.4,2.27,625.8108857116995,629.206628407055,619.9682771169513,620.9970092773438,53934900,0.36,1.1400000000000001,1.49,0.21,1.77,490.31359162062864,493.75913227936087,490.1542562203823,492.414794921875,8519900,0.59,0.16,0.74,0.4,2.82,15.84000015258789,-5.43,1
2026-01-16,691.7707369284135,692.359156800422,688.22043529661,689.7761840820312,79289200,-0.08,0.21,0.6,-0.35000000000000003,3.32,624.7123119754499,625.2915986535979,618.1006533744517,620.4776611328125,61058100,-0.08,0.6,1.16,-0.86,3.61,492.6130358581843,494.10731200335573,490.3915343779574,491.53717041015625,5845500,-0.18,0.04,0.75,-0.29,3.1,15.859999656677246,0.13,-1
2026-01-20,679.6338820353151,682.9049778344743,674.7272992054969,675.7345581054688,111623300,-2.04,-1.47,1.1900000000000002,-2.53,0.45999999999999996,609.7611716460692,614.2854351912486,606.2855126563834,607.2942504882812,81988900,-2.12,-1.73,1.29,-3.05,-0.04,484.3148100501744,487.19376612876283,482.402123309191,483.02972412109375,7416300,-1.73,-1.47,0.97,-2.19,1.17,20.09000015258789,26.669999999999998,-1
2026-01-21,677.7989248999835,686.8641332264262,676.2830453044572,683.5332641601562,127844500,1.15,0.31,1.5699999999999998,-1.21,0.7100000000000001,608.7024240227943,619.6386461402016,607.0944662344775,615.50390625,79837900,1.35,0.22999999999999998,2.07,-1.59,0.0,483.8167253374334,491.02908819662713,483.7071292823525,488.9271240234375,6718600,1.22,0.16,1.52,-0.2,2.04,16.899999618530273,-15.879999999999999,1
2026-01-22,687.9711412752974,689.2476843606095,685.0491285530771,687.103515625,77112200,0.52,0.65,0.61,-0.2,0.61,621.5662350217955,621.6761428244047,617.0020437780021,619.978271484375,42254800,0.73,0.98,0.76,0.2,0.25,491.58696011210844,494.1172761924541,490.58080446102747,491.8061218261719,5087200,0.59,0.54,0.72,0.47000000000000003,2.15,15.640000343322754,-7.46,1
2026-01-23,686.2757685331861,689.0781127396581,685.2884137823622,687.352783203125,63059600,0.04,-0.12,0.5499999999999999,-0.43,0.18,618.949566020391,624.612469784726,617.8709699342951,621.935791015625,43645800,0.32,-0.16999999999999998,1.09,0.15,0.1,489.9432284713527,490.2520430832307,487.6918428740662,489.0566101074219,4915700,-0.5599999999999999,-0.38,0.52,-0.6799999999999999,1.4200000000000002,16.09000015258789,2.88,1
2026-01-26,688.609372319757,692.2394730275811,688.0409174669724,690.84326171875,60473800,0.51,0.18,0.61,0.15,0.33999999999999997,622.425196766994,626.81961915323,621.3365426117721,624.67236328125,35983000,0.44,0.08,0.88,0.6799999999999999,0.25,490.0328930190414,492.96167651829904,489.5945696109128,492.1746826171875,3722800,0.64,0.2,0.69,0.13,1.48,16.149999618530273,0.37,1
2026-01-27,692.2893344912051,694.6329705879123,691.6810104865692,693.5957641601562,55506100,0.4,0.21,0.43,2.64,0.75,628.1179690883873,631.2440322678261,626.5499998769385,630.335205078125,38997200,0.91,0.5499999999999999,0.75,3.7900000000000005,1.16,488.8175422068828,489.71410175016234,486.69566536707623,488.18994140625,5971400,-0.8099999999999999,-0.6799999999999999,0.61,1.0699999999999998,0.66,16.350000381469727,1.24,1
2026-01-28,695.1515053497095,695.9393926651097,692.0499903412962,693.5259399414062,61172200,-0.01,0.22,0.5599999999999999,1.46,1.0999999999999999,634.6597767228699,635.7982947738302,631.014348844542,632.4225463867188,50691700,0.33,0.69,0.76,2.75,1.9900000000000002,488.4091261205767,489.5149062502511,487.0642715417295,488.25970458984375,4726500,0.01,0.04,0.5,-0.13999999999999999,1.18,16.350000381469727,0.0,-1
2026-01-29,694.4933553961189,695.1615135683285,682.9648421722587,692.1497192382812,97486200,-0.2,0.13999999999999999,1.76,0.73,1.02,631.8533057393616,632.8719797654484,617.4914101080947,628.6373291015625,79944000,-0.6,-0.09,2.4299999999999997,1.4000000000000001,1.6099999999999999,488.20984668315384,491.06892033136745,484.0358636465354,488.33935546875,9706500,0.02,-0.01,1.44,-0.7000000000000001,1.41,16.8799991607666,3.2399999999999998,-1
2026-01-30,689.9058246991844,692.3192774332931,685.2485609149509,690.0853271484375,101835100,-0.3,-0.32,1.02,0.4,1.47,624.9220440060533,627.4688205124429,618.5200822009824,621.0868530273438,65650700,-1.2,-0.59,1.4200000000000002,-0.13999999999999999,1.23,487.24356074115957,488.6083584115855,482.71093552398804,487.16387939453125,8112100,-0.24,-0.22,1.21,-0.38999999999999996,1.7999999999999998,17.440000534057617,3.32,-1
2026-02-02,687.7019133171445,695.0318708971434,687.5423149981101,693.5159912109375,79286500,0.5,-0.35000000000000003,1.09,0.38999999999999996,1.79,617.9208683974972,627.6985176699922,617.8808797571519,625.3515014648438,49020300,0.69,-0.51,1.58,0.11,2.12,487.0044623538086,492.9217976868227,485.12169042118927,492.144775390625,5584500,1.02,-0.03,1.6,-0.01,2.19,16.34000015258789,-6.3100000000000005,1
2026-02-03,694.3138377504575,695.0617950648859,682.1670182684101,687.6520385742188,107904600,-0.8500000000000001,0.12,1.8599999999999999,-0.86,0.26,627.5087242048245,629.1866011443993,610.1905958568021,615.7435913085938,81234000,-1.54,0.33999999999999997,3.04,-2.31,-0.24,491.258215750808,494.62529229423603,486.41674547162836,490.4313659667969,8799100,-0.35000000000000003,-0.18,1.67,0.45999999999999996,0.5599999999999999,18.0,10.16,-1
2026-02-04,688.4697490630058,689.5667896413613,679.9031787408285,684.3211059570312,105204600,-0.48,0.12,1.41,-1.3299999999999998,-0.8099999999999999,614.2455284678144,614.3253838343164,599.7138024298947,604.9871826171875,81850700,-1.7500000000000002,-0.24,2.37,-4.34,-2.83,492.0352411588344,494.605382640775,489.2359359990231,492.862060546875,8797100,0.5,0.33,1.09,0.9400000000000001,0.06,18.639999389648438,3.56,-1
2026-02-05,679.0854402743204,681.8279505601881,673.9494421186707,675.7744750976562,113610800,-1.25,-0.77,1.15,-2.37,-1.73,599.4541864003901,604.0483693053457,594.0110373128413,596.2781982421875,89354500,-1.44,-0.91,1.66,-5.1499999999999995,-4.33,490.63061066079655,491.55705452057873,486.3669441909248,487.0443420410156,7767500,-1.18,-0.44999999999999996,1.05,-0.27,-0.18,21.770000457763672,16.79,-1
2026-02-06,679.6039887472712,690.4244132010324,678.995603890688,688.739013671875,89127600,1.92,0.5700000000000001,1.69,-0.2,0.16,599.434154665902,610.6399955270392,598.0159600076653,608.8822631835938,78019300,2.11,0.53,2.12,-1.97,-1.7399999999999998,490.491145339036,499.7556754242384,490.2520708907631,499.11810302734375,10635300,2.48,0.7100000000000001,1.95,2.45,1.76,20.3700008392334,-6.43,1
2026-02-09,687.5423060693106,693.9747512796714,686.4652913399738,692.0599975585938,73885200,0.48,-0.16999999999999998,1.09,-0.21,-0.02,606.7748955946631,615.6837064208919,604.3080353554789,613.54638671875,56797600,0.77,-0.35000000000000003,1.87,-1.8900000000000001,-1.97,498.2015929377191,500.2437884902594,496.4084737999457,499.307373046875,6414800,0.04,-0.18,0.77,1.46,1.29,17.360000610351562,-14.78,1
2026-02-10,693.0572335194393,694.64286887948,689.7761552680904,690.2349243164062,65185700,-0.26,0.13999999999999999,0.7000000000000001,0.38,-0.44,614.5351423104305,616.2430108652889,610.2405694597212,610.699951171875,53938900,-0.45999999999999996,0.16,0.98,-0.8200000000000001,-2.5,500.4230951453353,503.3717914393839,499.34722974113,499.9847717285156,8163100,0.13999999999999999,0.22,0.8099999999999999,1.95,1.25,17.790000915527344,2.48,-1
2026-02-11,694.4933668556342,695.2413241987686,687.3029816841566,690.075439453125,76353900,-0.02,0.62,1.15,0.84,-0.26,615.6037921922693,616.7423712103644,606.9247331463698,612.337890625,58575100,0.27,0.8,1.6099999999999999,1.22,-2.1,502.28594605031986,503.1924771744112,497.22534450609066,499.41693115234375,5743800,-0.11,0.45999999999999996,1.1900000000000002,1.3299999999999998,1.95,17.649999618530273,-0.79,-1
2026-02-12,692.3491972008484,693.4561594586687,678.5169776231163,679.41455078125,118829000,-1.54,0.33,2.16,0.54,-1.32,613.9358943887876,615.0344847338599,598.8149461335121,599.8836059570312,81378900,-2.03,0.26,2.65,0.6,-3.05,501.21005669168386,502.61467976834956,492.4336781554349,492.7823486328125,9160300,-1.3299999999999998,0.36,2.04,1.18,0.67,20.81999969482422,17.96,-1
2026-02-13,679.833354327075,684.410879804094,675.6747287653898,679.8931884765625,96267500,0.06999999999999999,0.06,1.29,-1.28,-1.52,599.673873409497,605.7162424752422,595.6689134343201,601.1619873046875,69237500,0.21,-0.03,1.67,-1.27,-3.19,493.15097071748244,495.8805053419871,489.3256275353253,493.3900451660156,8378100,0.12,0.06999999999999999,1.3299999999999998,-1.15,0.2,20.600000381469727,-1.06,1
2026-02-17,678.287593220413,683.074507822494,673.9394826742099,680.9901733398438,81354700,0.16,-0.24,1.34,-1.6,-1.27,597.626419057608,603.1894116444834,592.5927882610704,600.542724609375,69013800,-0.1,-0.59,1.76,-2.12,-3.2099999999999995,493.439850560098,495.67132358829923,490.2321365831142,493.9578857421875,6779400,0.12,0.01,1.0999999999999999,-1.0699999999999998,0.49,20.290000915527344,-1.5,1
2026-02-18,682.157061237011,687.2730943282486,680.9702998190471,684.4208374023438,73570300,0.5,0.16999999999999998,0.9299999999999999,-0.84,1.29,601.3517411914925,609.0021290003773,599.9634770047899,605.027099609375,64250700,0.75,0.13,1.51,-0.9299999999999999,-0.37,494.884323394951,497.43455219399783,492.76244645173915,495.1034851074219,4454300,0.22999999999999998,0.19,0.95,-0.98,2.5,19.6200008392334,-3.3000000000000003,1
2026-02-19,681.9775120282383,684.311104689823,679.6937101433548,682.61572265625,58649400,-0.26,-0.36,0.67,-1.08,-0.13,602.0508799312083,605.0570991965415,599.993476524114,602.7100219726562,60960800,-0.38,-0.49,0.84,-1.5699999999999998,-2.08,493.6689591060582,494.5954029645032,490.5309854687006,492.49346923828125,4625400,-0.53,-0.29,0.8200000000000001,-1.39,0.73,20.229999542236328,3.11,-1
2026-02-20,680.4616860592505,688.1805961724377,679.8732661615737,687.5523071289062,100034000,0.72,-0.32,1.22,1.2,0.06999999999999999,599.3642756707148,609.581373723881,598.4753818004266,608.0433349609375,74127300,0.88,-0.5599999999999999,1.8399999999999999,1.3599999999999999,-1.9300000000000002,491.26965880784104,495.7181471385556,490.12263095354353,494.8005065917969,6086800,0.47000000000000003,-0.25,1.1400000000000001,0.41000000000000003,0.61,19.09000015258789,-5.64,1
2026-02-23,685.9566804858357,688.1207533479937,678.5169762252317,680.531494140625,90558100,-1.02,-0.22999999999999998,1.4000000000000001,0.09,-0.9900000000000001,605.8460514657053,607.2443127599432,598.2955745850619,600.652587890625,63859100,-1.22,-0.36,1.47,-0.08,-3.42,493.22459413704314,495.7081622315928,485.89354504237923,486.7513427734375,8269200,-1.63,-0.32,1.9800000000000002,-1.35,-0.47000000000000003,21.010000228881836,10.059999999999999,-1
2026-02-24,680.0427976196477,686.4751816677359,678.1479481229125,685.4779052734375,73798700,0.73,-0.06999999999999999,1.22,0.66,-0.7799999999999999,601.6414099286677,608.2230768722754,598.9747284234804,607.1044921875,55023700,1.0699999999999998,0.16,1.54,1.09,-2.81,487.1303816562155,491.57887010710976,486.19280362573585,490.5216064453125,5335000,0.77,0.08,1.11,-0.7000000000000001,-0.33999999999999997,19.549999237060547,-6.950000000000001,1
2026-02-25,688.3002642742074,691.7907319065998,688.2204651135966,691.26220703125,56369500,0.84,0.41000000000000003,0.52,1.0,-0.33999999999999997,610.3004608891118,616.053216829597,610.2305417280922,615.9033813476562,55710700,1.4500000000000002,0.53,0.96,1.7999999999999998,-2.29,492.35685947698437,493.85299075326446,490.6313104470152,493.5437927246094,4446200,0.62,0.37,0.66,-0.32,1.0999999999999999,17.93000030517578,-8.290000000000001,1
2026-02-26,691.391808867856,691.4117130049051,682.486077089091,687.422607421875,71671000,-0.5599999999999999,0.02,1.29,0.7000000000000001,-0.88,614.8148183820397,614.8148183820397,603.2193924504018,608.4727783203125,96178900,-1.21,-0.18,1.8800000000000001,0.96,-3.7900000000000005,495.71814383112724,496.9250144914147,490.97041102301125,493.5836486816406,6467000,0.01,0.44,1.21,0.22,1.09,18.6299991607666,3.9,-1
2026-02-27,681.2295779636313,684.9892686841309,679.7835149777827,684.1216430664062,83308900,-0.48,-0.8999999999999999,0.76,-0.5,-1.16,602.2206376135266,607.5539396831472,601.4316544188312,606.5252075195312,68125200,-0.32,-1.03,1.01,-0.25,-3.52,488.36714280305193,489.683745541812,485.5045500263388,488.3970642089844,7198400,-1.05,-1.06,0.8500000000000001,-1.29,0.01,19.860000610351562,6.6000000000000005,-1
2026-03-02,676.8515442239554,686.744509644098,676.1734035367807,684.5106201171875,87477200,0.06,-1.06,1.55,0.58,-0.8099999999999999,598.1058012495889,609.1518702196468,597.2369017749593,607.32421875,75264600,0.13,-1.39,1.96,1.11,-2.22,483.09079137648536,489.7136801643593,482.9012789875098,487.9183044433594,7218500,-0.1,-1.09,1.39,0.24,0.15,21.440000534057617,7.960000000000001,1
2026-03-03,673.221445388408,680.7508704958498,667.8361281509542,678.4771118164062,105003100,-0.88,-1.6500000000000001,1.8900000000000001,-1.02,-2.17,595.5790600436336,603.1994564784976,591.1246545665933,600.8224487304688,97015500,-1.0699999999999998,-1.9300000000000002,1.9900000000000002,-1.03,-3.92,478.9216000730212,486.1329637928416,475.5004538551036,484.26776123046875,11570700,-0.75,-1.8399999999999999,2.18,-1.27,-1.6,23.56999969482422,9.93,-1
2026-03-04,679.7735096903759,685.2186606854194,677.7689744100875,683.2639770507812,79182200,0.7100000000000001,0.19,1.0999999999999999,-1.16,-0.64,603.3991678160902,612.108218610738,602.6701065956436,609.9808959960938,70943900,1.52,0.43,1.5699999999999998,-0.96,-0.9400000000000001,485.3050758741964,487.76870653811744,482.7018221224984,486.4820251464844,7590700,0.45999999999999996,0.21,1.05,-1.43,-0.8099999999999999,21.149999618530273,-10.27,1
2026-03-05,680.2223290726917,683.6629449535216,673.7699188745959,679.4544067382812,106606500,-0.5599999999999999,-0.44999999999999996,1.4500000000000002,-1.16,-0.7100000000000001,606.6350803018902,611.9883154244911,601.5015388569162,608.1431274414062,89602400,-0.3,-0.5499999999999999,1.72,-0.05,0.52,482.5721321623166,484.23780782977343,474.92190133782935,478.6023864746094,8758600,-1.6199999999999999,-0.8,1.91,-3.04,-2.8899999999999997,23.75,12.29,-1
2026-03-06,671.5758690877306,674.2685275228549,667.9358467743081,670.5487060546875,100687000,-1.31,-1.16,0.9299999999999999,-1.9800000000000002,-0.77,599.5539822531658,605.2368188486739,597.5764953219963,598.9946899414062,86302300,-1.5,-1.41,1.26,-1.24,0.45999999999999996,472.4981878134394,475.00172378953454,469.24658622908015,474.0043029785156,8206100,-0.96,-1.28,1.2,-2.9499999999999997,-2.68,29.489999771118164,24.169999999999998,-1
2026-03-09,664.5750801817165,678.0681991431876,660.5859743093405,676.4227294921875,102667700,0.88,-0.89,2.6100000000000003,-1.18,-1.79,593.4816386137257,608.5027370453225,590.5853272955466,606.99462890625,93068200,1.34,-0.9199999999999999,2.9899999999999998,-0.05,-0.31,469.66551527651615,478.143592150568,465.47633570437887,476.6474609375,10305600,0.5599999999999999,-0.9199999999999999,2.67,-2.31,-4.5,25.5,-13.530000000000001,1
2026-03-10,675.87413967305,681.4987932365287,672.9222404542279,675.3356323242188,81505300,-0.16,-0.08,1.27,-0.45999999999999996,-2.42,607.0146358319374,612.5176457382476,604.65756151405,607.004638671875,64078900,0.0,0.0,1.29,1.03,-1.0699999999999998,476.5078009412129,481.62457449062293,473.78486165129004,476.4679260253906,6265600,-0.04,-0.03,1.6400000000000001,-1.6099999999999999,-4.569999999999999,24.93000030517578,-2.2399999999999998,-1
2026-03-11,675.7345715953234,678.2277626375325,671.5061293267642,674.4879760742188,68441700,-0.13,0.06,1.0,-1.28,-2.2800000000000002,608.1831666985171,611.6587648578186,604.2681201890963,606.9247436523438,60114800,-0.01,0.19,1.22,-0.5,-0.62,476.16867383109326,476.5377146491234,471.24141274747285,473.5853576660156,6701700,-0.6,-0.06,1.11,-2.65,-5.28,24.229999542236328,-2.81,-1
2026-03-12,669.3319958917509,669.8207124533001,664.0564256954588,664.2459106445312,108882200,-1.52,-0.76,0.8500000000000001,-2.2399999999999998,-3.74,602.0009473234562,603.3792143506387,596.2981160455262,596.5078735351562,71836600,-1.72,-0.8099999999999999,1.17,-1.91,-2.59,469.12690090287487,470.2639752388222,466.2044652300432,466.2742919921875,8000200,-1.54,-0.9400000000000001,0.86,-2.58,-6.64,27.290000915527344,12.629999999999999,-1
2026-03-13,667.4472371497842,670.5088831921612,659.5587462493693,660.4862060546875,97200200,-0.5700000000000001,0.48,1.6500000000000001,-1.5,-2.79,598.9747313072235,602.8398528802119,591.8237748266745,592.9722900390625,63145500,-0.59,0.41000000000000003,1.8499999999999999,-1.01,-1.15,468.7279561464849,470.8823888326781,464.57868176257983,465.2070617675781,7471700,-0.22999999999999998,0.53,1.35,-1.8599999999999999,-5.6000000000000005,27.190000534057617,-0.37,-1
2026-03-16,666.5596317087426,670.239584206393,665.3030536555561,667.2078857421875,82023100,1.02,0.9199999999999999,0.75,-1.3599999999999999,-1.87,599.2843027330098,603.099499235842,598.3554812666724,599.6239013671875,49077200,1.1199999999999999,1.06,0.8,-1.21,-0.26,468.8576183045049,471.4808399656865,467.77043324912756,469.0870056152344,7059900,0.83,0.7799999999999999,0.8,-1.59,-4.93,23.510000228881836,-13.530000000000001,1
2026-03-17,670.5586914524959,672.60309589337,667.8760155087483,668.9630126953125,87128000,0.26,0.5,0.7100000000000001,-0.9400000000000001,-1.77,602.3804630878033,605.1369970937805,601.1120429286618,602.5502319335938,47106600,0.49,0.45999999999999996,0.67,-0.73,0.33,472.15903922119116,473.9045255326412,469.41613216034114,469.6854248046875,6189400,0.13,0.65,0.96,-1.4200000000000002,-4.91,22.3700008392334,-4.8500000000000005,1
2026-03-18,666.5396583763402,667.8959397089973,659.3892034355257,659.6285400390625,82062600,-1.4000000000000001,-0.36,1.27,-2.1999999999999997,-3.62,600.7325461165636,602.400426051188,593.8112802396884,594.15087890625,56128000,-1.39,-0.3,1.43,-2.1,-1.7999999999999998,467.560954434942,468.5384378124262,461.5664759077148,461.80584716796875,7090700,-1.68,-0.44999999999999996,1.48,-2.4899999999999998,-6.7299999999999995,25.09000015258789,12.16,-1
2026-03-19,655.1806813207687,661.1743225351036,653.3855958813168,658.0029907226562,111272500,-0.25,-0.67,1.18,-0.9400000000000001,-3.61,588.7676039624899,595.0496606380132,586.3406715242521,592.273193359375,75597600,-0.32,-0.91,1.47,-0.7100000000000001,-1.73,458.7836645474934,462.1748893124314,456.9783352639534,459.870849609375,7882800,-0.42,-0.65,1.13,-1.37,-6.619999999999999,24.059999465942383,-4.109999999999999,-1
2026-03-20,656.510009765625,656.6900024414062,644.719970703125,648.5700073242188,163617500,-1.43,-0.22999999999999998,1.82,-1.7999999999999998,-5.67,590.3156309505814,590.4254777892629,577.8113788279011,581.3269653320312,91964700,-1.8499999999999999,-0.33,2.13,-1.96,-4.390000000000001,458.5354163589037,460.37463216490573,453.3476155318834,455.6966247558594,10543300,-0.91,-0.29,1.53,-2.04,-7.9,26.780000686645508,11.31,-1
2026-03-23,658.0700073242188,662.6199951171875,653.9400024414062,655.3800048828125,134802700,1.05,1.46,1.34,-1.77,-3.6999999999999997,590.52001953125,595.0800170898438,585.9600219726562,588.0,89936100,1.15,1.58,1.5699999999999998,-1.94,-2.11,463.103439679272,466.8418737831713,460.7244749826853,461.7740173339844,9978100,1.3299999999999998,1.63,1.34,-1.5599999999999998,-5.13,26.149999618530273,-2.35,1
2026-03-24,651.3200073242188,657.030029296875,649.8800048828125,653.1799926757812,96457500,-0.33999999999999997,-0.62,1.09,-2.36,-4.71,584.8099975585938,587.9299926757812,581.9299926757812,583.97998046875,57750900,-0.6799999999999999,-0.54,1.02,-3.08,-3.81,458.22556223848244,463.7432098002174,457.24596695019585,460.9743957519531,8188000,-0.16999999999999998,-0.77,1.41,-1.8499999999999999,-6.02,26.950000762939453,3.06,-1
2026-03-25,658.6699829101562,660.8900146484375,654.239990234375,656.8200073242188,90653800,0.5599999999999999,0.84,1.02,-0.43,-4.9799999999999995,589.1400146484375,591.3699951171875,585.6900024414062,587.8200073242188,60475500,0.66,0.88,0.97,-1.0699999999999998,-4.5600000000000005,465.53243705738345,467.04177573573196,461.6040810748648,463.943115234375,7019700,0.64,0.9900000000000001,1.18,0.45999999999999996,-6.0,25.329999923706055,-6.01,1
2026-03-26,652.0599975585938,654.8499755859375,644.8200073242188,645.0900268554688,96494400,-1.79,-0.72,1.53,-1.96,-6.16,582.5999755859375,584.6300048828125,573.4299926757812,573.7899780273438,81492100,-2.39,-0.89,1.91,-3.1199999999999997,-5.7,461.3442077629926,465.2325416318586,458.7453046694407,459.1151428222656,8284000,-1.04,-0.5599999999999999,1.4000000000000001,-0.16,-6.98,27.440000534057617,8.33,-1
2026-03-27,642.5,642.6599731445312,633.1099853515625,634.0900268554688,103649400,-1.71,-0.4,1.48,-2.23,-7.31,570.8099975585938,571.02001953125,561.5700073242188,562.5800170898438,82702200,-1.95,-0.52,1.6500000000000001,-3.2199999999999998,-7.249999999999999,457.16598576829176,457.305941026349,450.2989047149325,451.19854736328125,6938500,-1.72,-0.42,1.53,-0.9900000000000001,-7.62,31.049999237060547,13.16,-1
2026-03-30,640.1099853515625,640.3699951171875,629.280029296875,631.969970703125,99275900,-0.33,0.95,1.7500000000000002,-3.5700000000000003,-7.68,567.3800048828125,568.0499877929688,555.5999755859375,558.280029296875,70602600,-0.76,0.8500000000000001,2.21,-5.050000000000001,-8.08,455.40673190353004,455.9265003279586,450.248917213252,451.86822509765625,9181600,0.15,0.9299999999999999,1.26,-2.15,-7.39,30.610000610351562,-1.4200000000000002,-1
2026-03-31,638.9400024414062,651.5399780273438,637.97998046875,650.3400268554688,152534100,2.91,1.0999999999999999,2.15,-0.43,-4.15,564.2899780273438,578.6400146484375,564.2100219726562,577.1799926757812,95878000,3.39,1.08,2.58,-1.16,-3.94,456.6162015119783,463.6232373668164,454.4771252431767,462.9934997558594,11656300,2.46,1.05,2.02,0.44,-4.390000000000001,25.25,-17.51,1
2026-04-01,653.9000244140625,658.52001953125,653.0,655.239990234375,97841500,0.75,0.5499999999999999,0.8500000000000001,-0.24,-4.1000000000000005,581.47998046875,587.739990234375,580.4199829101562,584.3099975585938,79435100,1.24,0.74,1.27,-0.6,-4.21,465.8023306990058,467.70151865028544,464.3029669735798,465.2825622558594,7790300,0.49,0.61,0.73,0.29,-4.36,24.540000915527344,-2.81,1
2026-04-02,646.4199829101562,658.2000122070312,645.1099853515625,655.8300170898438,68358700,0.09,-1.35,2.0,1.66,-3.4799999999999995,573.969970703125,586.0499877929688,571.9199829101562,584.97998046875,50941700,0.11,-1.77,2.42,1.95,-3.81,459.9647862833456,467.32164924913656,458.6853305282241,464.8627014160156,3955900,-0.09,-1.1400000000000001,1.8599999999999999,1.25,-2.87,23.8700008392334,-2.73,1
2026-04-06,655.8599853515625,659.719970703125,655.52001953125,658.9299926757812,39105800,0.47000000000000003,0.0,0.64,3.92,-1.73,586.22998046875,590.6099853515625,584.6900024414062,588.5,35108500,0.6,0.21,1.01,4.61,-1.7500000000000002,463.96311273868736,466.82188491989393,463.2633974681624,466.5719909667969,2905300,0.37,-0.19,0.77,3.4099999999999997,-1.5699999999999998,24.170000076293945,1.26,1
2026-04-07,656.6500244140625,659.6099853515625,651.0599975585938,659.219970703125,69980400,0.04,-0.35000000000000003,1.3,4.31,-2.54,585.6400146484375,588.97998046875,578.4000244140625,588.5900268554688,49948200,0.02,-0.49,1.7999999999999998,5.43,-3.0300000000000002,465.5524233136792,466.11218331465193,461.913952802724,465.682373046875,3943200,-0.19,-0.22,0.8999999999999999,3.06,-2.3,25.780000686645508,6.660000000000001,1
2026-04-08,676.3900146484375,677.0800170898438,671.4600219726562,676.010009765625,93606100,2.55,2.6,0.8500000000000001,3.95,0.1,608.7100219726562,609.9000244140625,602.1199951171875,606.0900268554688,63086000,2.97,3.42,1.32,5.01,-0.15,478.6768460808724,479.9962934086331,475.35824722788556,478.95672607421875,4697500,2.85,2.79,1.0,3.45,0.52,21.040000915527344,-18.39,1
2026-04-09,674.8400268554688,681.1599731445312,673.77001953125,679.9099731445312,57134400,0.58,-0.16999999999999998,1.09,3.7699999999999996,0.8,605.9299926757812,610.5,603.030029296875,610.1900024414062,37837500,0.6799999999999999,-0.03,1.23,4.43,0.54,477.2874238418865,483.06497056244865,476.80764699606897,481.695556640625,4213700,0.5700000000000001,-0.35000000000000003,1.31,3.53,1.71,19.489999771118164,-7.37,1
2026-04-10,681.3200073242188,682.030029296875,678.4500122070312,679.4600219726562,42253500,-0.06999999999999999,0.21,0.53,3.5999999999999996,2.29,611.8400268554688,613.6699829101562,609.5800170898438,611.0700073242188,34038500,0.13999999999999999,0.27,0.67,4.46,2.44,481.995452643257,482.19534949619805,478.4269597925398,479.04669189453125,2659000,-0.5499999999999999,0.06,0.7799999999999999,3.05,2.74,19.229999542236328,-1.3299999999999998,-1
2026-04-13,677.4099731445312,686.2999877929688,676.5800170898438,686.0999755859375,54185800,0.98,-0.3,1.43,4.12,3.88,609.47998046875,626.739990234375,608.1099853515625,617.3900146484375,32972100,1.03,-0.26,3.05,4.91,4.12,475.8980353362254,482.07540634041123,474.9484261426197,481.92547607421875,3768700,0.6,-0.66,1.49,3.29,3.5900000000000003,19.1200008392334,-0.5700000000000001,1
2026-04-14,687.6900024414062,694.5800170898438,687.6599731445312,694.4600219726562,63480500,1.22,0.22999999999999998,1.01,5.35,4.08,620.219970703125,628.5999755859375,620.0999755859375,628.5999755859375,49921100,1.82,0.45999999999999996,1.38,6.800000000000001,4.83,482.20534717362324,485.7638344472025,481.6555622015544,485.2840270996094,4217900,0.7000000000000001,0.06,0.8500000000000001,4.21,3.45,18.360000610351562,-3.9699999999999998,1
2026-04-15,695.260009765625,700.280029296875,694.2000122070312,699.9400024414062,58240400,0.79,0.12,0.88,3.54,4.63,629.0800170898438,637.8300170898438,628.2000122070312,637.4000244140625,50102400,1.4000000000000001,0.08,1.53,5.17,5.779999999999999,486.3036229685572,486.8733579801984,482.6551469642559,484.5143737792969,3474500,-0.16,0.21,0.8699999999999999,1.16,3.16,18.170000076293945,-1.03,1
2026-04-16,701.0599975585938,702.780029296875,698.530029296875,701.6599731445312,49972400,0.25,0.16,0.61,3.2,6.370000000000001,639.2100219726562,642.1799926757812,635.260009765625,640.469970703125,42320600,0.48,0.27999999999999997,1.09,4.96,7.8,485.61393307698495,486.5735173246334,483.1449795769079,485.42401123046875,4111500,0.19,0.22999999999999998,0.7100000000000001,0.77,5.11,17.940000534057617,-1.27,1
2026-04-17,706.1400146484375,712.3900146484375,705.760009765625,710.1400146484375,70661900,1.21,0.64,0.9400000000000001,4.52,7.920000000000001,645.5900268554688,650.0,644.0700073242188,648.8499755859375,53488900,1.31,0.8,0.9299999999999999,6.18,9.55,490.6700134277344,497.0400085449219,490.3599853515625,494.2200012207031,10238700,1.81,1.08,1.38,3.17,7.470000000000001,17.479999542236328,-2.56,1
2026-04-20,708.780029296875,709.9099731445312,706.1400146484375,708.719970703125,43546800,-0.2,-0.19,0.53,3.3000000000000003,9.27,648.0399780273438,648.760009765625,642.52001953125,646.7899780273438,37138500,-0.32,-0.12,0.96,4.760000000000001,11.26,493.45001220703125,494.7799987792969,492.30999755859375,494.3299865722656,3764000,0.02,-0.16,0.5,2.5700000000000003,8.48,18.8700008392334,7.95,-1
2026-04-21,710.280029296875,711.280029296875,702.6400146484375,704.0800170898438,58941400,-0.65,0.22,1.22,1.39,7.430000000000001,648.4099731445312,650.2000122070312,642.2100219726562,644.3300170898438,39580500,-0.38,0.25,1.24,2.5,9.58,497.239990234375,498.3800048828125,490.32000732421875,491.3599853515625,4322200,-0.6,0.59,1.63,1.25,6.41,19.5,3.34,-1
2026-04-22,709.1500244140625,711.4500122070312,708.219970703125,711.2100219726562,42518500,1.01,0.72,0.45999999999999996,1.6099999999999999,8.88,650.1500244140625,655.3300170898438,648.52001953125,655.1099853515625,37368400,1.67,0.8999999999999999,1.06,2.78,12.18,495.32000732421875,496.1400146484375,493.2300109863281,494.760009765625,4022400,0.69,0.8099999999999999,0.59,2.11,7.33,18.920000076293945,-2.97,1
2026-04-23,709.5,712.3599853515625,702.280029296875,708.4500122070312,56174000,-0.38999999999999996,-0.24,1.4200000000000002,0.97,7.86,653.5499877929688,656.9199829101562,645.52001953125,651.4199829101562,40099800,-0.5599999999999999,-0.24,1.7399999999999998,1.71,10.82,492.54998779296875,495.1300048828125,488.510009765625,493.0,4077300,-0.36,-0.44999999999999996,1.34,1.5599999999999998,6.260000000000001,19.309999465942383,2.06,-1
